ISO-10303-21;
HEADER;
/* Generated by software containing ST-Developer
 * from STEP Tools, Inc. (www.steptools.com) 
 */

FILE_DESCRIPTION(
/* description */ (''),
/* implementation_level */ '2;1');

FILE_NAME(
/* name */ 'handle v4.step',
/* time_stamp */ '2025-04-23T18:06:09-06:00',
/* author */ (''),
/* organization */ (''),
/* preprocessor_version */ 'ST-DEVELOPER v20.1',
/* originating_system */ 'Autodesk Translation Framework v14.4.0.0',
/* authorisation */ '');

FILE_SCHEMA (('AUTOMOTIVE_DESIGN { 1 0 10303 214 3 1 1 }'));
ENDSEC;

DATA;
#10=MECHANICAL_DESIGN_GEOMETRIC_PRESENTATION_REPRESENTATION('',(#13),#3611);
#11=SHAPE_REPRESENTATION_RELATIONSHIP('SRR','None',#3618,#12);
#12=ADVANCED_BREP_SHAPE_REPRESENTATION('',(#14),#3610);
#13=STYLED_ITEM('',(#3627),#14);
#14=MANIFOLD_SOLID_BREP('Body1',#1743);
#15=TOROIDAL_SURFACE('',#1810,6.,3.);
#16=TOROIDAL_SURFACE('',#1814,6.,3.);
#17=TOROIDAL_SURFACE('',#1820,6.,3.);
#18=TOROIDAL_SURFACE('',#1823,6.00000000000001,3.00000000000001);
#19=TOROIDAL_SURFACE('',#1828,6.,3.);
#20=TOROIDAL_SURFACE('',#1834,6.,3.);
#21=TOROIDAL_SURFACE('',#1839,6.00000000000001,3.);
#22=TOROIDAL_SURFACE('',#1920,6.,3.);
#23=TOROIDAL_SURFACE('',#1924,6.,3.);
#24=TOROIDAL_SURFACE('',#1930,6.,3.);
#25=TOROIDAL_SURFACE('',#1933,6.00000000000001,3.00000000000001);
#26=TOROIDAL_SURFACE('',#1938,6.,3.);
#27=TOROIDAL_SURFACE('',#1944,6.,3.);
#28=TOROIDAL_SURFACE('',#1949,6.00000000000001,3.);
#29=B_SPLINE_SURFACE_WITH_KNOTS('',3,3,((#2687,#2688,#2689,#2690,#2691,
#2692,#2693),(#2694,#2695,#2696,#2697,#2698,#2699,#2700),(#2701,#2702,#2703,
#2704,#2705,#2706,#2707),(#2708,#2709,#2710,#2711,#2712,#2713,#2714),(#2715,
#2716,#2717,#2718,#2719,#2720,#2721)),.UNSPECIFIED.,.F.,.F.,.F.,(4,1,4),
(4,1,1,1,4),(0.,0.571428571428571,1.),(-1.5707963267949,-1.12199737628207,
-0.67319842576924,-0.224399475256413,6.68847437884481E-16),
 .UNSPECIFIED.);
#30=B_SPLINE_SURFACE_WITH_KNOTS('',3,3,((#2773,#2774,#2775,#2776,#2777,
#2778,#2779,#2780,#2781,#2782,#2783,#2784,#2785,#2786,#2787,#2788),(#2789,
#2790,#2791,#2792,#2793,#2794,#2795,#2796,#2797,#2798,#2799,#2800,#2801,
#2802,#2803,#2804),(#2805,#2806,#2807,#2808,#2809,#2810,#2811,#2812,#2813,
#2814,#2815,#2816,#2817,#2818,#2819,#2820),(#2821,#2822,#2823,#2824,#2825,
#2826,#2827,#2828,#2829,#2830,#2831,#2832,#2833,#2834,#2835,#2836),(#2837,
#2838,#2839,#2840,#2841,#2842,#2843,#2844,#2845,#2846,#2847,#2848,#2849,
#2850,#2851,#2852)),.UNSPECIFIED.,.F.,.F.,.F.,(4,1,4),(4,1,1,1,1,1,1,1,
1,1,1,1,1,4),(0.,0.571428571428571,1.),(0.,0.0044946923367517,0.00898938467350341,
0.0179787693470068,0.0359575386940136,0.0539363080410204,0.0719150773880272,
0.107872616082041,0.143830154776054,0.431490464328163,0.719150773880272,
0.862980928656327,0.934896006044354,1.00681108343238),.UNSPECIFIED.);
#31=B_SPLINE_SURFACE_WITH_KNOTS('',3,3,((#2892,#2893,#2894,#2895,#2896,
#2897,#2898,#2899,#2900,#2901,#2902,#2903,#2904,#2905,#2906,#2907),(#2908,
#2909,#2910,#2911,#2912,#2913,#2914,#2915,#2916,#2917,#2918,#2919,#2920,
#2921,#2922,#2923),(#2924,#2925,#2926,#2927,#2928,#2929,#2930,#2931,#2932,
#2933,#2934,#2935,#2936,#2937,#2938,#2939),(#2940,#2941,#2942,#2943,#2944,
#2945,#2946,#2947,#2948,#2949,#2950,#2951,#2952,#2953,#2954,#2955),(#2956,
#2957,#2958,#2959,#2960,#2961,#2962,#2963,#2964,#2965,#2966,#2967,#2968,
#2969,#2970,#2971)),.UNSPECIFIED.,.F.,.F.,.F.,(4,1,4),(4,1,1,1,1,1,1,1,
1,1,1,1,1,4),(0.,0.571428571428571,1.),(0.,0.00449417642537081,0.00898835285074162,
0.0179767057014832,0.0359534114029665,0.0539301171044497,0.0719068228059329,
0.107860234208899,0.143813645611866,0.431440936835598,0.719068228059329,
0.862881873671195,0.934788696477128,1.00669551928306),.UNSPECIFIED.);
#32=B_SPLINE_SURFACE_WITH_KNOTS('',3,3,((#3225,#3226,#3227,#3228,#3229,
#3230,#3231),(#3232,#3233,#3234,#3235,#3236,#3237,#3238),(#3239,#3240,#3241,
#3242,#3243,#3244,#3245),(#3246,#3247,#3248,#3249,#3250,#3251,#3252),(#3253,
#3254,#3255,#3256,#3257,#3258,#3259)),.UNSPECIFIED.,.F.,.F.,.F.,(4,1,4),
(4,1,1,1,4),(0.,0.571428571428571,1.),(-1.5707963267949,-1.12199737628207,
-0.67319842576924,-0.224399475256413,6.68847437884481E-16),
 .UNSPECIFIED.);
#33=B_SPLINE_SURFACE_WITH_KNOTS('',3,3,((#3311,#3312,#3313,#3314,#3315,
#3316,#3317,#3318,#3319,#3320,#3321,#3322,#3323,#3324,#3325,#3326),(#3327,
#3328,#3329,#3330,#3331,#3332,#3333,#3334,#3335,#3336,#3337,#3338,#3339,
#3340,#3341,#3342),(#3343,#3344,#3345,#3346,#3347,#3348,#3349,#3350,#3351,
#3352,#3353,#3354,#3355,#3356,#3357,#3358),(#3359,#3360,#3361,#3362,#3363,
#3364,#3365,#3366,#3367,#3368,#3369,#3370,#3371,#3372,#3373,#3374),(#3375,
#3376,#3377,#3378,#3379,#3380,#3381,#3382,#3383,#3384,#3385,#3386,#3387,
#3388,#3389,#3390)),.UNSPECIFIED.,.F.,.F.,.F.,(4,1,4),(4,1,1,1,1,1,1,1,
1,1,1,1,1,4),(0.,0.571428571428571,1.),(0.,0.0044946923367517,0.00898938467350341,
0.0179787693470068,0.0359575386940136,0.0539363080410204,0.0719150773880272,
0.107872616082041,0.143830154776054,0.431490464328163,0.719150773880272,
0.862980928656327,0.934896006044354,1.00681108343238),.UNSPECIFIED.);
#34=B_SPLINE_SURFACE_WITH_KNOTS('',3,3,((#3430,#3431,#3432,#3433,#3434,
#3435,#3436,#3437,#3438,#3439,#3440,#3441,#3442,#3443,#3444,#3445),(#3446,
#3447,#3448,#3449,#3450,#3451,#3452,#3453,#3454,#3455,#3456,#3457,#3458,
#3459,#3460,#3461),(#3462,#3463,#3464,#3465,#3466,#3467,#3468,#3469,#3470,
#3471,#3472,#3473,#3474,#3475,#3476,#3477),(#3478,#3479,#3480,#3481,#3482,
#3483,#3484,#3485,#3486,#3487,#3488,#3489,#3490,#3491,#3492,#3493),(#3494,
#3495,#3496,#3497,#3498,#3499,#3500,#3501,#3502,#3503,#3504,#3505,#3506,
#3507,#3508,#3509)),.UNSPECIFIED.,.F.,.F.,.F.,(4,1,4),(4,1,1,1,1,1,1,1,
1,1,1,1,1,4),(0.,0.571428571428571,1.),(0.,0.00449417642537081,0.00898835285074162,
0.0179767057014832,0.0359534114029665,0.0539301171044497,0.0719068228059329,
0.107860234208899,0.143813645611866,0.431440936835598,0.719068228059329,
0.862881873671195,0.934788696477128,1.00669551928306),.UNSPECIFIED.);
#35=FACE_BOUND('',#518,.T.);
#36=FACE_BOUND('',#551,.T.);
#37=FACE_BOUND('',#552,.T.);
#38=FACE_BOUND('',#553,.T.);
#39=FACE_BOUND('',#554,.T.);
#40=FACE_BOUND('',#577,.T.);
#41=FACE_BOUND('',#613,.T.);
#42=FACE_BOUND('',#614,.T.);
#43=FACE_BOUND('',#615,.T.);
#44=FACE_BOUND('',#616,.T.);
#45=B_SPLINE_CURVE_WITH_KNOTS('',3,(#2633,#2634,#2635,#2636,#2637,#2638,
#2639,#2640,#2641,#2642),.UNSPECIFIED.,.F.,.F.,(4,2,2,2,4),(0.,0.0324718616845365,
0.146180814087285,0.234877373076723,0.236073318433436),.UNSPECIFIED.);
#46=B_SPLINE_CURVE_WITH_KNOTS('',3,(#2652,#2653,#2654,#2655,#2656,#2657,
#2658,#2659,#2660,#2661),.UNSPECIFIED.,.F.,.F.,(4,2,2,2,4),(-0.000674924692855269,
0.,0.0405200420802762,0.052932276892911,0.134656176632439),
 .UNSPECIFIED.);
#47=B_SPLINE_CURVE_WITH_KNOTS('',3,(#2729,#2730,#2731,#2732,#2733,#2734,
#2735,#2736,#2737,#2738,#2739,#2740,#2741,#2742,#2743,#2744),
 .UNSPECIFIED.,.F.,.F.,(4,1,1,1,1,1,1,1,1,1,1,1,1,4),(-1.00681108343238,
-0.934896006044354,-0.862980928656327,-0.719150773880272,-0.431490464328163,
-0.143830154776054,-0.107872616082041,-0.0719150773880272,-0.0539363080410204,
-0.0359575386940136,-0.0179787693470068,-0.00898938467350341,-0.0044946923367517,
0.),.UNSPECIFIED.);
#48=B_SPLINE_CURVE_WITH_KNOTS('',3,(#2853,#2854,#2855,#2856,#2857,#2858,
#2859,#2860,#2861,#2862,#2863,#2864,#2865,#2866),.UNSPECIFIED.,.F.,.F.,
(4,1,1,1,1,1,1,1,1,1,1,4),(0.,0.0044946923367517,0.00898938467350341,0.0179787693470068,
0.0359575386940136,0.0539363080410204,0.0719150773880272,0.107872616082041,
0.143830154776054,0.431490464328163,0.719150773880272,0.782755424673299),
 .UNSPECIFIED.);
#49=B_SPLINE_CURVE_WITH_KNOTS('',3,(#2972,#2973,#2974,#2975,#2976,#2977,
#2978,#2979,#2980,#2981,#2982,#2983,#2984,#2985,#2986,#2987),
 .UNSPECIFIED.,.F.,.F.,(4,1,1,1,1,1,1,1,1,1,1,1,1,4),(0.,0.00449417642537081,
0.00898835285074162,0.0179767057014832,0.0359534114029665,0.0539301171044497,
0.0719068228059329,0.107860234208899,0.143813645611866,0.431440936835598,
0.719068228059329,0.862881873671195,0.934788696477128,1.00669551928306),
 .UNSPECIFIED.);
#50=B_SPLINE_CURVE_WITH_KNOTS('',3,(#2988,#2989,#2990,#2991,#2992,#2993,
#2994,#2995,#2996,#2997,#2998,#2999,#3000,#3001),.UNSPECIFIED.,.F.,.F.,
(4,1,1,1,1,1,1,1,1,1,1,4),(-0.782654306915545,-0.719068228059329,-0.431440936835598,
-0.143813645611866,-0.107860234208899,-0.0719068228059329,-0.0539301171044497,
-0.0359534114029665,-0.0179767057014832,-0.00898835285074162,-0.00449417642537081,
0.),.UNSPECIFIED.);
#51=B_SPLINE_CURVE_WITH_KNOTS('',3,(#3023,#3024,#3025,#3026,#3027,#3028,
#3029,#3030),.UNSPECIFIED.,.F.,.F.,(4,2,2,4),(0.394504240098351,0.447542989084582,
0.51083505599897,0.637419189827747),.UNSPECIFIED.);
#52=B_SPLINE_CURVE_WITH_KNOTS('',3,(#3033,#3034,#3035,#3036,#3037,#3038,
#3039,#3040),.UNSPECIFIED.,.F.,.F.,(4,2,2,4),(0.637419189827747,0.764003323656524,
0.827295390570912,0.880334139557142),.UNSPECIFIED.);
#53=B_SPLINE_CURVE_WITH_KNOTS('',3,(#3171,#3172,#3173,#3174,#3175,#3176,
#3177,#3178,#3179,#3180),.UNSPECIFIED.,.F.,.F.,(4,2,2,2,4),(-0.000674924692855269,
0.,0.0405200420802762,0.052932276892911,0.134656176632439),
 .UNSPECIFIED.);
#54=B_SPLINE_CURVE_WITH_KNOTS('',3,(#3190,#3191,#3192,#3193,#3194,#3195,
#3196,#3197,#3198,#3199),.UNSPECIFIED.,.F.,.F.,(4,2,2,2,4),(0.,0.0324718616845365,
0.146180814087285,0.234877373076723,0.236073318433436),.UNSPECIFIED.);
#55=B_SPLINE_CURVE_WITH_KNOTS('',3,(#3270,#3271,#3272,#3273,#3274,#3275,
#3276,#3277,#3278,#3279,#3280,#3281,#3282,#3283,#3284,#3285),
 .UNSPECIFIED.,.F.,.F.,(4,1,1,1,1,1,1,1,1,1,1,1,1,4),(-1.00681108343238,
-0.934896006044354,-0.862980928656327,-0.719150773880272,-0.431490464328163,
-0.143830154776054,-0.107872616082041,-0.0719150773880272,-0.0539363080410204,
-0.0359575386940136,-0.0179787693470068,-0.00898938467350341,-0.0044946923367517,
0.),.UNSPECIFIED.);
#56=B_SPLINE_CURVE_WITH_KNOTS('',3,(#3391,#3392,#3393,#3394,#3395,#3396,
#3397,#3398,#3399,#3400,#3401,#3402,#3403,#3404),.UNSPECIFIED.,.F.,.F.,
(4,1,1,1,1,1,1,1,1,1,1,4),(0.,0.0044946923367517,0.00898938467350341,0.0179787693470068,
0.0359575386940136,0.0539363080410204,0.0719150773880272,0.107872616082041,
0.143830154776054,0.431490464328163,0.719150773880272,0.782755424673299),
 .UNSPECIFIED.);
#57=B_SPLINE_CURVE_WITH_KNOTS('',3,(#3510,#3511,#3512,#3513,#3514,#3515,
#3516,#3517,#3518,#3519,#3520,#3521,#3522,#3523),.UNSPECIFIED.,.F.,.F.,
(4,1,1,1,1,1,1,1,1,1,1,4),(-0.782654306915545,-0.719068228059329,-0.431440936835598,
-0.143813645611866,-0.107860234208899,-0.0719068228059329,-0.0539301171044497,
-0.0359534114029665,-0.0179767057014832,-0.00898835285074162,-0.00449417642537081,
0.),.UNSPECIFIED.);
#58=B_SPLINE_CURVE_WITH_KNOTS('',3,(#3524,#3525,#3526,#3527,#3528,#3529,
#3530,#3531,#3532,#3533,#3534,#3535,#3536,#3537,#3538,#3539),
 .UNSPECIFIED.,.F.,.F.,(4,1,1,1,1,1,1,1,1,1,1,1,1,4),(0.,0.00449417642537081,
0.00898835285074162,0.0179767057014832,0.0359534114029665,0.0539301171044497,
0.0719068228059329,0.107860234208899,0.143813645611866,0.431440936835598,
0.719068228059329,0.862881873671195,0.934788696477128,1.00669551928306),
 .UNSPECIFIED.);
#59=B_SPLINE_CURVE_WITH_KNOTS('',3,(#3560,#3561,#3562,#3563,#3564,#3565,
#3566,#3567),.UNSPECIFIED.,.F.,.F.,(4,2,2,4),(0.637419189827747,0.764003323656524,
0.827295390570912,0.880334139557142),.UNSPECIFIED.);
#60=B_SPLINE_CURVE_WITH_KNOTS('',3,(#3570,#3571,#3572,#3573,#3574,#3575,
#3576,#3577),.UNSPECIFIED.,.F.,.F.,(4,2,2,4),(0.394504240098351,0.447542989084582,
0.51083505599897,0.637419189827747),.UNSPECIFIED.);
#61=PLANE('',#1794);
#62=PLANE('',#1796);
#63=PLANE('',#1797);
#64=PLANE('',#1798);
#65=PLANE('',#1803);
#66=PLANE('',#1809);
#67=PLANE('',#1849);
#68=PLANE('',#1858);
#69=PLANE('',#1859);
#70=PLANE('',#1860);
#71=PLANE('',#1861);
#72=PLANE('',#1866);
#73=PLANE('',#1904);
#74=PLANE('',#1906);
#75=PLANE('',#1907);
#76=PLANE('',#1908);
#77=PLANE('',#1913);
#78=PLANE('',#1919);
#79=PLANE('',#1959);
#80=PLANE('',#1968);
#81=PLANE('',#1969);
#82=PLANE('',#1978);
#83=ELLIPSE('',#1782,2.82842712474619,2.);
#84=ELLIPSE('',#1789,2.8284271247462,2.);
#85=ELLIPSE('',#1805,6.70820393249936,3.);
#86=ELLIPSE('',#1806,6.70820393249935,3.);
#87=ELLIPSE('',#1853,14.142135623731,10.);
#88=ELLIPSE('',#1855,14.142135623731,10.);
#89=ELLIPSE('',#1892,2.82842712474619,2.);
#90=ELLIPSE('',#1899,2.8284271247462,2.);
#91=ELLIPSE('',#1915,6.70820393249935,3.);
#92=ELLIPSE('',#1916,6.70820393249936,3.);
#93=ELLIPSE('',#1962,14.142135623731,10.);
#94=ELLIPSE('',#1965,14.142135623731,10.);
#95=LINE('',#2588,#213);
#96=LINE('',#2591,#214);
#97=LINE('',#2593,#215);
#98=LINE('',#2594,#216);
#99=LINE('',#2596,#217);
#100=LINE('',#2597,#218);
#101=LINE('',#2599,#219);
#102=LINE('',#2600,#220);
#103=LINE('',#2602,#221);
#104=LINE('',#2603,#222);
#105=LINE('',#2605,#223);
#106=LINE('',#2606,#224);
#107=LINE('',#2609,#225);
#108=LINE('',#2612,#226);
#109=LINE('',#2614,#227);
#110=LINE('',#2615,#228);
#111=LINE('',#2617,#229);
#112=LINE('',#2618,#230);
#113=LINE('',#2620,#231);
#114=LINE('',#2621,#232);
#115=LINE('',#2623,#233);
#116=LINE('',#2624,#234);
#117=LINE('',#2627,#235);
#118=LINE('',#2629,#236);
#119=LINE('',#2631,#237);
#120=LINE('',#2644,#238);
#121=LINE('',#2646,#239);
#122=LINE('',#2650,#240);
#123=LINE('',#2663,#241);
#124=LINE('',#2665,#242);
#125=LINE('',#2666,#243);
#126=LINE('',#2674,#244);
#127=LINE('',#2678,#245);
#128=LINE('',#2682,#246);
#129=LINE('',#2685,#247);
#130=LINE('',#2747,#248);
#131=LINE('',#2750,#249);
#132=LINE('',#2752,#250);
#133=LINE('',#2753,#251);
#134=LINE('',#2768,#252);
#135=LINE('',#2873,#253);
#136=LINE('',#2884,#254);
#137=LINE('',#2885,#255);
#138=LINE('',#3003,#256);
#139=LINE('',#3011,#257);
#140=LINE('',#3012,#258);
#141=LINE('',#3014,#259);
#142=LINE('',#3016,#260);
#143=LINE('',#3019,#261);
#144=LINE('',#3021,#262);
#145=LINE('',#3032,#263);
#146=LINE('',#3042,#264);
#147=LINE('',#3048,#265);
#148=LINE('',#3052,#266);
#149=LINE('',#3056,#267);
#150=LINE('',#3062,#268);
#151=LINE('',#3064,#269);
#152=LINE('',#3065,#270);
#153=LINE('',#3068,#271);
#154=LINE('',#3069,#272);
#155=LINE('',#3080,#273);
#156=LINE('',#3081,#274);
#157=LINE('',#3126,#275);
#158=LINE('',#3128,#276);
#159=LINE('',#3131,#277);
#160=LINE('',#3132,#278);
#161=LINE('',#3134,#279);
#162=LINE('',#3135,#280);
#163=LINE('',#3137,#281);
#164=LINE('',#3138,#282);
#165=LINE('',#3140,#283);
#166=LINE('',#3141,#284);
#167=LINE('',#3143,#285);
#168=LINE('',#3144,#286);
#169=LINE('',#3147,#287);
#170=LINE('',#3149,#288);
#171=LINE('',#3152,#289);
#172=LINE('',#3153,#290);
#173=LINE('',#3155,#291);
#174=LINE('',#3156,#292);
#175=LINE('',#3158,#293);
#176=LINE('',#3159,#294);
#177=LINE('',#3161,#295);
#178=LINE('',#3162,#296);
#179=LINE('',#3165,#297);
#180=LINE('',#3167,#298);
#181=LINE('',#3169,#299);
#182=LINE('',#3182,#300);
#183=LINE('',#3186,#301);
#184=LINE('',#3188,#302);
#185=LINE('',#3201,#303);
#186=LINE('',#3203,#304);
#187=LINE('',#3204,#305);
#188=LINE('',#3212,#306);
#189=LINE('',#3216,#307);
#190=LINE('',#3220,#308);
#191=LINE('',#3223,#309);
#192=LINE('',#3267,#310);
#193=LINE('',#3288,#311);
#194=LINE('',#3290,#312);
#195=LINE('',#3291,#313);
#196=LINE('',#3306,#314);
#197=LINE('',#3411,#315);
#198=LINE('',#3422,#316);
#199=LINE('',#3423,#317);
#200=LINE('',#3541,#318);
#201=LINE('',#3549,#319);
#202=LINE('',#3550,#320);
#203=LINE('',#3552,#321);
#204=LINE('',#3554,#322);
#205=LINE('',#3557,#323);
#206=LINE('',#3569,#324);
#207=LINE('',#3578,#325);
#208=LINE('',#3580,#326);
#209=LINE('',#3594,#327);
#210=LINE('',#3598,#328);
#211=LINE('',#3602,#329);
#212=LINE('',#3606,#330);
#213=VECTOR('',#2031,10.);
#214=VECTOR('',#2034,10.);
#215=VECTOR('',#2037,10.);
#216=VECTOR('',#2038,10.);
#217=VECTOR('',#2041,10.);
#218=VECTOR('',#2042,10.);
#219=VECTOR('',#2045,10.);
#220=VECTOR('',#2046,10.);
#221=VECTOR('',#2049,10.);
#222=VECTOR('',#2050,10.);
#223=VECTOR('',#2053,10.);
#224=VECTOR('',#2054,10.);
#225=VECTOR('',#2057,10.);
#226=VECTOR('',#2060,10.);
#227=VECTOR('',#2063,10.);
#228=VECTOR('',#2064,10.);
#229=VECTOR('',#2067,10.);
#230=VECTOR('',#2068,10.);
#231=VECTOR('',#2071,10.);
#232=VECTOR('',#2072,10.);
#233=VECTOR('',#2075,10.);
#234=VECTOR('',#2076,10.);
#235=VECTOR('',#2079,10.);
#236=VECTOR('',#2080,10.);
#237=VECTOR('',#2081,10.);
#238=VECTOR('',#2082,10.);
#239=VECTOR('',#2083,10.);
#240=VECTOR('',#2086,10.);
#241=VECTOR('',#2087,10.);
#242=VECTOR('',#2088,10.);
#243=VECTOR('',#2089,10.);
#244=VECTOR('',#2098,10.);
#245=VECTOR('',#2101,10.);
#246=VECTOR('',#2104,10.);
#247=VECTOR('',#2107,10.);
#248=VECTOR('',#2120,10.);
#249=VECTOR('',#2123,10.);
#250=VECTOR('',#2124,10.);
#251=VECTOR('',#2125,10.);
#252=VECTOR('',#2146,10.);
#253=VECTOR('',#2163,10.);
#254=VECTOR('',#2176,10.);
#255=VECTOR('',#2177,10.);
#256=VECTOR('',#2188,10.);
#257=VECTOR('',#2199,10.);
#258=VECTOR('',#2200,10.);
#259=VECTOR('',#2203,10.);
#260=VECTOR('',#2206,10.);
#261=VECTOR('',#2211,10.);
#262=VECTOR('',#2214,10.);
#263=VECTOR('',#2215,10.);
#264=VECTOR('',#2218,10.);
#265=VECTOR('',#2225,10.);
#266=VECTOR('',#2230,10.);
#267=VECTOR('',#2235,10.);
#268=VECTOR('',#2244,10.);
#269=VECTOR('',#2245,10.);
#270=VECTOR('',#2246,10.);
#271=VECTOR('',#2249,10.);
#272=VECTOR('',#2250,10.);
#273=VECTOR('',#2261,10.);
#274=VECTOR('',#2262,10.);
#275=VECTOR('',#2313,10.);
#276=VECTOR('',#2314,10.);
#277=VECTOR('',#2319,10.);
#278=VECTOR('',#2320,10.);
#279=VECTOR('',#2323,10.);
#280=VECTOR('',#2324,10.);
#281=VECTOR('',#2327,10.);
#282=VECTOR('',#2328,10.);
#283=VECTOR('',#2331,10.);
#284=VECTOR('',#2332,10.);
#285=VECTOR('',#2335,10.);
#286=VECTOR('',#2336,10.);
#287=VECTOR('',#2339,10.);
#288=VECTOR('',#2340,10.);
#289=VECTOR('',#2345,10.);
#290=VECTOR('',#2346,10.);
#291=VECTOR('',#2349,10.);
#292=VECTOR('',#2350,10.);
#293=VECTOR('',#2353,10.);
#294=VECTOR('',#2354,10.);
#295=VECTOR('',#2357,10.);
#296=VECTOR('',#2358,10.);
#297=VECTOR('',#2361,10.);
#298=VECTOR('',#2362,10.);
#299=VECTOR('',#2363,10.);
#300=VECTOR('',#2364,10.);
#301=VECTOR('',#2367,10.);
#302=VECTOR('',#2368,10.);
#303=VECTOR('',#2369,10.);
#304=VECTOR('',#2370,10.);
#305=VECTOR('',#2371,10.);
#306=VECTOR('',#2380,10.);
#307=VECTOR('',#2383,10.);
#308=VECTOR('',#2386,10.);
#309=VECTOR('',#2389,10.);
#310=VECTOR('',#2400,10.);
#311=VECTOR('',#2405,10.);
#312=VECTOR('',#2406,10.);
#313=VECTOR('',#2407,10.);
#314=VECTOR('',#2428,10.);
#315=VECTOR('',#2445,10.);
#316=VECTOR('',#2458,10.);
#317=VECTOR('',#2459,10.);
#318=VECTOR('',#2470,10.);
#319=VECTOR('',#2481,10.);
#320=VECTOR('',#2482,10.);
#321=VECTOR('',#2485,10.);
#322=VECTOR('',#2488,10.);
#323=VECTOR('',#2493,10.);
#324=VECTOR('',#2496,10.);
#325=VECTOR('',#2497,10.);
#326=VECTOR('',#2500,10.);
#327=VECTOR('',#2525,2.9);
#328=VECTOR('',#2530,2.9);
#329=VECTOR('',#2535,2.9);
#330=VECTOR('',#2540,2.9);
#331=CYLINDRICAL_SURFACE('',#1781,2.);
#332=CYLINDRICAL_SURFACE('',#1783,2.);
#333=CYLINDRICAL_SURFACE('',#1784,2.);
#334=CYLINDRICAL_SURFACE('',#1785,2.);
#335=CYLINDRICAL_SURFACE('',#1786,2.);
#336=CYLINDRICAL_SURFACE('',#1787,2.);
#337=CYLINDRICAL_SURFACE('',#1788,2.);
#338=CYLINDRICAL_SURFACE('',#1790,2.);
#339=CYLINDRICAL_SURFACE('',#1791,2.);
#340=CYLINDRICAL_SURFACE('',#1792,2.);
#341=CYLINDRICAL_SURFACE('',#1793,2.);
#342=CYLINDRICAL_SURFACE('',#1807,3.);
#343=CYLINDRICAL_SURFACE('',#1818,3.);
#344=CYLINDRICAL_SURFACE('',#1827,3.);
#345=CYLINDRICAL_SURFACE('',#1832,3.);
#346=CYLINDRICAL_SURFACE('',#1838,3.);
#347=CYLINDRICAL_SURFACE('',#1843,3.);
#348=CYLINDRICAL_SURFACE('',#1844,3.);
#349=CYLINDRICAL_SURFACE('',#1845,3.);
#350=CYLINDRICAL_SURFACE('',#1846,3.);
#351=CYLINDRICAL_SURFACE('',#1847,3.);
#352=CYLINDRICAL_SURFACE('',#1848,3.);
#353=CYLINDRICAL_SURFACE('',#1850,3.);
#354=CYLINDRICAL_SURFACE('',#1851,10.);
#355=CYLINDRICAL_SURFACE('',#1854,10.);
#356=CYLINDRICAL_SURFACE('',#1856,10.);
#357=CYLINDRICAL_SURFACE('',#1891,2.);
#358=CYLINDRICAL_SURFACE('',#1893,2.);
#359=CYLINDRICAL_SURFACE('',#1894,2.);
#360=CYLINDRICAL_SURFACE('',#1895,2.);
#361=CYLINDRICAL_SURFACE('',#1896,2.);
#362=CYLINDRICAL_SURFACE('',#1897,2.);
#363=CYLINDRICAL_SURFACE('',#1898,2.);
#364=CYLINDRICAL_SURFACE('',#1900,2.);
#365=CYLINDRICAL_SURFACE('',#1901,2.);
#366=CYLINDRICAL_SURFACE('',#1902,2.);
#367=CYLINDRICAL_SURFACE('',#1903,2.);
#368=CYLINDRICAL_SURFACE('',#1917,3.);
#369=CYLINDRICAL_SURFACE('',#1928,3.);
#370=CYLINDRICAL_SURFACE('',#1937,3.);
#371=CYLINDRICAL_SURFACE('',#1942,3.);
#372=CYLINDRICAL_SURFACE('',#1948,3.);
#373=CYLINDRICAL_SURFACE('',#1953,3.);
#374=CYLINDRICAL_SURFACE('',#1954,3.);
#375=CYLINDRICAL_SURFACE('',#1955,3.);
#376=CYLINDRICAL_SURFACE('',#1956,3.);
#377=CYLINDRICAL_SURFACE('',#1957,3.);
#378=CYLINDRICAL_SURFACE('',#1958,3.);
#379=CYLINDRICAL_SURFACE('',#1960,3.);
#380=CYLINDRICAL_SURFACE('',#1961,10.);
#381=CYLINDRICAL_SURFACE('',#1964,10.);
#382=CYLINDRICAL_SURFACE('',#1966,10.);
#383=CYLINDRICAL_SURFACE('',#1970,2.9);
#384=CYLINDRICAL_SURFACE('',#1972,2.9);
#385=CYLINDRICAL_SURFACE('',#1974,2.9);
#386=CYLINDRICAL_SURFACE('',#1976,2.9);
#387=FACE_OUTER_BOUND('',#497,.T.);
#388=FACE_OUTER_BOUND('',#498,.T.);
#389=FACE_OUTER_BOUND('',#499,.T.);
#390=FACE_OUTER_BOUND('',#500,.T.);
#391=FACE_OUTER_BOUND('',#501,.T.);
#392=FACE_OUTER_BOUND('',#502,.T.);
#393=FACE_OUTER_BOUND('',#503,.T.);
#394=FACE_OUTER_BOUND('',#504,.T.);
#395=FACE_OUTER_BOUND('',#505,.T.);
#396=FACE_OUTER_BOUND('',#506,.T.);
#397=FACE_OUTER_BOUND('',#507,.T.);
#398=FACE_OUTER_BOUND('',#508,.T.);
#399=FACE_OUTER_BOUND('',#509,.T.);
#400=FACE_OUTER_BOUND('',#510,.T.);
#401=FACE_OUTER_BOUND('',#511,.T.);
#402=FACE_OUTER_BOUND('',#512,.T.);
#403=FACE_OUTER_BOUND('',#513,.T.);
#404=FACE_OUTER_BOUND('',#514,.T.);
#405=FACE_OUTER_BOUND('',#515,.T.);
#406=FACE_OUTER_BOUND('',#516,.T.);
#407=FACE_OUTER_BOUND('',#517,.T.);
#408=FACE_OUTER_BOUND('',#519,.T.);
#409=FACE_OUTER_BOUND('',#520,.T.);
#410=FACE_OUTER_BOUND('',#521,.T.);
#411=FACE_OUTER_BOUND('',#522,.T.);
#412=FACE_OUTER_BOUND('',#523,.T.);
#413=FACE_OUTER_BOUND('',#524,.T.);
#414=FACE_OUTER_BOUND('',#525,.T.);
#415=FACE_OUTER_BOUND('',#526,.T.);
#416=FACE_OUTER_BOUND('',#527,.T.);
#417=FACE_OUTER_BOUND('',#528,.T.);
#418=FACE_OUTER_BOUND('',#529,.T.);
#419=FACE_OUTER_BOUND('',#530,.T.);
#420=FACE_OUTER_BOUND('',#531,.T.);
#421=FACE_OUTER_BOUND('',#532,.T.);
#422=FACE_OUTER_BOUND('',#533,.T.);
#423=FACE_OUTER_BOUND('',#534,.T.);
#424=FACE_OUTER_BOUND('',#535,.T.);
#425=FACE_OUTER_BOUND('',#536,.T.);
#426=FACE_OUTER_BOUND('',#537,.T.);
#427=FACE_OUTER_BOUND('',#538,.T.);
#428=FACE_OUTER_BOUND('',#539,.T.);
#429=FACE_OUTER_BOUND('',#540,.T.);
#430=FACE_OUTER_BOUND('',#541,.T.);
#431=FACE_OUTER_BOUND('',#542,.T.);
#432=FACE_OUTER_BOUND('',#543,.T.);
#433=FACE_OUTER_BOUND('',#544,.T.);
#434=FACE_OUTER_BOUND('',#545,.T.);
#435=FACE_OUTER_BOUND('',#546,.T.);
#436=FACE_OUTER_BOUND('',#547,.T.);
#437=FACE_OUTER_BOUND('',#548,.T.);
#438=FACE_OUTER_BOUND('',#549,.T.);
#439=FACE_OUTER_BOUND('',#550,.T.);
#440=FACE_OUTER_BOUND('',#555,.T.);
#441=FACE_OUTER_BOUND('',#556,.T.);
#442=FACE_OUTER_BOUND('',#557,.T.);
#443=FACE_OUTER_BOUND('',#558,.T.);
#444=FACE_OUTER_BOUND('',#559,.T.);
#445=FACE_OUTER_BOUND('',#560,.T.);
#446=FACE_OUTER_BOUND('',#561,.T.);
#447=FACE_OUTER_BOUND('',#562,.T.);
#448=FACE_OUTER_BOUND('',#563,.T.);
#449=FACE_OUTER_BOUND('',#564,.T.);
#450=FACE_OUTER_BOUND('',#565,.T.);
#451=FACE_OUTER_BOUND('',#566,.T.);
#452=FACE_OUTER_BOUND('',#567,.T.);
#453=FACE_OUTER_BOUND('',#568,.T.);
#454=FACE_OUTER_BOUND('',#569,.T.);
#455=FACE_OUTER_BOUND('',#570,.T.);
#456=FACE_OUTER_BOUND('',#571,.T.);
#457=FACE_OUTER_BOUND('',#572,.T.);
#458=FACE_OUTER_BOUND('',#573,.T.);
#459=FACE_OUTER_BOUND('',#574,.T.);
#460=FACE_OUTER_BOUND('',#575,.T.);
#461=FACE_OUTER_BOUND('',#576,.T.);
#462=FACE_OUTER_BOUND('',#578,.T.);
#463=FACE_OUTER_BOUND('',#579,.T.);
#464=FACE_OUTER_BOUND('',#580,.T.);
#465=FACE_OUTER_BOUND('',#581,.T.);
#466=FACE_OUTER_BOUND('',#582,.T.);
#467=FACE_OUTER_BOUND('',#583,.T.);
#468=FACE_OUTER_BOUND('',#584,.T.);
#469=FACE_OUTER_BOUND('',#585,.T.);
#470=FACE_OUTER_BOUND('',#586,.T.);
#471=FACE_OUTER_BOUND('',#587,.T.);
#472=FACE_OUTER_BOUND('',#588,.T.);
#473=FACE_OUTER_BOUND('',#589,.T.);
#474=FACE_OUTER_BOUND('',#590,.T.);
#475=FACE_OUTER_BOUND('',#591,.T.);
#476=FACE_OUTER_BOUND('',#592,.T.);
#477=FACE_OUTER_BOUND('',#593,.T.);
#478=FACE_OUTER_BOUND('',#594,.T.);
#479=FACE_OUTER_BOUND('',#595,.T.);
#480=FACE_OUTER_BOUND('',#596,.T.);
#481=FACE_OUTER_BOUND('',#597,.T.);
#482=FACE_OUTER_BOUND('',#598,.T.);
#483=FACE_OUTER_BOUND('',#599,.T.);
#484=FACE_OUTER_BOUND('',#600,.T.);
#485=FACE_OUTER_BOUND('',#601,.T.);
#486=FACE_OUTER_BOUND('',#602,.T.);
#487=FACE_OUTER_BOUND('',#603,.T.);
#488=FACE_OUTER_BOUND('',#604,.T.);
#489=FACE_OUTER_BOUND('',#605,.T.);
#490=FACE_OUTER_BOUND('',#606,.T.);
#491=FACE_OUTER_BOUND('',#607,.T.);
#492=FACE_OUTER_BOUND('',#608,.T.);
#493=FACE_OUTER_BOUND('',#609,.T.);
#494=FACE_OUTER_BOUND('',#610,.T.);
#495=FACE_OUTER_BOUND('',#611,.T.);
#496=FACE_OUTER_BOUND('',#612,.T.);
#497=EDGE_LOOP('',(#1117,#1118,#1119));
#498=EDGE_LOOP('',(#1120,#1121,#1122));
#499=EDGE_LOOP('',(#1123,#1124,#1125));
#500=EDGE_LOOP('',(#1126,#1127,#1128));
#501=EDGE_LOOP('',(#1129,#1130,#1131));
#502=EDGE_LOOP('',(#1132,#1133,#1134));
#503=EDGE_LOOP('',(#1135,#1136,#1137,#1138));
#504=EDGE_LOOP('',(#1139,#1140,#1141,#1142));
#505=EDGE_LOOP('',(#1143,#1144,#1145,#1146));
#506=EDGE_LOOP('',(#1147,#1148,#1149,#1150));
#507=EDGE_LOOP('',(#1151,#1152,#1153,#1154));
#508=EDGE_LOOP('',(#1155,#1156,#1157,#1158));
#509=EDGE_LOOP('',(#1159,#1160,#1161,#1162));
#510=EDGE_LOOP('',(#1163,#1164,#1165,#1166));
#511=EDGE_LOOP('',(#1167,#1168,#1169,#1170));
#512=EDGE_LOOP('',(#1171,#1172,#1173,#1174));
#513=EDGE_LOOP('',(#1175,#1176,#1177,#1178));
#514=EDGE_LOOP('',(#1179,#1180,#1181,#1182,#1183,#1184,#1185,#1186,#1187,
#1188,#1189,#1190,#1191,#1192,#1193));
#515=EDGE_LOOP('',(#1194,#1195,#1196,#1197));
#516=EDGE_LOOP('',(#1198,#1199,#1200,#1201));
#517=EDGE_LOOP('',(#1202,#1203,#1204,#1205));
#518=EDGE_LOOP('',(#1206,#1207,#1208,#1209,#1210,#1211,#1212,#1213));
#519=EDGE_LOOP('',(#1214,#1215,#1216,#1217));
#520=EDGE_LOOP('',(#1218,#1219,#1220));
#521=EDGE_LOOP('',(#1221,#1222,#1223,#1224,#1225));
#522=EDGE_LOOP('',(#1226,#1227,#1228,#1229));
#523=EDGE_LOOP('',(#1230,#1231,#1232,#1233));
#524=EDGE_LOOP('',(#1234,#1235,#1236,#1237));
#525=EDGE_LOOP('',(#1238,#1239,#1240,#1241));
#526=EDGE_LOOP('',(#1242,#1243,#1244,#1245));
#527=EDGE_LOOP('',(#1246,#1247,#1248,#1249));
#528=EDGE_LOOP('',(#1250,#1251,#1252,#1253));
#529=EDGE_LOOP('',(#1254,#1255,#1256,#1257));
#530=EDGE_LOOP('',(#1258,#1259,#1260,#1261));
#531=EDGE_LOOP('',(#1262,#1263,#1264,#1265));
#532=EDGE_LOOP('',(#1266,#1267,#1268,#1269));
#533=EDGE_LOOP('',(#1270,#1271,#1272,#1273));
#534=EDGE_LOOP('',(#1274,#1275,#1276,#1277));
#535=EDGE_LOOP('',(#1278,#1279,#1280,#1281));
#536=EDGE_LOOP('',(#1282,#1283,#1284,#1285));
#537=EDGE_LOOP('',(#1286,#1287,#1288,#1289));
#538=EDGE_LOOP('',(#1290,#1291,#1292,#1293));
#539=EDGE_LOOP('',(#1294,#1295,#1296,#1297));
#540=EDGE_LOOP('',(#1298,#1299,#1300,#1301));
#541=EDGE_LOOP('',(#1302,#1303,#1304,#1305,#1306,#1307,#1308,#1309));
#542=EDGE_LOOP('',(#1310,#1311,#1312,#1313));
#543=EDGE_LOOP('',(#1314,#1315,#1316,#1317,#1318));
#544=EDGE_LOOP('',(#1319,#1320,#1321,#1322,#1323));
#545=EDGE_LOOP('',(#1324,#1325,#1326,#1327));
#546=EDGE_LOOP('',(#1328,#1329,#1330,#1331,#1332));
#547=EDGE_LOOP('',(#1333,#1334,#1335,#1336));
#548=EDGE_LOOP('',(#1337,#1338,#1339,#1340,#1341,#1342));
#549=EDGE_LOOP('',(#1343,#1344,#1345,#1346));
#550=EDGE_LOOP('',(#1347,#1348,#1349,#1350));
#551=EDGE_LOOP('',(#1351));
#552=EDGE_LOOP('',(#1352));
#553=EDGE_LOOP('',(#1353));
#554=EDGE_LOOP('',(#1354));
#555=EDGE_LOOP('',(#1355,#1356,#1357,#1358));
#556=EDGE_LOOP('',(#1359,#1360,#1361));
#557=EDGE_LOOP('',(#1362,#1363,#1364));
#558=EDGE_LOOP('',(#1365,#1366,#1367));
#559=EDGE_LOOP('',(#1368,#1369,#1370));
#560=EDGE_LOOP('',(#1371,#1372,#1373));
#561=EDGE_LOOP('',(#1374,#1375,#1376));
#562=EDGE_LOOP('',(#1377,#1378,#1379,#1380));
#563=EDGE_LOOP('',(#1381,#1382,#1383,#1384));
#564=EDGE_LOOP('',(#1385,#1386,#1387,#1388));
#565=EDGE_LOOP('',(#1389,#1390,#1391,#1392));
#566=EDGE_LOOP('',(#1393,#1394,#1395,#1396));
#567=EDGE_LOOP('',(#1397,#1398,#1399,#1400));
#568=EDGE_LOOP('',(#1401,#1402,#1403,#1404));
#569=EDGE_LOOP('',(#1405,#1406,#1407,#1408));
#570=EDGE_LOOP('',(#1409,#1410,#1411,#1412));
#571=EDGE_LOOP('',(#1413,#1414,#1415,#1416));
#572=EDGE_LOOP('',(#1417,#1418,#1419,#1420));
#573=EDGE_LOOP('',(#1421,#1422,#1423,#1424,#1425,#1426,#1427,#1428,#1429,
#1430,#1431,#1432,#1433,#1434,#1435));
#574=EDGE_LOOP('',(#1436,#1437,#1438,#1439));
#575=EDGE_LOOP('',(#1440,#1441,#1442,#1443));
#576=EDGE_LOOP('',(#1444,#1445,#1446,#1447));
#577=EDGE_LOOP('',(#1448,#1449,#1450,#1451,#1452,#1453,#1454,#1455));
#578=EDGE_LOOP('',(#1456,#1457,#1458,#1459));
#579=EDGE_LOOP('',(#1460,#1461,#1462));
#580=EDGE_LOOP('',(#1463,#1464,#1465,#1466,#1467));
#581=EDGE_LOOP('',(#1468,#1469,#1470,#1471));
#582=EDGE_LOOP('',(#1472,#1473,#1474,#1475));
#583=EDGE_LOOP('',(#1476,#1477,#1478,#1479));
#584=EDGE_LOOP('',(#1480,#1481,#1482,#1483));
#585=EDGE_LOOP('',(#1484,#1485,#1486,#1487));
#586=EDGE_LOOP('',(#1488,#1489,#1490,#1491));
#587=EDGE_LOOP('',(#1492,#1493,#1494,#1495));
#588=EDGE_LOOP('',(#1496,#1497,#1498,#1499));
#589=EDGE_LOOP('',(#1500,#1501,#1502,#1503));
#590=EDGE_LOOP('',(#1504,#1505,#1506,#1507));
#591=EDGE_LOOP('',(#1508,#1509,#1510,#1511));
#592=EDGE_LOOP('',(#1512,#1513,#1514,#1515));
#593=EDGE_LOOP('',(#1516,#1517,#1518,#1519));
#594=EDGE_LOOP('',(#1520,#1521,#1522,#1523));
#595=EDGE_LOOP('',(#1524,#1525,#1526,#1527));
#596=EDGE_LOOP('',(#1528,#1529,#1530,#1531));
#597=EDGE_LOOP('',(#1532,#1533,#1534,#1535));
#598=EDGE_LOOP('',(#1536,#1537,#1538,#1539));
#599=EDGE_LOOP('',(#1540,#1541,#1542,#1543));
#600=EDGE_LOOP('',(#1544,#1545,#1546,#1547,#1548,#1549,#1550,#1551));
#601=EDGE_LOOP('',(#1552,#1553,#1554,#1555));
#602=EDGE_LOOP('',(#1556,#1557,#1558,#1559,#1560));
#603=EDGE_LOOP('',(#1561,#1562,#1563,#1564,#1565));
#604=EDGE_LOOP('',(#1566,#1567,#1568,#1569));
#605=EDGE_LOOP('',(#1570,#1571,#1572,#1573,#1574));
#606=EDGE_LOOP('',(#1575,#1576,#1577,#1578));
#607=EDGE_LOOP('',(#1579,#1580,#1581,#1582,#1583,#1584));
#608=EDGE_LOOP('',(#1585,#1586,#1587,#1588));
#609=EDGE_LOOP('',(#1589,#1590,#1591,#1592));
#610=EDGE_LOOP('',(#1593,#1594,#1595,#1596));
#611=EDGE_LOOP('',(#1597,#1598,#1599,#1600));
#612=EDGE_LOOP('',(#1601,#1602,#1603,#1604,#1605,#1606,#1607,#1608,#1609,
#1610,#1611,#1612,#1613,#1614,#1615,#1616));
#613=EDGE_LOOP('',(#1617));
#614=EDGE_LOOP('',(#1618));
#615=EDGE_LOOP('',(#1619));
#616=EDGE_LOOP('',(#1620));
#617=CIRCLE('',#1758,2.);
#618=CIRCLE('',#1759,2.);
#619=CIRCLE('',#1760,2.);
#620=CIRCLE('',#1762,2.);
#621=CIRCLE('',#1763,1.99999999999999);
#622=CIRCLE('',#1764,2.);
#623=CIRCLE('',#1766,2.);
#624=CIRCLE('',#1767,1.99999999999999);
#625=CIRCLE('',#1768,1.99999999999999);
#626=CIRCLE('',#1770,2.);
#627=CIRCLE('',#1771,2.);
#628=CIRCLE('',#1772,1.99999999999999);
#629=CIRCLE('',#1774,2.);
#630=CIRCLE('',#1775,1.99999999999999);
#631=CIRCLE('',#1776,2.);
#632=CIRCLE('',#1778,2.00000000000001);
#633=CIRCLE('',#1779,2.);
#634=CIRCLE('',#1780,2.);
#635=CIRCLE('',#1795,6.);
#636=CIRCLE('',#1799,5.99999999999999);
#637=CIRCLE('',#1800,6.);
#638=CIRCLE('',#1801,6.);
#639=CIRCLE('',#1802,6.);
#640=CIRCLE('',#1804,3.);
#641=CIRCLE('',#1808,3.);
#642=CIRCLE('',#1811,3.);
#643=CIRCLE('',#1812,3.00000000000001);
#644=CIRCLE('',#1813,3.);
#645=CIRCLE('',#1815,3.);
#646=CIRCLE('',#1816,3.00000000000001);
#647=CIRCLE('',#1817,3.);
#648=CIRCLE('',#1819,3.);
#649=CIRCLE('',#1821,2.99999999999999);
#650=CIRCLE('',#1822,6.);
#651=CIRCLE('',#1824,3.00000000000001);
#652=CIRCLE('',#1825,3.00000000000001);
#653=CIRCLE('',#1826,3.);
#654=CIRCLE('',#1829,3.);
#655=CIRCLE('',#1830,3.00000000000001);
#656=CIRCLE('',#1831,3.);
#657=CIRCLE('',#1833,3.);
#658=CIRCLE('',#1835,3.);
#659=CIRCLE('',#1836,3.);
#660=CIRCLE('',#1837,6.);
#661=CIRCLE('',#1840,3.);
#662=CIRCLE('',#1841,3.00000000000001);
#663=CIRCLE('',#1842,3.);
#664=CIRCLE('',#1852,10.);
#665=CIRCLE('',#1857,10.);
#666=CIRCLE('',#1862,2.9);
#667=CIRCLE('',#1863,2.9);
#668=CIRCLE('',#1864,2.9);
#669=CIRCLE('',#1865,2.9);
#670=CIRCLE('',#1868,2.);
#671=CIRCLE('',#1869,2.);
#672=CIRCLE('',#1870,2.);
#673=CIRCLE('',#1872,2.);
#674=CIRCLE('',#1873,2.);
#675=CIRCLE('',#1874,1.99999999999999);
#676=CIRCLE('',#1876,2.);
#677=CIRCLE('',#1877,1.99999999999999);
#678=CIRCLE('',#1878,1.99999999999999);
#679=CIRCLE('',#1880,2.);
#680=CIRCLE('',#1881,1.99999999999999);
#681=CIRCLE('',#1882,2.);
#682=CIRCLE('',#1884,2.);
#683=CIRCLE('',#1885,2.);
#684=CIRCLE('',#1886,1.99999999999999);
#685=CIRCLE('',#1888,2.00000000000001);
#686=CIRCLE('',#1889,2.);
#687=CIRCLE('',#1890,2.);
#688=CIRCLE('',#1905,6.);
#689=CIRCLE('',#1909,5.99999999999999);
#690=CIRCLE('',#1910,6.);
#691=CIRCLE('',#1911,6.);
#692=CIRCLE('',#1912,6.);
#693=CIRCLE('',#1914,3.);
#694=CIRCLE('',#1918,3.);
#695=CIRCLE('',#1921,3.);
#696=CIRCLE('',#1922,3.);
#697=CIRCLE('',#1923,3.00000000000001);
#698=CIRCLE('',#1925,3.);
#699=CIRCLE('',#1926,3.);
#700=CIRCLE('',#1927,3.00000000000001);
#701=CIRCLE('',#1929,3.);
#702=CIRCLE('',#1931,2.99999999999999);
#703=CIRCLE('',#1932,6.);
#704=CIRCLE('',#1934,3.00000000000001);
#705=CIRCLE('',#1935,3.);
#706=CIRCLE('',#1936,3.00000000000001);
#707=CIRCLE('',#1939,3.);
#708=CIRCLE('',#1940,3.);
#709=CIRCLE('',#1941,3.00000000000001);
#710=CIRCLE('',#1943,3.);
#711=CIRCLE('',#1945,3.);
#712=CIRCLE('',#1946,6.);
#713=CIRCLE('',#1947,3.);
#714=CIRCLE('',#1950,3.);
#715=CIRCLE('',#1951,3.);
#716=CIRCLE('',#1952,3.00000000000001);
#717=CIRCLE('',#1963,10.);
#718=CIRCLE('',#1967,10.);
#719=CIRCLE('',#1971,2.9);
#720=CIRCLE('',#1973,2.9);
#721=CIRCLE('',#1975,2.9);
#722=CIRCLE('',#1977,2.9);
#723=VERTEX_POINT('',#2545);
#724=VERTEX_POINT('',#2546);
#725=VERTEX_POINT('',#2548);
#726=VERTEX_POINT('',#2552);
#727=VERTEX_POINT('',#2553);
#728=VERTEX_POINT('',#2555);
#729=VERTEX_POINT('',#2559);
#730=VERTEX_POINT('',#2560);
#731=VERTEX_POINT('',#2562);
#732=VERTEX_POINT('',#2566);
#733=VERTEX_POINT('',#2567);
#734=VERTEX_POINT('',#2569);
#735=VERTEX_POINT('',#2573);
#736=VERTEX_POINT('',#2574);
#737=VERTEX_POINT('',#2576);
#738=VERTEX_POINT('',#2580);
#739=VERTEX_POINT('',#2581);
#740=VERTEX_POINT('',#2583);
#741=VERTEX_POINT('',#2587);
#742=VERTEX_POINT('',#2589);
#743=VERTEX_POINT('',#2608);
#744=VERTEX_POINT('',#2610);
#745=VERTEX_POINT('',#2626);
#746=VERTEX_POINT('',#2628);
#747=VERTEX_POINT('',#2630);
#748=VERTEX_POINT('',#2632);
#749=VERTEX_POINT('',#2643);
#750=VERTEX_POINT('',#2645);
#751=VERTEX_POINT('',#2647);
#752=VERTEX_POINT('',#2649);
#753=VERTEX_POINT('',#2651);
#754=VERTEX_POINT('',#2662);
#755=VERTEX_POINT('',#2664);
#756=VERTEX_POINT('',#2670);
#757=VERTEX_POINT('',#2671);
#758=VERTEX_POINT('',#2673);
#759=VERTEX_POINT('',#2675);
#760=VERTEX_POINT('',#2677);
#761=VERTEX_POINT('',#2679);
#762=VERTEX_POINT('',#2681);
#763=VERTEX_POINT('',#2683);
#764=VERTEX_POINT('',#2722);
#765=VERTEX_POINT('',#2723);
#766=VERTEX_POINT('',#2728);
#767=VERTEX_POINT('',#2745);
#768=VERTEX_POINT('',#2749);
#769=VERTEX_POINT('',#2751);
#770=VERTEX_POINT('',#2755);
#771=VERTEX_POINT('',#2757);
#772=VERTEX_POINT('',#2761);
#773=VERTEX_POINT('',#2766);
#774=VERTEX_POINT('',#2770);
#775=VERTEX_POINT('',#2869);
#776=VERTEX_POINT('',#2875);
#777=VERTEX_POINT('',#2877);
#778=VERTEX_POINT('',#2881);
#779=VERTEX_POINT('',#2882);
#780=VERTEX_POINT('',#2887);
#781=VERTEX_POINT('',#2888);
#782=VERTEX_POINT('',#3005);
#783=VERTEX_POINT('',#3007);
#784=VERTEX_POINT('',#3022);
#785=VERTEX_POINT('',#3031);
#786=VERTEX_POINT('',#3045);
#787=VERTEX_POINT('',#3047);
#788=VERTEX_POINT('',#3051);
#789=VERTEX_POINT('',#3055);
#790=VERTEX_POINT('',#3061);
#791=VERTEX_POINT('',#3063);
#792=VERTEX_POINT('',#3067);
#793=VERTEX_POINT('',#3070);
#794=VERTEX_POINT('',#3072);
#795=VERTEX_POINT('',#3074);
#796=VERTEX_POINT('',#3076);
#797=VERTEX_POINT('',#3079);
#798=VERTEX_POINT('',#3083);
#799=VERTEX_POINT('',#3084);
#800=VERTEX_POINT('',#3086);
#801=VERTEX_POINT('',#3090);
#802=VERTEX_POINT('',#3091);
#803=VERTEX_POINT('',#3093);
#804=VERTEX_POINT('',#3097);
#805=VERTEX_POINT('',#3098);
#806=VERTEX_POINT('',#3100);
#807=VERTEX_POINT('',#3104);
#808=VERTEX_POINT('',#3105);
#809=VERTEX_POINT('',#3107);
#810=VERTEX_POINT('',#3111);
#811=VERTEX_POINT('',#3112);
#812=VERTEX_POINT('',#3114);
#813=VERTEX_POINT('',#3118);
#814=VERTEX_POINT('',#3119);
#815=VERTEX_POINT('',#3121);
#816=VERTEX_POINT('',#3125);
#817=VERTEX_POINT('',#3127);
#818=VERTEX_POINT('',#3146);
#819=VERTEX_POINT('',#3148);
#820=VERTEX_POINT('',#3164);
#821=VERTEX_POINT('',#3166);
#822=VERTEX_POINT('',#3168);
#823=VERTEX_POINT('',#3170);
#824=VERTEX_POINT('',#3181);
#825=VERTEX_POINT('',#3183);
#826=VERTEX_POINT('',#3185);
#827=VERTEX_POINT('',#3187);
#828=VERTEX_POINT('',#3189);
#829=VERTEX_POINT('',#3200);
#830=VERTEX_POINT('',#3202);
#831=VERTEX_POINT('',#3208);
#832=VERTEX_POINT('',#3209);
#833=VERTEX_POINT('',#3211);
#834=VERTEX_POINT('',#3213);
#835=VERTEX_POINT('',#3215);
#836=VERTEX_POINT('',#3217);
#837=VERTEX_POINT('',#3219);
#838=VERTEX_POINT('',#3221);
#839=VERTEX_POINT('',#3260);
#840=VERTEX_POINT('',#3261);
#841=VERTEX_POINT('',#3266);
#842=VERTEX_POINT('',#3268);
#843=VERTEX_POINT('',#3287);
#844=VERTEX_POINT('',#3289);
#845=VERTEX_POINT('',#3293);
#846=VERTEX_POINT('',#3295);
#847=VERTEX_POINT('',#3299);
#848=VERTEX_POINT('',#3304);
#849=VERTEX_POINT('',#3308);
#850=VERTEX_POINT('',#3407);
#851=VERTEX_POINT('',#3413);
#852=VERTEX_POINT('',#3415);
#853=VERTEX_POINT('',#3419);
#854=VERTEX_POINT('',#3420);
#855=VERTEX_POINT('',#3425);
#856=VERTEX_POINT('',#3426);
#857=VERTEX_POINT('',#3543);
#858=VERTEX_POINT('',#3545);
#859=VERTEX_POINT('',#3559);
#860=VERTEX_POINT('',#3568);
#861=VERTEX_POINT('',#3592);
#862=VERTEX_POINT('',#3596);
#863=VERTEX_POINT('',#3600);
#864=VERTEX_POINT('',#3604);
#865=EDGE_CURVE('',#723,#724,#617,.F.);
#866=EDGE_CURVE('',#724,#725,#618,.F.);
#867=EDGE_CURVE('',#725,#723,#619,.F.);
#868=EDGE_CURVE('',#726,#727,#620,.F.);
#869=EDGE_CURVE('',#727,#728,#621,.F.);
#870=EDGE_CURVE('',#728,#726,#622,.F.);
#871=EDGE_CURVE('',#729,#730,#623,.F.);
#872=EDGE_CURVE('',#730,#731,#624,.F.);
#873=EDGE_CURVE('',#731,#729,#625,.F.);
#874=EDGE_CURVE('',#732,#733,#626,.F.);
#875=EDGE_CURVE('',#733,#734,#627,.F.);
#876=EDGE_CURVE('',#734,#732,#628,.F.);
#877=EDGE_CURVE('',#735,#736,#629,.F.);
#878=EDGE_CURVE('',#736,#737,#630,.F.);
#879=EDGE_CURVE('',#737,#735,#631,.F.);
#880=EDGE_CURVE('',#738,#739,#632,.F.);
#881=EDGE_CURVE('',#739,#740,#633,.F.);
#882=EDGE_CURVE('',#740,#738,#634,.F.);
#883=EDGE_CURVE('',#741,#740,#95,.T.);
#884=EDGE_CURVE('',#742,#741,#83,.T.);
#885=EDGE_CURVE('',#738,#742,#96,.T.);
#886=EDGE_CURVE('',#732,#739,#97,.T.);
#887=EDGE_CURVE('',#740,#734,#98,.T.);
#888=EDGE_CURVE('',#739,#737,#99,.T.);
#889=EDGE_CURVE('',#735,#738,#100,.T.);
#890=EDGE_CURVE('',#737,#726,#101,.T.);
#891=EDGE_CURVE('',#727,#736,#102,.T.);
#892=EDGE_CURVE('',#731,#735,#103,.T.);
#893=EDGE_CURVE('',#736,#730,#104,.T.);
#894=EDGE_CURVE('',#742,#731,#105,.T.);
#895=EDGE_CURVE('',#729,#741,#106,.T.);
#896=EDGE_CURVE('',#743,#733,#107,.T.);
#897=EDGE_CURVE('',#744,#743,#84,.T.);
#898=EDGE_CURVE('',#734,#744,#108,.T.);
#899=EDGE_CURVE('',#733,#728,#109,.T.);
#900=EDGE_CURVE('',#726,#732,#110,.T.);
#901=EDGE_CURVE('',#725,#729,#111,.T.);
#902=EDGE_CURVE('',#730,#724,#112,.T.);
#903=EDGE_CURVE('',#728,#723,#113,.T.);
#904=EDGE_CURVE('',#724,#727,#114,.T.);
#905=EDGE_CURVE('',#744,#725,#115,.T.);
#906=EDGE_CURVE('',#723,#743,#116,.T.);
#907=EDGE_CURVE('',#744,#745,#117,.T.);
#908=EDGE_CURVE('',#745,#746,#118,.T.);
#909=EDGE_CURVE('',#746,#747,#119,.T.);
#910=EDGE_CURVE('',#747,#748,#45,.T.);
#911=EDGE_CURVE('',#748,#749,#120,.T.);
#912=EDGE_CURVE('',#749,#750,#121,.T.);
#913=EDGE_CURVE('',#750,#751,#635,.T.);
#914=EDGE_CURVE('',#751,#752,#122,.T.);
#915=EDGE_CURVE('',#752,#753,#46,.T.);
#916=EDGE_CURVE('',#753,#754,#123,.T.);
#917=EDGE_CURVE('',#754,#755,#124,.T.);
#918=EDGE_CURVE('',#755,#741,#125,.T.);
#919=EDGE_CURVE('',#756,#757,#636,.T.);
#920=EDGE_CURVE('',#757,#758,#126,.T.);
#921=EDGE_CURVE('',#758,#759,#637,.T.);
#922=EDGE_CURVE('',#759,#760,#127,.T.);
#923=EDGE_CURVE('',#760,#761,#638,.T.);
#924=EDGE_CURVE('',#761,#762,#128,.T.);
#925=EDGE_CURVE('',#762,#763,#639,.T.);
#926=EDGE_CURVE('',#763,#756,#129,.T.);
#927=EDGE_CURVE('',#764,#765,#640,.T.);
#928=EDGE_CURVE('',#749,#764,#85,.T.);
#929=EDGE_CURVE('',#765,#749,#86,.T.);
#930=EDGE_CURVE('',#748,#766,#47,.T.);
#931=EDGE_CURVE('',#766,#767,#641,.T.);
#932=EDGE_CURVE('',#765,#767,#130,.T.);
#933=EDGE_CURVE('',#768,#765,#131,.T.);
#934=EDGE_CURVE('',#767,#769,#132,.T.);
#935=EDGE_CURVE('',#769,#768,#133,.T.);
#936=EDGE_CURVE('',#750,#770,#642,.T.);
#937=EDGE_CURVE('',#770,#771,#643,.T.);
#938=EDGE_CURVE('',#751,#771,#644,.T.);
#939=EDGE_CURVE('',#772,#761,#645,.T.);
#940=EDGE_CURVE('',#760,#769,#646,.T.);
#941=EDGE_CURVE('',#769,#772,#647,.F.);
#942=EDGE_CURVE('',#773,#767,#648,.T.);
#943=EDGE_CURVE('',#772,#773,#134,.T.);
#944=EDGE_CURVE('',#774,#766,#649,.T.);
#945=EDGE_CURVE('',#773,#774,#650,.T.);
#946=EDGE_CURVE('',#774,#747,#48,.T.);
#947=EDGE_CURVE('',#768,#759,#651,.T.);
#948=EDGE_CURVE('',#758,#775,#652,.T.);
#949=EDGE_CURVE('',#775,#768,#653,.F.);
#950=EDGE_CURVE('',#764,#775,#135,.T.);
#951=EDGE_CURVE('',#776,#763,#654,.T.);
#952=EDGE_CURVE('',#762,#777,#655,.T.);
#953=EDGE_CURVE('',#777,#776,#656,.F.);
#954=EDGE_CURVE('',#778,#779,#657,.T.);
#955=EDGE_CURVE('',#776,#778,#136,.T.);
#956=EDGE_CURVE('',#779,#777,#137,.T.);
#957=EDGE_CURVE('',#780,#781,#658,.T.);
#958=EDGE_CURVE('',#778,#780,#659,.T.);
#959=EDGE_CURVE('',#781,#779,#660,.T.);
#960=EDGE_CURVE('',#780,#752,#49,.T.);
#961=EDGE_CURVE('',#753,#781,#50,.T.);
#962=EDGE_CURVE('',#777,#772,#138,.T.);
#963=EDGE_CURVE('',#782,#757,#661,.T.);
#964=EDGE_CURVE('',#756,#783,#662,.T.);
#965=EDGE_CURVE('',#783,#782,#663,.F.);
#966=EDGE_CURVE('',#782,#770,#139,.T.);
#967=EDGE_CURVE('',#771,#783,#140,.T.);
#968=EDGE_CURVE('',#783,#776,#141,.T.);
#969=EDGE_CURVE('',#775,#782,#142,.T.);
#970=EDGE_CURVE('',#770,#764,#143,.T.);
#971=EDGE_CURVE('',#774,#781,#144,.T.);
#972=EDGE_CURVE('',#784,#746,#51,.T.);
#973=EDGE_CURVE('',#785,#784,#145,.T.);
#974=EDGE_CURVE('',#754,#785,#52,.T.);
#975=EDGE_CURVE('',#778,#771,#146,.T.);
#976=EDGE_CURVE('',#786,#745,#664,.T.);
#977=EDGE_CURVE('',#787,#786,#147,.T.);
#978=EDGE_CURVE('',#787,#784,#87,.T.);
#979=EDGE_CURVE('',#788,#787,#148,.T.);
#980=EDGE_CURVE('',#785,#788,#88,.T.);
#981=EDGE_CURVE('',#788,#789,#149,.T.);
#982=EDGE_CURVE('',#755,#789,#665,.T.);
#983=EDGE_CURVE('',#788,#790,#150,.T.);
#984=EDGE_CURVE('',#791,#790,#151,.T.);
#985=EDGE_CURVE('',#789,#791,#152,.T.);
#986=EDGE_CURVE('',#792,#787,#153,.T.);
#987=EDGE_CURVE('',#790,#792,#154,.T.);
#988=EDGE_CURVE('',#793,#793,#666,.T.);
#989=EDGE_CURVE('',#794,#794,#667,.T.);
#990=EDGE_CURVE('',#795,#795,#668,.T.);
#991=EDGE_CURVE('',#796,#796,#669,.T.);
#992=EDGE_CURVE('',#797,#786,#155,.T.);
#993=EDGE_CURVE('',#792,#797,#156,.T.);
#994=EDGE_CURVE('',#798,#799,#670,.F.);
#995=EDGE_CURVE('',#800,#798,#671,.F.);
#996=EDGE_CURVE('',#799,#800,#672,.F.);
#997=EDGE_CURVE('',#801,#802,#673,.F.);
#998=EDGE_CURVE('',#803,#801,#674,.F.);
#999=EDGE_CURVE('',#802,#803,#675,.F.);
#1000=EDGE_CURVE('',#804,#805,#676,.F.);
#1001=EDGE_CURVE('',#806,#804,#677,.F.);
#1002=EDGE_CURVE('',#805,#806,#678,.F.);
#1003=EDGE_CURVE('',#807,#808,#679,.F.);
#1004=EDGE_CURVE('',#809,#807,#680,.F.);
#1005=EDGE_CURVE('',#808,#809,#681,.F.);
#1006=EDGE_CURVE('',#810,#811,#682,.F.);
#1007=EDGE_CURVE('',#812,#810,#683,.F.);
#1008=EDGE_CURVE('',#811,#812,#684,.F.);
#1009=EDGE_CURVE('',#813,#814,#685,.F.);
#1010=EDGE_CURVE('',#815,#813,#686,.F.);
#1011=EDGE_CURVE('',#814,#815,#687,.F.);
#1012=EDGE_CURVE('',#816,#815,#157,.T.);
#1013=EDGE_CURVE('',#813,#817,#158,.T.);
#1014=EDGE_CURVE('',#817,#816,#89,.T.);
#1015=EDGE_CURVE('',#815,#809,#159,.T.);
#1016=EDGE_CURVE('',#807,#814,#160,.T.);
#1017=EDGE_CURVE('',#810,#813,#161,.T.);
#1018=EDGE_CURVE('',#814,#812,#162,.T.);
#1019=EDGE_CURVE('',#802,#811,#163,.T.);
#1020=EDGE_CURVE('',#812,#801,#164,.T.);
#1021=EDGE_CURVE('',#811,#805,#165,.T.);
#1022=EDGE_CURVE('',#806,#810,#166,.T.);
#1023=EDGE_CURVE('',#817,#806,#167,.T.);
#1024=EDGE_CURVE('',#804,#816,#168,.T.);
#1025=EDGE_CURVE('',#818,#808,#169,.T.);
#1026=EDGE_CURVE('',#809,#819,#170,.T.);
#1027=EDGE_CURVE('',#819,#818,#90,.T.);
#1028=EDGE_CURVE('',#801,#807,#171,.T.);
#1029=EDGE_CURVE('',#808,#803,#172,.T.);
#1030=EDGE_CURVE('',#805,#799,#173,.T.);
#1031=EDGE_CURVE('',#800,#804,#174,.T.);
#1032=EDGE_CURVE('',#799,#802,#175,.T.);
#1033=EDGE_CURVE('',#803,#798,#176,.T.);
#1034=EDGE_CURVE('',#819,#800,#177,.T.);
#1035=EDGE_CURVE('',#798,#818,#178,.T.);
#1036=EDGE_CURVE('',#820,#816,#179,.T.);
#1037=EDGE_CURVE('',#821,#820,#180,.T.);
#1038=EDGE_CURVE('',#822,#821,#181,.T.);
#1039=EDGE_CURVE('',#823,#822,#53,.T.);
#1040=EDGE_CURVE('',#824,#823,#182,.T.);
#1041=EDGE_CURVE('',#825,#824,#688,.T.);
#1042=EDGE_CURVE('',#826,#825,#183,.T.);
#1043=EDGE_CURVE('',#827,#826,#184,.T.);
#1044=EDGE_CURVE('',#828,#827,#54,.T.);
#1045=EDGE_CURVE('',#829,#828,#185,.T.);
#1046=EDGE_CURVE('',#830,#829,#186,.T.);
#1047=EDGE_CURVE('',#819,#830,#187,.T.);
#1048=EDGE_CURVE('',#831,#832,#689,.T.);
#1049=EDGE_CURVE('',#833,#831,#188,.T.);
#1050=EDGE_CURVE('',#834,#833,#690,.T.);
#1051=EDGE_CURVE('',#835,#834,#189,.T.);
#1052=EDGE_CURVE('',#836,#835,#691,.T.);
#1053=EDGE_CURVE('',#837,#836,#190,.T.);
#1054=EDGE_CURVE('',#838,#837,#692,.T.);
#1055=EDGE_CURVE('',#832,#838,#191,.T.);
#1056=EDGE_CURVE('',#839,#840,#693,.T.);
#1057=EDGE_CURVE('',#840,#826,#91,.T.);
#1058=EDGE_CURVE('',#826,#839,#92,.T.);
#1059=EDGE_CURVE('',#840,#841,#192,.T.);
#1060=EDGE_CURVE('',#842,#841,#694,.T.);
#1061=EDGE_CURVE('',#827,#842,#55,.T.);
#1062=EDGE_CURVE('',#843,#840,#193,.T.);
#1063=EDGE_CURVE('',#844,#843,#194,.T.);
#1064=EDGE_CURVE('',#841,#844,#195,.T.);
#1065=EDGE_CURVE('',#825,#845,#695,.T.);
#1066=EDGE_CURVE('',#824,#846,#696,.T.);
#1067=EDGE_CURVE('',#845,#846,#697,.T.);
#1068=EDGE_CURVE('',#847,#835,#698,.T.);
#1069=EDGE_CURVE('',#844,#847,#699,.F.);
#1070=EDGE_CURVE('',#836,#844,#700,.T.);
#1071=EDGE_CURVE('',#848,#841,#701,.T.);
#1072=EDGE_CURVE('',#847,#848,#196,.T.);
#1073=EDGE_CURVE('',#849,#842,#702,.T.);
#1074=EDGE_CURVE('',#848,#849,#703,.T.);
#1075=EDGE_CURVE('',#849,#828,#56,.T.);
#1076=EDGE_CURVE('',#843,#837,#704,.T.);
#1077=EDGE_CURVE('',#850,#843,#705,.F.);
#1078=EDGE_CURVE('',#838,#850,#706,.T.);
#1079=EDGE_CURVE('',#839,#850,#197,.T.);
#1080=EDGE_CURVE('',#851,#833,#707,.T.);
#1081=EDGE_CURVE('',#852,#851,#708,.F.);
#1082=EDGE_CURVE('',#834,#852,#709,.T.);
#1083=EDGE_CURVE('',#853,#854,#710,.T.);
#1084=EDGE_CURVE('',#854,#852,#198,.T.);
#1085=EDGE_CURVE('',#851,#853,#199,.T.);
#1086=EDGE_CURVE('',#855,#856,#711,.T.);
#1087=EDGE_CURVE('',#856,#854,#712,.T.);
#1088=EDGE_CURVE('',#853,#855,#713,.T.);
#1089=EDGE_CURVE('',#822,#856,#57,.T.);
#1090=EDGE_CURVE('',#855,#823,#58,.T.);
#1091=EDGE_CURVE('',#852,#847,#200,.T.);
#1092=EDGE_CURVE('',#857,#832,#714,.T.);
#1093=EDGE_CURVE('',#858,#857,#715,.F.);
#1094=EDGE_CURVE('',#831,#858,#716,.T.);
#1095=EDGE_CURVE('',#846,#858,#201,.T.);
#1096=EDGE_CURVE('',#857,#845,#202,.T.);
#1097=EDGE_CURVE('',#858,#851,#203,.T.);
#1098=EDGE_CURVE('',#850,#857,#204,.T.);
#1099=EDGE_CURVE('',#845,#839,#205,.T.);
#1100=EDGE_CURVE('',#821,#859,#59,.T.);
#1101=EDGE_CURVE('',#859,#860,#206,.T.);
#1102=EDGE_CURVE('',#860,#829,#60,.T.);
#1103=EDGE_CURVE('',#849,#856,#207,.T.);
#1104=EDGE_CURVE('',#853,#846,#208,.T.);
#1105=EDGE_CURVE('',#792,#860,#93,.T.);
#1106=EDGE_CURVE('',#797,#830,#717,.T.);
#1107=EDGE_CURVE('',#859,#790,#94,.T.);
#1108=EDGE_CURVE('',#820,#791,#718,.T.);
#1109=EDGE_CURVE('',#861,#861,#719,.T.);
#1110=EDGE_CURVE('',#861,#793,#209,.T.);
#1111=EDGE_CURVE('',#862,#862,#720,.T.);
#1112=EDGE_CURVE('',#862,#794,#210,.T.);
#1113=EDGE_CURVE('',#863,#863,#721,.T.);
#1114=EDGE_CURVE('',#863,#795,#211,.T.);
#1115=EDGE_CURVE('',#864,#864,#722,.T.);
#1116=EDGE_CURVE('',#864,#796,#212,.T.);
#1117=ORIENTED_EDGE('',*,*,#865,.T.);
#1118=ORIENTED_EDGE('',*,*,#866,.T.);
#1119=ORIENTED_EDGE('',*,*,#867,.T.);
#1120=ORIENTED_EDGE('',*,*,#868,.T.);
#1121=ORIENTED_EDGE('',*,*,#869,.T.);
#1122=ORIENTED_EDGE('',*,*,#870,.T.);
#1123=ORIENTED_EDGE('',*,*,#871,.T.);
#1124=ORIENTED_EDGE('',*,*,#872,.T.);
#1125=ORIENTED_EDGE('',*,*,#873,.T.);
#1126=ORIENTED_EDGE('',*,*,#874,.T.);
#1127=ORIENTED_EDGE('',*,*,#875,.T.);
#1128=ORIENTED_EDGE('',*,*,#876,.T.);
#1129=ORIENTED_EDGE('',*,*,#877,.T.);
#1130=ORIENTED_EDGE('',*,*,#878,.T.);
#1131=ORIENTED_EDGE('',*,*,#879,.T.);
#1132=ORIENTED_EDGE('',*,*,#880,.T.);
#1133=ORIENTED_EDGE('',*,*,#881,.T.);
#1134=ORIENTED_EDGE('',*,*,#882,.T.);
#1135=ORIENTED_EDGE('',*,*,#883,.F.);
#1136=ORIENTED_EDGE('',*,*,#884,.F.);
#1137=ORIENTED_EDGE('',*,*,#885,.F.);
#1138=ORIENTED_EDGE('',*,*,#882,.F.);
#1139=ORIENTED_EDGE('',*,*,#881,.F.);
#1140=ORIENTED_EDGE('',*,*,#886,.F.);
#1141=ORIENTED_EDGE('',*,*,#876,.F.);
#1142=ORIENTED_EDGE('',*,*,#887,.F.);
#1143=ORIENTED_EDGE('',*,*,#879,.F.);
#1144=ORIENTED_EDGE('',*,*,#888,.F.);
#1145=ORIENTED_EDGE('',*,*,#880,.F.);
#1146=ORIENTED_EDGE('',*,*,#889,.F.);
#1147=ORIENTED_EDGE('',*,*,#868,.F.);
#1148=ORIENTED_EDGE('',*,*,#890,.F.);
#1149=ORIENTED_EDGE('',*,*,#878,.F.);
#1150=ORIENTED_EDGE('',*,*,#891,.F.);
#1151=ORIENTED_EDGE('',*,*,#877,.F.);
#1152=ORIENTED_EDGE('',*,*,#892,.F.);
#1153=ORIENTED_EDGE('',*,*,#872,.F.);
#1154=ORIENTED_EDGE('',*,*,#893,.F.);
#1155=ORIENTED_EDGE('',*,*,#894,.F.);
#1156=ORIENTED_EDGE('',*,*,#884,.T.);
#1157=ORIENTED_EDGE('',*,*,#895,.F.);
#1158=ORIENTED_EDGE('',*,*,#873,.F.);
#1159=ORIENTED_EDGE('',*,*,#896,.F.);
#1160=ORIENTED_EDGE('',*,*,#897,.F.);
#1161=ORIENTED_EDGE('',*,*,#898,.F.);
#1162=ORIENTED_EDGE('',*,*,#875,.F.);
#1163=ORIENTED_EDGE('',*,*,#870,.F.);
#1164=ORIENTED_EDGE('',*,*,#899,.F.);
#1165=ORIENTED_EDGE('',*,*,#874,.F.);
#1166=ORIENTED_EDGE('',*,*,#900,.F.);
#1167=ORIENTED_EDGE('',*,*,#871,.F.);
#1168=ORIENTED_EDGE('',*,*,#901,.F.);
#1169=ORIENTED_EDGE('',*,*,#866,.F.);
#1170=ORIENTED_EDGE('',*,*,#902,.F.);
#1171=ORIENTED_EDGE('',*,*,#865,.F.);
#1172=ORIENTED_EDGE('',*,*,#903,.F.);
#1173=ORIENTED_EDGE('',*,*,#869,.F.);
#1174=ORIENTED_EDGE('',*,*,#904,.F.);
#1175=ORIENTED_EDGE('',*,*,#905,.F.);
#1176=ORIENTED_EDGE('',*,*,#897,.T.);
#1177=ORIENTED_EDGE('',*,*,#906,.F.);
#1178=ORIENTED_EDGE('',*,*,#867,.F.);
#1179=ORIENTED_EDGE('',*,*,#898,.T.);
#1180=ORIENTED_EDGE('',*,*,#907,.T.);
#1181=ORIENTED_EDGE('',*,*,#908,.T.);
#1182=ORIENTED_EDGE('',*,*,#909,.T.);
#1183=ORIENTED_EDGE('',*,*,#910,.T.);
#1184=ORIENTED_EDGE('',*,*,#911,.T.);
#1185=ORIENTED_EDGE('',*,*,#912,.T.);
#1186=ORIENTED_EDGE('',*,*,#913,.T.);
#1187=ORIENTED_EDGE('',*,*,#914,.T.);
#1188=ORIENTED_EDGE('',*,*,#915,.T.);
#1189=ORIENTED_EDGE('',*,*,#916,.T.);
#1190=ORIENTED_EDGE('',*,*,#917,.T.);
#1191=ORIENTED_EDGE('',*,*,#918,.T.);
#1192=ORIENTED_EDGE('',*,*,#883,.T.);
#1193=ORIENTED_EDGE('',*,*,#887,.T.);
#1194=ORIENTED_EDGE('',*,*,#885,.T.);
#1195=ORIENTED_EDGE('',*,*,#894,.T.);
#1196=ORIENTED_EDGE('',*,*,#892,.T.);
#1197=ORIENTED_EDGE('',*,*,#889,.T.);
#1198=ORIENTED_EDGE('',*,*,#886,.T.);
#1199=ORIENTED_EDGE('',*,*,#888,.T.);
#1200=ORIENTED_EDGE('',*,*,#890,.T.);
#1201=ORIENTED_EDGE('',*,*,#900,.T.);
#1202=ORIENTED_EDGE('',*,*,#891,.T.);
#1203=ORIENTED_EDGE('',*,*,#893,.T.);
#1204=ORIENTED_EDGE('',*,*,#902,.T.);
#1205=ORIENTED_EDGE('',*,*,#904,.T.);
#1206=ORIENTED_EDGE('',*,*,#919,.T.);
#1207=ORIENTED_EDGE('',*,*,#920,.T.);
#1208=ORIENTED_EDGE('',*,*,#921,.T.);
#1209=ORIENTED_EDGE('',*,*,#922,.T.);
#1210=ORIENTED_EDGE('',*,*,#923,.T.);
#1211=ORIENTED_EDGE('',*,*,#924,.T.);
#1212=ORIENTED_EDGE('',*,*,#925,.T.);
#1213=ORIENTED_EDGE('',*,*,#926,.T.);
#1214=ORIENTED_EDGE('',*,*,#896,.T.);
#1215=ORIENTED_EDGE('',*,*,#899,.T.);
#1216=ORIENTED_EDGE('',*,*,#903,.T.);
#1217=ORIENTED_EDGE('',*,*,#906,.T.);
#1218=ORIENTED_EDGE('',*,*,#927,.F.);
#1219=ORIENTED_EDGE('',*,*,#928,.F.);
#1220=ORIENTED_EDGE('',*,*,#929,.F.);
#1221=ORIENTED_EDGE('',*,*,#929,.T.);
#1222=ORIENTED_EDGE('',*,*,#911,.F.);
#1223=ORIENTED_EDGE('',*,*,#930,.T.);
#1224=ORIENTED_EDGE('',*,*,#931,.T.);
#1225=ORIENTED_EDGE('',*,*,#932,.F.);
#1226=ORIENTED_EDGE('',*,*,#933,.T.);
#1227=ORIENTED_EDGE('',*,*,#932,.T.);
#1228=ORIENTED_EDGE('',*,*,#934,.T.);
#1229=ORIENTED_EDGE('',*,*,#935,.T.);
#1230=ORIENTED_EDGE('',*,*,#936,.T.);
#1231=ORIENTED_EDGE('',*,*,#937,.T.);
#1232=ORIENTED_EDGE('',*,*,#938,.F.);
#1233=ORIENTED_EDGE('',*,*,#913,.F.);
#1234=ORIENTED_EDGE('',*,*,#939,.T.);
#1235=ORIENTED_EDGE('',*,*,#923,.F.);
#1236=ORIENTED_EDGE('',*,*,#940,.T.);
#1237=ORIENTED_EDGE('',*,*,#941,.T.);
#1238=ORIENTED_EDGE('',*,*,#942,.F.);
#1239=ORIENTED_EDGE('',*,*,#943,.F.);
#1240=ORIENTED_EDGE('',*,*,#941,.F.);
#1241=ORIENTED_EDGE('',*,*,#934,.F.);
#1242=ORIENTED_EDGE('',*,*,#944,.F.);
#1243=ORIENTED_EDGE('',*,*,#945,.F.);
#1244=ORIENTED_EDGE('',*,*,#942,.T.);
#1245=ORIENTED_EDGE('',*,*,#931,.F.);
#1246=ORIENTED_EDGE('',*,*,#910,.F.);
#1247=ORIENTED_EDGE('',*,*,#946,.F.);
#1248=ORIENTED_EDGE('',*,*,#944,.T.);
#1249=ORIENTED_EDGE('',*,*,#930,.F.);
#1250=ORIENTED_EDGE('',*,*,#947,.T.);
#1251=ORIENTED_EDGE('',*,*,#921,.F.);
#1252=ORIENTED_EDGE('',*,*,#948,.T.);
#1253=ORIENTED_EDGE('',*,*,#949,.T.);
#1254=ORIENTED_EDGE('',*,*,#950,.F.);
#1255=ORIENTED_EDGE('',*,*,#927,.T.);
#1256=ORIENTED_EDGE('',*,*,#933,.F.);
#1257=ORIENTED_EDGE('',*,*,#949,.F.);
#1258=ORIENTED_EDGE('',*,*,#951,.T.);
#1259=ORIENTED_EDGE('',*,*,#925,.F.);
#1260=ORIENTED_EDGE('',*,*,#952,.T.);
#1261=ORIENTED_EDGE('',*,*,#953,.T.);
#1262=ORIENTED_EDGE('',*,*,#954,.F.);
#1263=ORIENTED_EDGE('',*,*,#955,.F.);
#1264=ORIENTED_EDGE('',*,*,#953,.F.);
#1265=ORIENTED_EDGE('',*,*,#956,.F.);
#1266=ORIENTED_EDGE('',*,*,#957,.F.);
#1267=ORIENTED_EDGE('',*,*,#958,.F.);
#1268=ORIENTED_EDGE('',*,*,#954,.T.);
#1269=ORIENTED_EDGE('',*,*,#959,.F.);
#1270=ORIENTED_EDGE('',*,*,#915,.F.);
#1271=ORIENTED_EDGE('',*,*,#960,.F.);
#1272=ORIENTED_EDGE('',*,*,#957,.T.);
#1273=ORIENTED_EDGE('',*,*,#961,.F.);
#1274=ORIENTED_EDGE('',*,*,#939,.F.);
#1275=ORIENTED_EDGE('',*,*,#962,.F.);
#1276=ORIENTED_EDGE('',*,*,#952,.F.);
#1277=ORIENTED_EDGE('',*,*,#924,.F.);
#1278=ORIENTED_EDGE('',*,*,#963,.T.);
#1279=ORIENTED_EDGE('',*,*,#919,.F.);
#1280=ORIENTED_EDGE('',*,*,#964,.T.);
#1281=ORIENTED_EDGE('',*,*,#965,.T.);
#1282=ORIENTED_EDGE('',*,*,#937,.F.);
#1283=ORIENTED_EDGE('',*,*,#966,.F.);
#1284=ORIENTED_EDGE('',*,*,#965,.F.);
#1285=ORIENTED_EDGE('',*,*,#967,.F.);
#1286=ORIENTED_EDGE('',*,*,#951,.F.);
#1287=ORIENTED_EDGE('',*,*,#968,.F.);
#1288=ORIENTED_EDGE('',*,*,#964,.F.);
#1289=ORIENTED_EDGE('',*,*,#926,.F.);
#1290=ORIENTED_EDGE('',*,*,#963,.F.);
#1291=ORIENTED_EDGE('',*,*,#969,.F.);
#1292=ORIENTED_EDGE('',*,*,#948,.F.);
#1293=ORIENTED_EDGE('',*,*,#920,.F.);
#1294=ORIENTED_EDGE('',*,*,#947,.F.);
#1295=ORIENTED_EDGE('',*,*,#935,.F.);
#1296=ORIENTED_EDGE('',*,*,#940,.F.);
#1297=ORIENTED_EDGE('',*,*,#922,.F.);
#1298=ORIENTED_EDGE('',*,*,#928,.T.);
#1299=ORIENTED_EDGE('',*,*,#970,.F.);
#1300=ORIENTED_EDGE('',*,*,#936,.F.);
#1301=ORIENTED_EDGE('',*,*,#912,.F.);
#1302=ORIENTED_EDGE('',*,*,#961,.T.);
#1303=ORIENTED_EDGE('',*,*,#971,.F.);
#1304=ORIENTED_EDGE('',*,*,#946,.T.);
#1305=ORIENTED_EDGE('',*,*,#909,.F.);
#1306=ORIENTED_EDGE('',*,*,#972,.F.);
#1307=ORIENTED_EDGE('',*,*,#973,.F.);
#1308=ORIENTED_EDGE('',*,*,#974,.F.);
#1309=ORIENTED_EDGE('',*,*,#916,.F.);
#1310=ORIENTED_EDGE('',*,*,#955,.T.);
#1311=ORIENTED_EDGE('',*,*,#975,.T.);
#1312=ORIENTED_EDGE('',*,*,#967,.T.);
#1313=ORIENTED_EDGE('',*,*,#968,.T.);
#1314=ORIENTED_EDGE('',*,*,#960,.T.);
#1315=ORIENTED_EDGE('',*,*,#914,.F.);
#1316=ORIENTED_EDGE('',*,*,#938,.T.);
#1317=ORIENTED_EDGE('',*,*,#975,.F.);
#1318=ORIENTED_EDGE('',*,*,#958,.T.);
#1319=ORIENTED_EDGE('',*,*,#972,.T.);
#1320=ORIENTED_EDGE('',*,*,#908,.F.);
#1321=ORIENTED_EDGE('',*,*,#976,.F.);
#1322=ORIENTED_EDGE('',*,*,#977,.F.);
#1323=ORIENTED_EDGE('',*,*,#978,.T.);
#1324=ORIENTED_EDGE('',*,*,#973,.T.);
#1325=ORIENTED_EDGE('',*,*,#978,.F.);
#1326=ORIENTED_EDGE('',*,*,#979,.F.);
#1327=ORIENTED_EDGE('',*,*,#980,.F.);
#1328=ORIENTED_EDGE('',*,*,#974,.T.);
#1329=ORIENTED_EDGE('',*,*,#980,.T.);
#1330=ORIENTED_EDGE('',*,*,#981,.T.);
#1331=ORIENTED_EDGE('',*,*,#982,.F.);
#1332=ORIENTED_EDGE('',*,*,#917,.F.);
#1333=ORIENTED_EDGE('',*,*,#950,.T.);
#1334=ORIENTED_EDGE('',*,*,#969,.T.);
#1335=ORIENTED_EDGE('',*,*,#966,.T.);
#1336=ORIENTED_EDGE('',*,*,#970,.T.);
#1337=ORIENTED_EDGE('',*,*,#959,.T.);
#1338=ORIENTED_EDGE('',*,*,#956,.T.);
#1339=ORIENTED_EDGE('',*,*,#962,.T.);
#1340=ORIENTED_EDGE('',*,*,#943,.T.);
#1341=ORIENTED_EDGE('',*,*,#945,.T.);
#1342=ORIENTED_EDGE('',*,*,#971,.T.);
#1343=ORIENTED_EDGE('',*,*,#981,.F.);
#1344=ORIENTED_EDGE('',*,*,#983,.T.);
#1345=ORIENTED_EDGE('',*,*,#984,.F.);
#1346=ORIENTED_EDGE('',*,*,#985,.F.);
#1347=ORIENTED_EDGE('',*,*,#979,.T.);
#1348=ORIENTED_EDGE('',*,*,#986,.F.);
#1349=ORIENTED_EDGE('',*,*,#987,.F.);
#1350=ORIENTED_EDGE('',*,*,#983,.F.);
#1351=ORIENTED_EDGE('',*,*,#988,.F.);
#1352=ORIENTED_EDGE('',*,*,#989,.F.);
#1353=ORIENTED_EDGE('',*,*,#990,.F.);
#1354=ORIENTED_EDGE('',*,*,#991,.F.);
#1355=ORIENTED_EDGE('',*,*,#977,.T.);
#1356=ORIENTED_EDGE('',*,*,#992,.F.);
#1357=ORIENTED_EDGE('',*,*,#993,.F.);
#1358=ORIENTED_EDGE('',*,*,#986,.T.);
#1359=ORIENTED_EDGE('',*,*,#994,.F.);
#1360=ORIENTED_EDGE('',*,*,#995,.F.);
#1361=ORIENTED_EDGE('',*,*,#996,.F.);
#1362=ORIENTED_EDGE('',*,*,#997,.F.);
#1363=ORIENTED_EDGE('',*,*,#998,.F.);
#1364=ORIENTED_EDGE('',*,*,#999,.F.);
#1365=ORIENTED_EDGE('',*,*,#1000,.F.);
#1366=ORIENTED_EDGE('',*,*,#1001,.F.);
#1367=ORIENTED_EDGE('',*,*,#1002,.F.);
#1368=ORIENTED_EDGE('',*,*,#1003,.F.);
#1369=ORIENTED_EDGE('',*,*,#1004,.F.);
#1370=ORIENTED_EDGE('',*,*,#1005,.F.);
#1371=ORIENTED_EDGE('',*,*,#1006,.F.);
#1372=ORIENTED_EDGE('',*,*,#1007,.F.);
#1373=ORIENTED_EDGE('',*,*,#1008,.F.);
#1374=ORIENTED_EDGE('',*,*,#1009,.F.);
#1375=ORIENTED_EDGE('',*,*,#1010,.F.);
#1376=ORIENTED_EDGE('',*,*,#1011,.F.);
#1377=ORIENTED_EDGE('',*,*,#1012,.T.);
#1378=ORIENTED_EDGE('',*,*,#1010,.T.);
#1379=ORIENTED_EDGE('',*,*,#1013,.T.);
#1380=ORIENTED_EDGE('',*,*,#1014,.T.);
#1381=ORIENTED_EDGE('',*,*,#1011,.T.);
#1382=ORIENTED_EDGE('',*,*,#1015,.T.);
#1383=ORIENTED_EDGE('',*,*,#1004,.T.);
#1384=ORIENTED_EDGE('',*,*,#1016,.T.);
#1385=ORIENTED_EDGE('',*,*,#1007,.T.);
#1386=ORIENTED_EDGE('',*,*,#1017,.T.);
#1387=ORIENTED_EDGE('',*,*,#1009,.T.);
#1388=ORIENTED_EDGE('',*,*,#1018,.T.);
#1389=ORIENTED_EDGE('',*,*,#997,.T.);
#1390=ORIENTED_EDGE('',*,*,#1019,.T.);
#1391=ORIENTED_EDGE('',*,*,#1008,.T.);
#1392=ORIENTED_EDGE('',*,*,#1020,.T.);
#1393=ORIENTED_EDGE('',*,*,#1006,.T.);
#1394=ORIENTED_EDGE('',*,*,#1021,.T.);
#1395=ORIENTED_EDGE('',*,*,#1002,.T.);
#1396=ORIENTED_EDGE('',*,*,#1022,.T.);
#1397=ORIENTED_EDGE('',*,*,#1023,.T.);
#1398=ORIENTED_EDGE('',*,*,#1001,.T.);
#1399=ORIENTED_EDGE('',*,*,#1024,.T.);
#1400=ORIENTED_EDGE('',*,*,#1014,.F.);
#1401=ORIENTED_EDGE('',*,*,#1025,.T.);
#1402=ORIENTED_EDGE('',*,*,#1005,.T.);
#1403=ORIENTED_EDGE('',*,*,#1026,.T.);
#1404=ORIENTED_EDGE('',*,*,#1027,.T.);
#1405=ORIENTED_EDGE('',*,*,#998,.T.);
#1406=ORIENTED_EDGE('',*,*,#1028,.T.);
#1407=ORIENTED_EDGE('',*,*,#1003,.T.);
#1408=ORIENTED_EDGE('',*,*,#1029,.T.);
#1409=ORIENTED_EDGE('',*,*,#1000,.T.);
#1410=ORIENTED_EDGE('',*,*,#1030,.T.);
#1411=ORIENTED_EDGE('',*,*,#996,.T.);
#1412=ORIENTED_EDGE('',*,*,#1031,.T.);
#1413=ORIENTED_EDGE('',*,*,#994,.T.);
#1414=ORIENTED_EDGE('',*,*,#1032,.T.);
#1415=ORIENTED_EDGE('',*,*,#999,.T.);
#1416=ORIENTED_EDGE('',*,*,#1033,.T.);
#1417=ORIENTED_EDGE('',*,*,#1034,.T.);
#1418=ORIENTED_EDGE('',*,*,#995,.T.);
#1419=ORIENTED_EDGE('',*,*,#1035,.T.);
#1420=ORIENTED_EDGE('',*,*,#1027,.F.);
#1421=ORIENTED_EDGE('',*,*,#1026,.F.);
#1422=ORIENTED_EDGE('',*,*,#1015,.F.);
#1423=ORIENTED_EDGE('',*,*,#1012,.F.);
#1424=ORIENTED_EDGE('',*,*,#1036,.F.);
#1425=ORIENTED_EDGE('',*,*,#1037,.F.);
#1426=ORIENTED_EDGE('',*,*,#1038,.F.);
#1427=ORIENTED_EDGE('',*,*,#1039,.F.);
#1428=ORIENTED_EDGE('',*,*,#1040,.F.);
#1429=ORIENTED_EDGE('',*,*,#1041,.F.);
#1430=ORIENTED_EDGE('',*,*,#1042,.F.);
#1431=ORIENTED_EDGE('',*,*,#1043,.F.);
#1432=ORIENTED_EDGE('',*,*,#1044,.F.);
#1433=ORIENTED_EDGE('',*,*,#1045,.F.);
#1434=ORIENTED_EDGE('',*,*,#1046,.F.);
#1435=ORIENTED_EDGE('',*,*,#1047,.F.);
#1436=ORIENTED_EDGE('',*,*,#1013,.F.);
#1437=ORIENTED_EDGE('',*,*,#1017,.F.);
#1438=ORIENTED_EDGE('',*,*,#1022,.F.);
#1439=ORIENTED_EDGE('',*,*,#1023,.F.);
#1440=ORIENTED_EDGE('',*,*,#1016,.F.);
#1441=ORIENTED_EDGE('',*,*,#1028,.F.);
#1442=ORIENTED_EDGE('',*,*,#1020,.F.);
#1443=ORIENTED_EDGE('',*,*,#1018,.F.);
#1444=ORIENTED_EDGE('',*,*,#1019,.F.);
#1445=ORIENTED_EDGE('',*,*,#1032,.F.);
#1446=ORIENTED_EDGE('',*,*,#1030,.F.);
#1447=ORIENTED_EDGE('',*,*,#1021,.F.);
#1448=ORIENTED_EDGE('',*,*,#1048,.F.);
#1449=ORIENTED_EDGE('',*,*,#1049,.F.);
#1450=ORIENTED_EDGE('',*,*,#1050,.F.);
#1451=ORIENTED_EDGE('',*,*,#1051,.F.);
#1452=ORIENTED_EDGE('',*,*,#1052,.F.);
#1453=ORIENTED_EDGE('',*,*,#1053,.F.);
#1454=ORIENTED_EDGE('',*,*,#1054,.F.);
#1455=ORIENTED_EDGE('',*,*,#1055,.F.);
#1456=ORIENTED_EDGE('',*,*,#1025,.F.);
#1457=ORIENTED_EDGE('',*,*,#1035,.F.);
#1458=ORIENTED_EDGE('',*,*,#1033,.F.);
#1459=ORIENTED_EDGE('',*,*,#1029,.F.);
#1460=ORIENTED_EDGE('',*,*,#1056,.T.);
#1461=ORIENTED_EDGE('',*,*,#1057,.T.);
#1462=ORIENTED_EDGE('',*,*,#1058,.T.);
#1463=ORIENTED_EDGE('',*,*,#1057,.F.);
#1464=ORIENTED_EDGE('',*,*,#1059,.T.);
#1465=ORIENTED_EDGE('',*,*,#1060,.F.);
#1466=ORIENTED_EDGE('',*,*,#1061,.F.);
#1467=ORIENTED_EDGE('',*,*,#1043,.T.);
#1468=ORIENTED_EDGE('',*,*,#1062,.F.);
#1469=ORIENTED_EDGE('',*,*,#1063,.F.);
#1470=ORIENTED_EDGE('',*,*,#1064,.F.);
#1471=ORIENTED_EDGE('',*,*,#1059,.F.);
#1472=ORIENTED_EDGE('',*,*,#1065,.F.);
#1473=ORIENTED_EDGE('',*,*,#1041,.T.);
#1474=ORIENTED_EDGE('',*,*,#1066,.T.);
#1475=ORIENTED_EDGE('',*,*,#1067,.F.);
#1476=ORIENTED_EDGE('',*,*,#1068,.F.);
#1477=ORIENTED_EDGE('',*,*,#1069,.F.);
#1478=ORIENTED_EDGE('',*,*,#1070,.F.);
#1479=ORIENTED_EDGE('',*,*,#1052,.T.);
#1480=ORIENTED_EDGE('',*,*,#1071,.T.);
#1481=ORIENTED_EDGE('',*,*,#1064,.T.);
#1482=ORIENTED_EDGE('',*,*,#1069,.T.);
#1483=ORIENTED_EDGE('',*,*,#1072,.T.);
#1484=ORIENTED_EDGE('',*,*,#1073,.T.);
#1485=ORIENTED_EDGE('',*,*,#1060,.T.);
#1486=ORIENTED_EDGE('',*,*,#1071,.F.);
#1487=ORIENTED_EDGE('',*,*,#1074,.T.);
#1488=ORIENTED_EDGE('',*,*,#1044,.T.);
#1489=ORIENTED_EDGE('',*,*,#1061,.T.);
#1490=ORIENTED_EDGE('',*,*,#1073,.F.);
#1491=ORIENTED_EDGE('',*,*,#1075,.T.);
#1492=ORIENTED_EDGE('',*,*,#1076,.F.);
#1493=ORIENTED_EDGE('',*,*,#1077,.F.);
#1494=ORIENTED_EDGE('',*,*,#1078,.F.);
#1495=ORIENTED_EDGE('',*,*,#1054,.T.);
#1496=ORIENTED_EDGE('',*,*,#1079,.T.);
#1497=ORIENTED_EDGE('',*,*,#1077,.T.);
#1498=ORIENTED_EDGE('',*,*,#1062,.T.);
#1499=ORIENTED_EDGE('',*,*,#1056,.F.);
#1500=ORIENTED_EDGE('',*,*,#1080,.F.);
#1501=ORIENTED_EDGE('',*,*,#1081,.F.);
#1502=ORIENTED_EDGE('',*,*,#1082,.F.);
#1503=ORIENTED_EDGE('',*,*,#1050,.T.);
#1504=ORIENTED_EDGE('',*,*,#1083,.T.);
#1505=ORIENTED_EDGE('',*,*,#1084,.T.);
#1506=ORIENTED_EDGE('',*,*,#1081,.T.);
#1507=ORIENTED_EDGE('',*,*,#1085,.T.);
#1508=ORIENTED_EDGE('',*,*,#1086,.T.);
#1509=ORIENTED_EDGE('',*,*,#1087,.T.);
#1510=ORIENTED_EDGE('',*,*,#1083,.F.);
#1511=ORIENTED_EDGE('',*,*,#1088,.T.);
#1512=ORIENTED_EDGE('',*,*,#1039,.T.);
#1513=ORIENTED_EDGE('',*,*,#1089,.T.);
#1514=ORIENTED_EDGE('',*,*,#1086,.F.);
#1515=ORIENTED_EDGE('',*,*,#1090,.T.);
#1516=ORIENTED_EDGE('',*,*,#1068,.T.);
#1517=ORIENTED_EDGE('',*,*,#1051,.T.);
#1518=ORIENTED_EDGE('',*,*,#1082,.T.);
#1519=ORIENTED_EDGE('',*,*,#1091,.T.);
#1520=ORIENTED_EDGE('',*,*,#1092,.F.);
#1521=ORIENTED_EDGE('',*,*,#1093,.F.);
#1522=ORIENTED_EDGE('',*,*,#1094,.F.);
#1523=ORIENTED_EDGE('',*,*,#1048,.T.);
#1524=ORIENTED_EDGE('',*,*,#1067,.T.);
#1525=ORIENTED_EDGE('',*,*,#1095,.T.);
#1526=ORIENTED_EDGE('',*,*,#1093,.T.);
#1527=ORIENTED_EDGE('',*,*,#1096,.T.);
#1528=ORIENTED_EDGE('',*,*,#1080,.T.);
#1529=ORIENTED_EDGE('',*,*,#1049,.T.);
#1530=ORIENTED_EDGE('',*,*,#1094,.T.);
#1531=ORIENTED_EDGE('',*,*,#1097,.T.);
#1532=ORIENTED_EDGE('',*,*,#1092,.T.);
#1533=ORIENTED_EDGE('',*,*,#1055,.T.);
#1534=ORIENTED_EDGE('',*,*,#1078,.T.);
#1535=ORIENTED_EDGE('',*,*,#1098,.T.);
#1536=ORIENTED_EDGE('',*,*,#1076,.T.);
#1537=ORIENTED_EDGE('',*,*,#1053,.T.);
#1538=ORIENTED_EDGE('',*,*,#1070,.T.);
#1539=ORIENTED_EDGE('',*,*,#1063,.T.);
#1540=ORIENTED_EDGE('',*,*,#1058,.F.);
#1541=ORIENTED_EDGE('',*,*,#1042,.T.);
#1542=ORIENTED_EDGE('',*,*,#1065,.T.);
#1543=ORIENTED_EDGE('',*,*,#1099,.T.);
#1544=ORIENTED_EDGE('',*,*,#1089,.F.);
#1545=ORIENTED_EDGE('',*,*,#1038,.T.);
#1546=ORIENTED_EDGE('',*,*,#1100,.T.);
#1547=ORIENTED_EDGE('',*,*,#1101,.T.);
#1548=ORIENTED_EDGE('',*,*,#1102,.T.);
#1549=ORIENTED_EDGE('',*,*,#1045,.T.);
#1550=ORIENTED_EDGE('',*,*,#1075,.F.);
#1551=ORIENTED_EDGE('',*,*,#1103,.T.);
#1552=ORIENTED_EDGE('',*,*,#1085,.F.);
#1553=ORIENTED_EDGE('',*,*,#1097,.F.);
#1554=ORIENTED_EDGE('',*,*,#1095,.F.);
#1555=ORIENTED_EDGE('',*,*,#1104,.F.);
#1556=ORIENTED_EDGE('',*,*,#1090,.F.);
#1557=ORIENTED_EDGE('',*,*,#1088,.F.);
#1558=ORIENTED_EDGE('',*,*,#1104,.T.);
#1559=ORIENTED_EDGE('',*,*,#1066,.F.);
#1560=ORIENTED_EDGE('',*,*,#1040,.T.);
#1561=ORIENTED_EDGE('',*,*,#1102,.F.);
#1562=ORIENTED_EDGE('',*,*,#1105,.F.);
#1563=ORIENTED_EDGE('',*,*,#993,.T.);
#1564=ORIENTED_EDGE('',*,*,#1106,.T.);
#1565=ORIENTED_EDGE('',*,*,#1046,.T.);
#1566=ORIENTED_EDGE('',*,*,#1101,.F.);
#1567=ORIENTED_EDGE('',*,*,#1107,.T.);
#1568=ORIENTED_EDGE('',*,*,#987,.T.);
#1569=ORIENTED_EDGE('',*,*,#1105,.T.);
#1570=ORIENTED_EDGE('',*,*,#1100,.F.);
#1571=ORIENTED_EDGE('',*,*,#1037,.T.);
#1572=ORIENTED_EDGE('',*,*,#1108,.T.);
#1573=ORIENTED_EDGE('',*,*,#984,.T.);
#1574=ORIENTED_EDGE('',*,*,#1107,.F.);
#1575=ORIENTED_EDGE('',*,*,#1079,.F.);
#1576=ORIENTED_EDGE('',*,*,#1099,.F.);
#1577=ORIENTED_EDGE('',*,*,#1096,.F.);
#1578=ORIENTED_EDGE('',*,*,#1098,.F.);
#1579=ORIENTED_EDGE('',*,*,#1087,.F.);
#1580=ORIENTED_EDGE('',*,*,#1103,.F.);
#1581=ORIENTED_EDGE('',*,*,#1074,.F.);
#1582=ORIENTED_EDGE('',*,*,#1072,.F.);
#1583=ORIENTED_EDGE('',*,*,#1091,.F.);
#1584=ORIENTED_EDGE('',*,*,#1084,.F.);
#1585=ORIENTED_EDGE('',*,*,#1109,.F.);
#1586=ORIENTED_EDGE('',*,*,#1110,.T.);
#1587=ORIENTED_EDGE('',*,*,#988,.T.);
#1588=ORIENTED_EDGE('',*,*,#1110,.F.);
#1589=ORIENTED_EDGE('',*,*,#1111,.F.);
#1590=ORIENTED_EDGE('',*,*,#1112,.T.);
#1591=ORIENTED_EDGE('',*,*,#989,.T.);
#1592=ORIENTED_EDGE('',*,*,#1112,.F.);
#1593=ORIENTED_EDGE('',*,*,#1113,.F.);
#1594=ORIENTED_EDGE('',*,*,#1114,.T.);
#1595=ORIENTED_EDGE('',*,*,#990,.T.);
#1596=ORIENTED_EDGE('',*,*,#1114,.F.);
#1597=ORIENTED_EDGE('',*,*,#1115,.F.);
#1598=ORIENTED_EDGE('',*,*,#1116,.T.);
#1599=ORIENTED_EDGE('',*,*,#991,.T.);
#1600=ORIENTED_EDGE('',*,*,#1116,.F.);
#1601=ORIENTED_EDGE('',*,*,#1108,.F.);
#1602=ORIENTED_EDGE('',*,*,#1036,.T.);
#1603=ORIENTED_EDGE('',*,*,#1024,.F.);
#1604=ORIENTED_EDGE('',*,*,#1031,.F.);
#1605=ORIENTED_EDGE('',*,*,#1034,.F.);
#1606=ORIENTED_EDGE('',*,*,#1047,.T.);
#1607=ORIENTED_EDGE('',*,*,#1106,.F.);
#1608=ORIENTED_EDGE('',*,*,#992,.T.);
#1609=ORIENTED_EDGE('',*,*,#976,.T.);
#1610=ORIENTED_EDGE('',*,*,#907,.F.);
#1611=ORIENTED_EDGE('',*,*,#905,.T.);
#1612=ORIENTED_EDGE('',*,*,#901,.T.);
#1613=ORIENTED_EDGE('',*,*,#895,.T.);
#1614=ORIENTED_EDGE('',*,*,#918,.F.);
#1615=ORIENTED_EDGE('',*,*,#982,.T.);
#1616=ORIENTED_EDGE('',*,*,#985,.T.);
#1617=ORIENTED_EDGE('',*,*,#1115,.T.);
#1618=ORIENTED_EDGE('',*,*,#1113,.T.);
#1619=ORIENTED_EDGE('',*,*,#1111,.T.);
#1620=ORIENTED_EDGE('',*,*,#1109,.T.);
#1621=SPHERICAL_SURFACE('',#1757,2.);
#1622=SPHERICAL_SURFACE('',#1761,2.);
#1623=SPHERICAL_SURFACE('',#1765,1.99999999999999);
#1624=SPHERICAL_SURFACE('',#1769,1.99999999999999);
#1625=SPHERICAL_SURFACE('',#1773,2.);
#1626=SPHERICAL_SURFACE('',#1777,2.);
#1627=SPHERICAL_SURFACE('',#1867,2.);
#1628=SPHERICAL_SURFACE('',#1871,2.);
#1629=SPHERICAL_SURFACE('',#1875,1.99999999999999);
#1630=SPHERICAL_SURFACE('',#1879,1.99999999999999);
#1631=SPHERICAL_SURFACE('',#1883,2.);
#1632=SPHERICAL_SURFACE('',#1887,2.);
#1633=ADVANCED_FACE('',(#387),#1621,.T.);
#1634=ADVANCED_FACE('',(#388),#1622,.T.);
#1635=ADVANCED_FACE('',(#389),#1623,.T.);
#1636=ADVANCED_FACE('',(#390),#1624,.T.);
#1637=ADVANCED_FACE('',(#391),#1625,.T.);
#1638=ADVANCED_FACE('',(#392),#1626,.T.);
#1639=ADVANCED_FACE('',(#393),#331,.T.);
#1640=ADVANCED_FACE('',(#394),#332,.T.);
#1641=ADVANCED_FACE('',(#395),#333,.T.);
#1642=ADVANCED_FACE('',(#396),#334,.T.);
#1643=ADVANCED_FACE('',(#397),#335,.T.);
#1644=ADVANCED_FACE('',(#398),#336,.T.);
#1645=ADVANCED_FACE('',(#399),#337,.T.);
#1646=ADVANCED_FACE('',(#400),#338,.T.);
#1647=ADVANCED_FACE('',(#401),#339,.T.);
#1648=ADVANCED_FACE('',(#402),#340,.T.);
#1649=ADVANCED_FACE('',(#403),#341,.T.);
#1650=ADVANCED_FACE('',(#404),#61,.T.);
#1651=ADVANCED_FACE('',(#405),#62,.F.);
#1652=ADVANCED_FACE('',(#406),#63,.F.);
#1653=ADVANCED_FACE('',(#407,#35),#64,.F.);
#1654=ADVANCED_FACE('',(#408),#65,.F.);
#1655=ADVANCED_FACE('',(#409),#29,.F.);
#1656=ADVANCED_FACE('',(#410),#342,.T.);
#1657=ADVANCED_FACE('',(#411),#66,.F.);
#1658=ADVANCED_FACE('',(#412),#15,.T.);
#1659=ADVANCED_FACE('',(#413),#16,.T.);
#1660=ADVANCED_FACE('',(#414),#343,.F.);
#1661=ADVANCED_FACE('',(#415),#17,.F.);
#1662=ADVANCED_FACE('',(#416),#30,.F.);
#1663=ADVANCED_FACE('',(#417),#18,.T.);
#1664=ADVANCED_FACE('',(#418),#344,.F.);
#1665=ADVANCED_FACE('',(#419),#19,.T.);
#1666=ADVANCED_FACE('',(#420),#345,.F.);
#1667=ADVANCED_FACE('',(#421),#20,.F.);
#1668=ADVANCED_FACE('',(#422),#31,.F.);
#1669=ADVANCED_FACE('',(#423),#346,.T.);
#1670=ADVANCED_FACE('',(#424),#21,.T.);
#1671=ADVANCED_FACE('',(#425),#347,.F.);
#1672=ADVANCED_FACE('',(#426),#348,.T.);
#1673=ADVANCED_FACE('',(#427),#349,.T.);
#1674=ADVANCED_FACE('',(#428),#350,.T.);
#1675=ADVANCED_FACE('',(#429),#351,.T.);
#1676=ADVANCED_FACE('',(#430),#352,.T.);
#1677=ADVANCED_FACE('',(#431),#67,.F.);
#1678=ADVANCED_FACE('',(#432),#353,.T.);
#1679=ADVANCED_FACE('',(#433),#354,.F.);
#1680=ADVANCED_FACE('',(#434),#355,.F.);
#1681=ADVANCED_FACE('',(#435),#356,.F.);
#1682=ADVANCED_FACE('',(#436),#68,.F.);
#1683=ADVANCED_FACE('',(#437),#69,.F.);
#1684=ADVANCED_FACE('',(#438),#70,.T.);
#1685=ADVANCED_FACE('',(#439,#36,#37,#38,#39),#71,.F.);
#1686=ADVANCED_FACE('',(#440),#72,.T.);
#1687=ADVANCED_FACE('',(#441),#1627,.T.);
#1688=ADVANCED_FACE('',(#442),#1628,.T.);
#1689=ADVANCED_FACE('',(#443),#1629,.T.);
#1690=ADVANCED_FACE('',(#444),#1630,.T.);
#1691=ADVANCED_FACE('',(#445),#1631,.T.);
#1692=ADVANCED_FACE('',(#446),#1632,.T.);
#1693=ADVANCED_FACE('',(#447),#357,.T.);
#1694=ADVANCED_FACE('',(#448),#358,.T.);
#1695=ADVANCED_FACE('',(#449),#359,.T.);
#1696=ADVANCED_FACE('',(#450),#360,.T.);
#1697=ADVANCED_FACE('',(#451),#361,.T.);
#1698=ADVANCED_FACE('',(#452),#362,.T.);
#1699=ADVANCED_FACE('',(#453),#363,.T.);
#1700=ADVANCED_FACE('',(#454),#364,.T.);
#1701=ADVANCED_FACE('',(#455),#365,.T.);
#1702=ADVANCED_FACE('',(#456),#366,.T.);
#1703=ADVANCED_FACE('',(#457),#367,.T.);
#1704=ADVANCED_FACE('',(#458),#73,.F.);
#1705=ADVANCED_FACE('',(#459),#74,.T.);
#1706=ADVANCED_FACE('',(#460),#75,.T.);
#1707=ADVANCED_FACE('',(#461,#40),#76,.T.);
#1708=ADVANCED_FACE('',(#462),#77,.T.);
#1709=ADVANCED_FACE('',(#463),#32,.T.);
#1710=ADVANCED_FACE('',(#464),#368,.T.);
#1711=ADVANCED_FACE('',(#465),#78,.T.);
#1712=ADVANCED_FACE('',(#466),#22,.T.);
#1713=ADVANCED_FACE('',(#467),#23,.T.);
#1714=ADVANCED_FACE('',(#468),#369,.F.);
#1715=ADVANCED_FACE('',(#469),#24,.F.);
#1716=ADVANCED_FACE('',(#470),#33,.T.);
#1717=ADVANCED_FACE('',(#471),#25,.T.);
#1718=ADVANCED_FACE('',(#472),#370,.F.);
#1719=ADVANCED_FACE('',(#473),#26,.T.);
#1720=ADVANCED_FACE('',(#474),#371,.F.);
#1721=ADVANCED_FACE('',(#475),#27,.F.);
#1722=ADVANCED_FACE('',(#476),#34,.T.);
#1723=ADVANCED_FACE('',(#477),#372,.T.);
#1724=ADVANCED_FACE('',(#478),#28,.T.);
#1725=ADVANCED_FACE('',(#479),#373,.F.);
#1726=ADVANCED_FACE('',(#480),#374,.T.);
#1727=ADVANCED_FACE('',(#481),#375,.T.);
#1728=ADVANCED_FACE('',(#482),#376,.T.);
#1729=ADVANCED_FACE('',(#483),#377,.T.);
#1730=ADVANCED_FACE('',(#484),#378,.T.);
#1731=ADVANCED_FACE('',(#485),#79,.T.);
#1732=ADVANCED_FACE('',(#486),#379,.T.);
#1733=ADVANCED_FACE('',(#487),#380,.F.);
#1734=ADVANCED_FACE('',(#488),#381,.F.);
#1735=ADVANCED_FACE('',(#489),#382,.F.);
#1736=ADVANCED_FACE('',(#490),#80,.T.);
#1737=ADVANCED_FACE('',(#491),#81,.T.);
#1738=ADVANCED_FACE('',(#492),#383,.F.);
#1739=ADVANCED_FACE('',(#493),#384,.F.);
#1740=ADVANCED_FACE('',(#494),#385,.F.);
#1741=ADVANCED_FACE('',(#495),#386,.F.);
#1742=ADVANCED_FACE('',(#496,#41,#42,#43,#44),#82,.T.);
#1743=CLOSED_SHELL('',(#1633,#1634,#1635,#1636,#1637,#1638,#1639,#1640,
#1641,#1642,#1643,#1644,#1645,#1646,#1647,#1648,#1649,#1650,#1651,#1652,
#1653,#1654,#1655,#1656,#1657,#1658,#1659,#1660,#1661,#1662,#1663,#1664,
#1665,#1666,#1667,#1668,#1669,#1670,#1671,#1672,#1673,#1674,#1675,#1676,
#1677,#1678,#1679,#1680,#1681,#1682,#1683,#1684,#1685,#1686,#1687,#1688,
#1689,#1690,#1691,#1692,#1693,#1694,#1695,#1696,#1697,#1698,#1699,#1700,
#1701,#1702,#1703,#1704,#1705,#1706,#1707,#1708,#1709,#1710,#1711,#1712,
#1713,#1714,#1715,#1716,#1717,#1718,#1719,#1720,#1721,#1722,#1723,#1724,
#1725,#1726,#1727,#1728,#1729,#1730,#1731,#1732,#1733,#1734,#1735,#1736,
#1737,#1738,#1739,#1740,#1741,#1742));
#1744=DERIVED_UNIT_ELEMENT(#1746,1.);
#1745=DERIVED_UNIT_ELEMENT(#3613,-3.);
#1746=(
MASS_UNIT()
NAMED_UNIT(*)
SI_UNIT(.KILO.,.GRAM.)
);
#1747=DERIVED_UNIT((#1744,#1745));
#1748=MEASURE_REPRESENTATION_ITEM('density measure',
POSITIVE_RATIO_MEASURE(7850.),#1747);
#1749=PROPERTY_DEFINITION_REPRESENTATION(#1754,#1751);
#1750=PROPERTY_DEFINITION_REPRESENTATION(#1755,#1752);
#1751=REPRESENTATION('material name',(#1753),#3610);
#1752=REPRESENTATION('density',(#1748),#3610);
#1753=DESCRIPTIVE_REPRESENTATION_ITEM('Steel','Steel');
#1754=PROPERTY_DEFINITION('material property','material name',#3620);
#1755=PROPERTY_DEFINITION('material property','density of part',#3620);
#1756=AXIS2_PLACEMENT_3D('',#2543,#1979,#1980);
#1757=AXIS2_PLACEMENT_3D('',#2544,#1981,#1982);
#1758=AXIS2_PLACEMENT_3D('',#2547,#1983,#1984);
#1759=AXIS2_PLACEMENT_3D('',#2549,#1985,#1986);
#1760=AXIS2_PLACEMENT_3D('',#2550,#1987,#1988);
#1761=AXIS2_PLACEMENT_3D('',#2551,#1989,#1990);
#1762=AXIS2_PLACEMENT_3D('',#2554,#1991,#1992);
#1763=AXIS2_PLACEMENT_3D('',#2556,#1993,#1994);
#1764=AXIS2_PLACEMENT_3D('',#2557,#1995,#1996);
#1765=AXIS2_PLACEMENT_3D('',#2558,#1997,#1998);
#1766=AXIS2_PLACEMENT_3D('',#2561,#1999,#2000);
#1767=AXIS2_PLACEMENT_3D('',#2563,#2001,#2002);
#1768=AXIS2_PLACEMENT_3D('',#2564,#2003,#2004);
#1769=AXIS2_PLACEMENT_3D('',#2565,#2005,#2006);
#1770=AXIS2_PLACEMENT_3D('',#2568,#2007,#2008);
#1771=AXIS2_PLACEMENT_3D('',#2570,#2009,#2010);
#1772=AXIS2_PLACEMENT_3D('',#2571,#2011,#2012);
#1773=AXIS2_PLACEMENT_3D('',#2572,#2013,#2014);
#1774=AXIS2_PLACEMENT_3D('',#2575,#2015,#2016);
#1775=AXIS2_PLACEMENT_3D('',#2577,#2017,#2018);
#1776=AXIS2_PLACEMENT_3D('',#2578,#2019,#2020);
#1777=AXIS2_PLACEMENT_3D('',#2579,#2021,#2022);
#1778=AXIS2_PLACEMENT_3D('',#2582,#2023,#2024);
#1779=AXIS2_PLACEMENT_3D('',#2584,#2025,#2026);
#1780=AXIS2_PLACEMENT_3D('',#2585,#2027,#2028);
#1781=AXIS2_PLACEMENT_3D('',#2586,#2029,#2030);
#1782=AXIS2_PLACEMENT_3D('',#2590,#2032,#2033);
#1783=AXIS2_PLACEMENT_3D('',#2592,#2035,#2036);
#1784=AXIS2_PLACEMENT_3D('',#2595,#2039,#2040);
#1785=AXIS2_PLACEMENT_3D('',#2598,#2043,#2044);
#1786=AXIS2_PLACEMENT_3D('',#2601,#2047,#2048);
#1787=AXIS2_PLACEMENT_3D('',#2604,#2051,#2052);
#1788=AXIS2_PLACEMENT_3D('',#2607,#2055,#2056);
#1789=AXIS2_PLACEMENT_3D('',#2611,#2058,#2059);
#1790=AXIS2_PLACEMENT_3D('',#2613,#2061,#2062);
#1791=AXIS2_PLACEMENT_3D('',#2616,#2065,#2066);
#1792=AXIS2_PLACEMENT_3D('',#2619,#2069,#2070);
#1793=AXIS2_PLACEMENT_3D('',#2622,#2073,#2074);
#1794=AXIS2_PLACEMENT_3D('',#2625,#2077,#2078);
#1795=AXIS2_PLACEMENT_3D('',#2648,#2084,#2085);
#1796=AXIS2_PLACEMENT_3D('',#2667,#2090,#2091);
#1797=AXIS2_PLACEMENT_3D('',#2668,#2092,#2093);
#1798=AXIS2_PLACEMENT_3D('',#2669,#2094,#2095);
#1799=AXIS2_PLACEMENT_3D('',#2672,#2096,#2097);
#1800=AXIS2_PLACEMENT_3D('',#2676,#2099,#2100);
#1801=AXIS2_PLACEMENT_3D('',#2680,#2102,#2103);
#1802=AXIS2_PLACEMENT_3D('',#2684,#2105,#2106);
#1803=AXIS2_PLACEMENT_3D('',#2686,#2108,#2109);
#1804=AXIS2_PLACEMENT_3D('',#2724,#2110,#2111);
#1805=AXIS2_PLACEMENT_3D('',#2725,#2112,#2113);
#1806=AXIS2_PLACEMENT_3D('',#2726,#2114,#2115);
#1807=AXIS2_PLACEMENT_3D('',#2727,#2116,#2117);
#1808=AXIS2_PLACEMENT_3D('',#2746,#2118,#2119);
#1809=AXIS2_PLACEMENT_3D('',#2748,#2121,#2122);
#1810=AXIS2_PLACEMENT_3D('',#2754,#2126,#2127);
#1811=AXIS2_PLACEMENT_3D('',#2756,#2128,#2129);
#1812=AXIS2_PLACEMENT_3D('',#2758,#2130,#2131);
#1813=AXIS2_PLACEMENT_3D('',#2759,#2132,#2133);
#1814=AXIS2_PLACEMENT_3D('',#2760,#2134,#2135);
#1815=AXIS2_PLACEMENT_3D('',#2762,#2136,#2137);
#1816=AXIS2_PLACEMENT_3D('',#2763,#2138,#2139);
#1817=AXIS2_PLACEMENT_3D('',#2764,#2140,#2141);
#1818=AXIS2_PLACEMENT_3D('',#2765,#2142,#2143);
#1819=AXIS2_PLACEMENT_3D('',#2767,#2144,#2145);
#1820=AXIS2_PLACEMENT_3D('',#2769,#2147,#2148);
#1821=AXIS2_PLACEMENT_3D('',#2771,#2149,#2150);
#1822=AXIS2_PLACEMENT_3D('',#2772,#2151,#2152);
#1823=AXIS2_PLACEMENT_3D('',#2867,#2153,#2154);
#1824=AXIS2_PLACEMENT_3D('',#2868,#2155,#2156);
#1825=AXIS2_PLACEMENT_3D('',#2870,#2157,#2158);
#1826=AXIS2_PLACEMENT_3D('',#2871,#2159,#2160);
#1827=AXIS2_PLACEMENT_3D('',#2872,#2161,#2162);
#1828=AXIS2_PLACEMENT_3D('',#2874,#2164,#2165);
#1829=AXIS2_PLACEMENT_3D('',#2876,#2166,#2167);
#1830=AXIS2_PLACEMENT_3D('',#2878,#2168,#2169);
#1831=AXIS2_PLACEMENT_3D('',#2879,#2170,#2171);
#1832=AXIS2_PLACEMENT_3D('',#2880,#2172,#2173);
#1833=AXIS2_PLACEMENT_3D('',#2883,#2174,#2175);
#1834=AXIS2_PLACEMENT_3D('',#2886,#2178,#2179);
#1835=AXIS2_PLACEMENT_3D('',#2889,#2180,#2181);
#1836=AXIS2_PLACEMENT_3D('',#2890,#2182,#2183);
#1837=AXIS2_PLACEMENT_3D('',#2891,#2184,#2185);
#1838=AXIS2_PLACEMENT_3D('',#3002,#2186,#2187);
#1839=AXIS2_PLACEMENT_3D('',#3004,#2189,#2190);
#1840=AXIS2_PLACEMENT_3D('',#3006,#2191,#2192);
#1841=AXIS2_PLACEMENT_3D('',#3008,#2193,#2194);
#1842=AXIS2_PLACEMENT_3D('',#3009,#2195,#2196);
#1843=AXIS2_PLACEMENT_3D('',#3010,#2197,#2198);
#1844=AXIS2_PLACEMENT_3D('',#3013,#2201,#2202);
#1845=AXIS2_PLACEMENT_3D('',#3015,#2204,#2205);
#1846=AXIS2_PLACEMENT_3D('',#3017,#2207,#2208);
#1847=AXIS2_PLACEMENT_3D('',#3018,#2209,#2210);
#1848=AXIS2_PLACEMENT_3D('',#3020,#2212,#2213);
#1849=AXIS2_PLACEMENT_3D('',#3041,#2216,#2217);
#1850=AXIS2_PLACEMENT_3D('',#3043,#2219,#2220);
#1851=AXIS2_PLACEMENT_3D('',#3044,#2221,#2222);
#1852=AXIS2_PLACEMENT_3D('',#3046,#2223,#2224);
#1853=AXIS2_PLACEMENT_3D('',#3049,#2226,#2227);
#1854=AXIS2_PLACEMENT_3D('',#3050,#2228,#2229);
#1855=AXIS2_PLACEMENT_3D('',#3053,#2231,#2232);
#1856=AXIS2_PLACEMENT_3D('',#3054,#2233,#2234);
#1857=AXIS2_PLACEMENT_3D('',#3057,#2236,#2237);
#1858=AXIS2_PLACEMENT_3D('',#3058,#2238,#2239);
#1859=AXIS2_PLACEMENT_3D('',#3059,#2240,#2241);
#1860=AXIS2_PLACEMENT_3D('',#3060,#2242,#2243);
#1861=AXIS2_PLACEMENT_3D('',#3066,#2247,#2248);
#1862=AXIS2_PLACEMENT_3D('',#3071,#2251,#2252);
#1863=AXIS2_PLACEMENT_3D('',#3073,#2253,#2254);
#1864=AXIS2_PLACEMENT_3D('',#3075,#2255,#2256);
#1865=AXIS2_PLACEMENT_3D('',#3077,#2257,#2258);
#1866=AXIS2_PLACEMENT_3D('',#3078,#2259,#2260);
#1867=AXIS2_PLACEMENT_3D('',#3082,#2263,#2264);
#1868=AXIS2_PLACEMENT_3D('',#3085,#2265,#2266);
#1869=AXIS2_PLACEMENT_3D('',#3087,#2267,#2268);
#1870=AXIS2_PLACEMENT_3D('',#3088,#2269,#2270);
#1871=AXIS2_PLACEMENT_3D('',#3089,#2271,#2272);
#1872=AXIS2_PLACEMENT_3D('',#3092,#2273,#2274);
#1873=AXIS2_PLACEMENT_3D('',#3094,#2275,#2276);
#1874=AXIS2_PLACEMENT_3D('',#3095,#2277,#2278);
#1875=AXIS2_PLACEMENT_3D('',#3096,#2279,#2280);
#1876=AXIS2_PLACEMENT_3D('',#3099,#2281,#2282);
#1877=AXIS2_PLACEMENT_3D('',#3101,#2283,#2284);
#1878=AXIS2_PLACEMENT_3D('',#3102,#2285,#2286);
#1879=AXIS2_PLACEMENT_3D('',#3103,#2287,#2288);
#1880=AXIS2_PLACEMENT_3D('',#3106,#2289,#2290);
#1881=AXIS2_PLACEMENT_3D('',#3108,#2291,#2292);
#1882=AXIS2_PLACEMENT_3D('',#3109,#2293,#2294);
#1883=AXIS2_PLACEMENT_3D('',#3110,#2295,#2296);
#1884=AXIS2_PLACEMENT_3D('',#3113,#2297,#2298);
#1885=AXIS2_PLACEMENT_3D('',#3115,#2299,#2300);
#1886=AXIS2_PLACEMENT_3D('',#3116,#2301,#2302);
#1887=AXIS2_PLACEMENT_3D('',#3117,#2303,#2304);
#1888=AXIS2_PLACEMENT_3D('',#3120,#2305,#2306);
#1889=AXIS2_PLACEMENT_3D('',#3122,#2307,#2308);
#1890=AXIS2_PLACEMENT_3D('',#3123,#2309,#2310);
#1891=AXIS2_PLACEMENT_3D('',#3124,#2311,#2312);
#1892=AXIS2_PLACEMENT_3D('',#3129,#2315,#2316);
#1893=AXIS2_PLACEMENT_3D('',#3130,#2317,#2318);
#1894=AXIS2_PLACEMENT_3D('',#3133,#2321,#2322);
#1895=AXIS2_PLACEMENT_3D('',#3136,#2325,#2326);
#1896=AXIS2_PLACEMENT_3D('',#3139,#2329,#2330);
#1897=AXIS2_PLACEMENT_3D('',#3142,#2333,#2334);
#1898=AXIS2_PLACEMENT_3D('',#3145,#2337,#2338);
#1899=AXIS2_PLACEMENT_3D('',#3150,#2341,#2342);
#1900=AXIS2_PLACEMENT_3D('',#3151,#2343,#2344);
#1901=AXIS2_PLACEMENT_3D('',#3154,#2347,#2348);
#1902=AXIS2_PLACEMENT_3D('',#3157,#2351,#2352);
#1903=AXIS2_PLACEMENT_3D('',#3160,#2355,#2356);
#1904=AXIS2_PLACEMENT_3D('',#3163,#2359,#2360);
#1905=AXIS2_PLACEMENT_3D('',#3184,#2365,#2366);
#1906=AXIS2_PLACEMENT_3D('',#3205,#2372,#2373);
#1907=AXIS2_PLACEMENT_3D('',#3206,#2374,#2375);
#1908=AXIS2_PLACEMENT_3D('',#3207,#2376,#2377);
#1909=AXIS2_PLACEMENT_3D('',#3210,#2378,#2379);
#1910=AXIS2_PLACEMENT_3D('',#3214,#2381,#2382);
#1911=AXIS2_PLACEMENT_3D('',#3218,#2384,#2385);
#1912=AXIS2_PLACEMENT_3D('',#3222,#2387,#2388);
#1913=AXIS2_PLACEMENT_3D('',#3224,#2390,#2391);
#1914=AXIS2_PLACEMENT_3D('',#3262,#2392,#2393);
#1915=AXIS2_PLACEMENT_3D('',#3263,#2394,#2395);
#1916=AXIS2_PLACEMENT_3D('',#3264,#2396,#2397);
#1917=AXIS2_PLACEMENT_3D('',#3265,#2398,#2399);
#1918=AXIS2_PLACEMENT_3D('',#3269,#2401,#2402);
#1919=AXIS2_PLACEMENT_3D('',#3286,#2403,#2404);
#1920=AXIS2_PLACEMENT_3D('',#3292,#2408,#2409);
#1921=AXIS2_PLACEMENT_3D('',#3294,#2410,#2411);
#1922=AXIS2_PLACEMENT_3D('',#3296,#2412,#2413);
#1923=AXIS2_PLACEMENT_3D('',#3297,#2414,#2415);
#1924=AXIS2_PLACEMENT_3D('',#3298,#2416,#2417);
#1925=AXIS2_PLACEMENT_3D('',#3300,#2418,#2419);
#1926=AXIS2_PLACEMENT_3D('',#3301,#2420,#2421);
#1927=AXIS2_PLACEMENT_3D('',#3302,#2422,#2423);
#1928=AXIS2_PLACEMENT_3D('',#3303,#2424,#2425);
#1929=AXIS2_PLACEMENT_3D('',#3305,#2426,#2427);
#1930=AXIS2_PLACEMENT_3D('',#3307,#2429,#2430);
#1931=AXIS2_PLACEMENT_3D('',#3309,#2431,#2432);
#1932=AXIS2_PLACEMENT_3D('',#3310,#2433,#2434);
#1933=AXIS2_PLACEMENT_3D('',#3405,#2435,#2436);
#1934=AXIS2_PLACEMENT_3D('',#3406,#2437,#2438);
#1935=AXIS2_PLACEMENT_3D('',#3408,#2439,#2440);
#1936=AXIS2_PLACEMENT_3D('',#3409,#2441,#2442);
#1937=AXIS2_PLACEMENT_3D('',#3410,#2443,#2444);
#1938=AXIS2_PLACEMENT_3D('',#3412,#2446,#2447);
#1939=AXIS2_PLACEMENT_3D('',#3414,#2448,#2449);
#1940=AXIS2_PLACEMENT_3D('',#3416,#2450,#2451);
#1941=AXIS2_PLACEMENT_3D('',#3417,#2452,#2453);
#1942=AXIS2_PLACEMENT_3D('',#3418,#2454,#2455);
#1943=AXIS2_PLACEMENT_3D('',#3421,#2456,#2457);
#1944=AXIS2_PLACEMENT_3D('',#3424,#2460,#2461);
#1945=AXIS2_PLACEMENT_3D('',#3427,#2462,#2463);
#1946=AXIS2_PLACEMENT_3D('',#3428,#2464,#2465);
#1947=AXIS2_PLACEMENT_3D('',#3429,#2466,#2467);
#1948=AXIS2_PLACEMENT_3D('',#3540,#2468,#2469);
#1949=AXIS2_PLACEMENT_3D('',#3542,#2471,#2472);
#1950=AXIS2_PLACEMENT_3D('',#3544,#2473,#2474);
#1951=AXIS2_PLACEMENT_3D('',#3546,#2475,#2476);
#1952=AXIS2_PLACEMENT_3D('',#3547,#2477,#2478);
#1953=AXIS2_PLACEMENT_3D('',#3548,#2479,#2480);
#1954=AXIS2_PLACEMENT_3D('',#3551,#2483,#2484);
#1955=AXIS2_PLACEMENT_3D('',#3553,#2486,#2487);
#1956=AXIS2_PLACEMENT_3D('',#3555,#2489,#2490);
#1957=AXIS2_PLACEMENT_3D('',#3556,#2491,#2492);
#1958=AXIS2_PLACEMENT_3D('',#3558,#2494,#2495);
#1959=AXIS2_PLACEMENT_3D('',#3579,#2498,#2499);
#1960=AXIS2_PLACEMENT_3D('',#3581,#2501,#2502);
#1961=AXIS2_PLACEMENT_3D('',#3582,#2503,#2504);
#1962=AXIS2_PLACEMENT_3D('',#3583,#2505,#2506);
#1963=AXIS2_PLACEMENT_3D('',#3584,#2507,#2508);
#1964=AXIS2_PLACEMENT_3D('',#3585,#2509,#2510);
#1965=AXIS2_PLACEMENT_3D('',#3586,#2511,#2512);
#1966=AXIS2_PLACEMENT_3D('',#3587,#2513,#2514);
#1967=AXIS2_PLACEMENT_3D('',#3588,#2515,#2516);
#1968=AXIS2_PLACEMENT_3D('',#3589,#2517,#2518);
#1969=AXIS2_PLACEMENT_3D('',#3590,#2519,#2520);
#1970=AXIS2_PLACEMENT_3D('',#3591,#2521,#2522);
#1971=AXIS2_PLACEMENT_3D('',#3593,#2523,#2524);
#1972=AXIS2_PLACEMENT_3D('',#3595,#2526,#2527);
#1973=AXIS2_PLACEMENT_3D('',#3597,#2528,#2529);
#1974=AXIS2_PLACEMENT_3D('',#3599,#2531,#2532);
#1975=AXIS2_PLACEMENT_3D('',#3601,#2533,#2534);
#1976=AXIS2_PLACEMENT_3D('',#3603,#2536,#2537);
#1977=AXIS2_PLACEMENT_3D('',#3605,#2538,#2539);
#1978=AXIS2_PLACEMENT_3D('',#3607,#2541,#2542);
#1979=DIRECTION('axis',(0.,0.,1.));
#1980=DIRECTION('refdir',(1.,0.,0.));
#1981=DIRECTION('center_axis',(0.408248290463863,-0.408248290463862,-0.816496580927726));
#1982=DIRECTION('ref_axis',(-0.577350269189626,0.577350269189626,-0.577350269189626));
#1983=DIRECTION('center_axis',(-4.44089209850064E-15,-1.,0.));
#1984=DIRECTION('ref_axis',(0.,0.,-1.));
#1985=DIRECTION('center_axis',(0.,0.,1.));
#1986=DIRECTION('ref_axis',(-1.,0.,0.));
#1987=DIRECTION('center_axis',(1.,0.,-4.44089209850062E-15));
#1988=DIRECTION('ref_axis',(0.,1.,0.));
#1989=DIRECTION('center_axis',(0.408248290463863,-0.816496580927726,0.408248290463863));
#1990=DIRECTION('ref_axis',(-0.577350269189625,-0.577350269189628,-0.577350269189625));
#1991=DIRECTION('center_axis',(0.,0.,1.));
#1992=DIRECTION('ref_axis',(0.,-1.,0.));
#1993=DIRECTION('center_axis',(0.,1.,0.));
#1994=DIRECTION('ref_axis',(-1.,0.,0.));
#1995=DIRECTION('center_axis',(1.,0.,0.));
#1996=DIRECTION('ref_axis',(0.,0.,-1.));
#1997=DIRECTION('center_axis',(0.816496580927726,0.408248290463864,0.408248290463861));
#1998=DIRECTION('ref_axis',(-0.577350269189624,0.577350269189629,0.577350269189624));
#1999=DIRECTION('center_axis',(4.44089209850062E-15,0.,-1.));
#2000=DIRECTION('ref_axis',(0.,1.,0.));
#2001=DIRECTION('center_axis',(0.,-1.,1.11022302462516E-15));
#2002=DIRECTION('ref_axis',(-1.,0.,0.));
#2003=DIRECTION('center_axis',(1.,-4.44089209850063E-15,6.16297582203918E-30));
#2004=DIRECTION('ref_axis',(0.,1.38777878078145E-15,1.));
#2005=DIRECTION('center_axis',(-0.408248290463862,-0.816496580927725,0.408248290463866));
#2006=DIRECTION('ref_axis',(0.577350269189625,-0.577350269189625,-0.577350269189628));
#2007=DIRECTION('center_axis',(-1.,0.,0.));
#2008=DIRECTION('ref_axis',(0.,-1.,0.));
#2009=DIRECTION('center_axis',(0.,1.,0.));
#2010=DIRECTION('ref_axis',(0.,0.,-1.));
#2011=DIRECTION('center_axis',(0.,0.,1.));
#2012=DIRECTION('ref_axis',(1.,0.,0.));
#2013=DIRECTION('center_axis',(0.408248290463862,-0.816496580927725,-0.408248290463866));
#2014=DIRECTION('ref_axis',(-0.577350269189621,-0.577350269189628,0.577350269189628));
#2015=DIRECTION('center_axis',(4.44089209850064E-15,1.,0.));
#2016=DIRECTION('ref_axis',(0.,0.,1.));
#2017=DIRECTION('center_axis',(0.,4.44089209850062E-15,-1.));
#2018=DIRECTION('ref_axis',(-1.,0.,0.));
#2019=DIRECTION('center_axis',(1.,0.,0.));
#2020=DIRECTION('ref_axis',(0.,-1.,0.));
#2021=DIRECTION('center_axis',(0.816496580927725,0.408248290463866,-0.408248290463862));
#2022=DIRECTION('ref_axis',(0.577350269189625,-0.577350269189628,0.577350269189625));
#2023=DIRECTION('center_axis',(-1.,-4.44089209850062E-15,0.));
#2024=DIRECTION('ref_axis',(0.,0.,1.));
#2025=DIRECTION('center_axis',(0.,0.,-1.));
#2026=DIRECTION('ref_axis',(0.,-1.,0.));
#2027=DIRECTION('center_axis',(0.,1.,4.44089209850062E-15));
#2028=DIRECTION('ref_axis',(1.,0.,0.));
#2029=DIRECTION('center_axis',(0.,1.,-1.4432899320127E-15));
#2030=DIRECTION('ref_axis',(0.707106781186551,1.57009245868377E-15,0.707106781186544));
#2031=DIRECTION('',(0.,-1.,1.4432899320127E-15));
#2032=DIRECTION('center_axis',(-0.707106781186547,0.707106781186548,-9.81307786677359E-16));
#2033=DIRECTION('ref_axis',(0.707106781186548,0.707106781186547,-1.05981240961155E-15));
#2034=DIRECTION('',(0.,1.,-1.4432899320127E-15));
#2035=DIRECTION('center_axis',(0.,-3.72011903539319E-16,-1.));
#2036=DIRECTION('ref_axis',(0.707106781186548,-0.707106781186548,0.));
#2037=DIRECTION('',(0.,3.72011903539319E-16,1.));
#2038=DIRECTION('',(0.,-3.72011903539319E-16,-1.));
#2039=DIRECTION('center_axis',(1.,0.,0.));
#2040=DIRECTION('ref_axis',(0.,-0.707106781186548,0.707106781186548));
#2041=DIRECTION('',(-1.,0.,0.));
#2042=DIRECTION('',(1.,0.,0.));
#2043=DIRECTION('center_axis',(0.,3.72011903539319E-16,1.));
#2044=DIRECTION('ref_axis',(-0.707106781186548,-0.707106781186548,0.));
#2045=DIRECTION('',(0.,-3.72011903539319E-16,-1.));
#2046=DIRECTION('',(0.,3.72011903539319E-16,1.));
#2047=DIRECTION('center_axis',(0.,1.,-1.4432899320127E-15));
#2048=DIRECTION('ref_axis',(-0.707106781186548,1.57009245868378E-15,0.707106781186548));
#2049=DIRECTION('',(0.,-1.,1.4432899320127E-15));
#2050=DIRECTION('',(0.,1.,-1.4432899320127E-15));
#2051=DIRECTION('center_axis',(1.,0.,0.));
#2052=DIRECTION('ref_axis',(0.,0.707106781186549,0.707106781186546));
#2053=DIRECTION('',(-1.,0.,0.));
#2054=DIRECTION('',(1.,0.,0.));
#2055=DIRECTION('center_axis',(0.,1.,0.));
#2056=DIRECTION('ref_axis',(0.707106781186548,0.,-0.707106781186548));
#2057=DIRECTION('',(0.,-1.,0.));
#2058=DIRECTION('center_axis',(-0.70710678118655,0.707106781186545,1.57009245868377E-15));
#2059=DIRECTION('ref_axis',(0.707106781186545,0.70710678118655,-1.57009245868376E-15));
#2060=DIRECTION('',(0.,1.,0.));
#2061=DIRECTION('center_axis',(1.,0.,0.));
#2062=DIRECTION('ref_axis',(0.,-0.707106781186551,-0.707106781186544));
#2063=DIRECTION('',(-1.,0.,0.));
#2064=DIRECTION('',(1.,0.,0.));
#2065=DIRECTION('center_axis',(0.,0.,-1.));
#2066=DIRECTION('ref_axis',(-0.707106781186549,0.707106781186546,0.));
#2067=DIRECTION('',(0.,0.,1.));
#2068=DIRECTION('',(0.,0.,-1.));
#2069=DIRECTION('center_axis',(0.,-1.,0.));
#2070=DIRECTION('ref_axis',(-0.707106781186548,0.,-0.707106781186548));
#2071=DIRECTION('',(0.,1.,0.));
#2072=DIRECTION('',(0.,-1.,0.));
#2073=DIRECTION('center_axis',(1.,0.,0.));
#2074=DIRECTION('ref_axis',(0.,0.707106781186549,-0.707106781186546));
#2075=DIRECTION('',(-1.,0.,0.));
#2076=DIRECTION('',(1.,0.,0.));
#2077=DIRECTION('center_axis',(1.,0.,0.));
#2078=DIRECTION('ref_axis',(0.,1.,0.));
#2079=DIRECTION('',(0.,0.,1.));
#2080=DIRECTION('',(0.,-1.,0.));
#2081=DIRECTION('',(0.,0.,-1.));
#2082=DIRECTION('',(0.,-1.,3.60072332310862E-16));
#2083=DIRECTION('',(0.,0.,1.));
#2084=DIRECTION('center_axis',(-1.,0.,0.));
#2085=DIRECTION('ref_axis',(0.,-0.487389317399981,0.873184776140984));
#2086=DIRECTION('',(0.,1.,-3.60072332310862E-16));
#2087=DIRECTION('',(0.,0.,-1.));
#2088=DIRECTION('',(0.,1.,0.));
#2089=DIRECTION('',(0.,0.,1.));
#2090=DIRECTION('center_axis',(0.,-1.4432899320127E-15,-1.));
#2091=DIRECTION('ref_axis',(0.,-1.,1.4432899320127E-15));
#2092=DIRECTION('center_axis',(0.,1.,-3.72011903539319E-16));
#2093=DIRECTION('ref_axis',(0.,-3.72011903539319E-16,-1.));
#2094=DIRECTION('center_axis',(1.,0.,0.));
#2095=DIRECTION('ref_axis',(0.,0.,-1.));
#2096=DIRECTION('center_axis',(1.,0.,0.));
#2097=DIRECTION('ref_axis',(0.,-0.707106781186549,0.707106781186546));
#2098=DIRECTION('',(0.,0.,-1.));
#2099=DIRECTION('center_axis',(1.,0.,0.));
#2100=DIRECTION('ref_axis',(0.,-0.707106781186547,-0.707106781186548));
#2101=DIRECTION('',(0.,1.,-3.60072332310862E-16));
#2102=DIRECTION('center_axis',(1.,0.,0.));
#2103=DIRECTION('ref_axis',(0.,0.707106781186547,-0.707106781186548));
#2104=DIRECTION('',(0.,4.44089209850063E-16,1.));
#2105=DIRECTION('center_axis',(1.,0.,0.));
#2106=DIRECTION('ref_axis',(0.,0.707106781186548,0.707106781186547));
#2107=DIRECTION('',(0.,-1.,3.60072332310862E-16));
#2108=DIRECTION('center_axis',(0.,0.,1.));
#2109=DIRECTION('ref_axis',(0.,1.,0.));
#2110=DIRECTION('center_axis',(1.,0.,0.));
#2111=DIRECTION('ref_axis',(0.,-1.,-5.9211894646675E-15));
#2112=DIRECTION('center_axis',(0.,-0.894427190999916,0.447213595499958));
#2113=DIRECTION('ref_axis',(0.,0.447213595499958,0.894427190999916));
#2114=DIRECTION('center_axis',(-1.32401821506521E-15,0.447213595499957,
-0.894427190999916));
#2115=DIRECTION('ref_axis',(0.,0.894427190999916,0.447213595499957));
#2116=DIRECTION('center_axis',(0.,1.,-3.60072332310862E-16));
#2117=DIRECTION('ref_axis',(0.707106781186545,0.,0.70710678118655));
#2118=DIRECTION('center_axis',(0.,-1.,4.44089209850063E-16));
#2119=DIRECTION('ref_axis',(0.0585821694937957,3.70074341541719E-16,0.998282589960077));
#2120=DIRECTION('',(0.,1.,-3.60072332310862E-16));
#2121=DIRECTION('center_axis',(0.,-3.60072332310862E-16,-1.));
#2122=DIRECTION('ref_axis',(0.,-1.,3.60072332310862E-16));
#2123=DIRECTION('',(1.,0.,0.));
#2124=DIRECTION('',(-1.,0.,0.));
#2125=DIRECTION('',(0.,-1.,3.60072332310862E-16));
#2126=DIRECTION('center_axis',(-1.,0.,0.));
#2127=DIRECTION('ref_axis',(0.,0.,-1.));
#2128=DIRECTION('center_axis',(0.,0.,1.));
#2129=DIRECTION('ref_axis',(1.,0.,0.));
#2130=DIRECTION('center_axis',(-1.,0.,0.));
#2131=DIRECTION('ref_axis',(0.,-1.,0.));
#2132=DIRECTION('center_axis',(0.,1.,0.));
#2133=DIRECTION('ref_axis',(0.70710678118655,0.,-0.707106781186545));
#2134=DIRECTION('center_axis',(1.,0.,0.));
#2135=DIRECTION('ref_axis',(0.,0.,1.));
#2136=DIRECTION('center_axis',(0.,0.,-1.));
#2137=DIRECTION('ref_axis',(0.,-1.,0.));
#2138=DIRECTION('center_axis',(0.,1.,-7.40148683083438E-16));
#2139=DIRECTION('ref_axis',(-1.,0.,0.));
#2140=DIRECTION('center_axis',(-1.,0.,0.));
#2141=DIRECTION('ref_axis',(0.,0.,-1.));
#2142=DIRECTION('center_axis',(1.,0.,0.));
#2143=DIRECTION('ref_axis',(0.,0.707106781186548,-0.707106781186547));
#2144=DIRECTION('center_axis',(-1.,0.,0.));
#2145=DIRECTION('ref_axis',(0.,1.,0.));
#2146=DIRECTION('',(1.,0.,0.));
#2147=DIRECTION('center_axis',(0.,1.,-4.44089209850063E-16));
#2148=DIRECTION('ref_axis',(0.,5.9211894646675E-16,1.));
#2149=DIRECTION('center_axis',(-0.998288488941496,-8.65700990711638E-17,
0.0584815598877479));
#2150=DIRECTION('ref_axis',(0.,1.,1.48029736616688E-15));
#2151=DIRECTION('center_axis',(0.,1.,-4.44089209850063E-16));
#2152=DIRECTION('ref_axis',(0.0585821694937957,4.43326526582445E-16,0.998282589960077));
#2153=DIRECTION('center_axis',(1.,0.,0.));
#2154=DIRECTION('ref_axis',(0.,0.,1.));
#2155=DIRECTION('center_axis',(0.,-1.,0.));
#2156=DIRECTION('ref_axis',(0.,0.,1.));
#2157=DIRECTION('center_axis',(0.,0.,-1.));
#2158=DIRECTION('ref_axis',(-1.,0.,0.));
#2159=DIRECTION('center_axis',(-1.,0.,0.));
#2160=DIRECTION('ref_axis',(0.,-1.,0.));
#2161=DIRECTION('center_axis',(1.,0.,0.));
#2162=DIRECTION('ref_axis',(0.,-0.707106781186547,-0.707106781186548));
#2163=DIRECTION('',(-1.,0.,0.));
#2164=DIRECTION('center_axis',(1.,0.,0.));
#2165=DIRECTION('ref_axis',(0.,0.,1.));
#2166=DIRECTION('center_axis',(0.,1.,0.));
#2167=DIRECTION('ref_axis',(0.,0.,-1.));
#2168=DIRECTION('center_axis',(0.,0.,1.));
#2169=DIRECTION('ref_axis',(-1.,0.,0.));
#2170=DIRECTION('center_axis',(-1.,0.,0.));
#2171=DIRECTION('ref_axis',(0.,1.,0.));
#2172=DIRECTION('center_axis',(1.,0.,0.));
#2173=DIRECTION('ref_axis',(0.,0.707106781186547,0.707106781186547));
#2174=DIRECTION('center_axis',(-1.,0.,0.));
#2175=DIRECTION('ref_axis',(0.,0.,1.));
#2176=DIRECTION('',(1.,0.,0.));
#2177=DIRECTION('',(-1.,0.,0.));
#2178=DIRECTION('center_axis',(0.,-1.,4.44089209850063E-16));
#2179=DIRECTION('ref_axis',(0.,-5.9211894646675E-16,-1.));
#2180=DIRECTION('center_axis',(-0.998288488941496,-8.65700990711636E-17,
-0.0584815598877479));
#2181=DIRECTION('ref_axis',(-0.0584815598877479,7.40148683083438E-16,0.998288488941496));
#2182=DIRECTION('center_axis',(0.,-1.,4.44089209850063E-16));
#2183=DIRECTION('ref_axis',(0.0585821694937957,-3.70074341541719E-16,-0.998282589960077));
#2184=DIRECTION('center_axis',(0.,1.,-4.44089209850063E-16));
#2185=DIRECTION('ref_axis',(0.0585821694937957,-4.43326526582445E-16,-0.998282589960077));
#2186=DIRECTION('center_axis',(0.,4.44089209850063E-16,1.));
#2187=DIRECTION('ref_axis',(-0.707106781186548,-0.707106781186547,1.04672830578918E-15));
#2188=DIRECTION('',(0.,-4.44089209850063E-16,-1.));
#2189=DIRECTION('center_axis',(1.,0.,0.));
#2190=DIRECTION('ref_axis',(0.,0.,1.));
#2191=DIRECTION('center_axis',(0.,0.,1.));
#2192=DIRECTION('ref_axis',(0.,1.,0.));
#2193=DIRECTION('center_axis',(0.,-1.,0.));
#2194=DIRECTION('ref_axis',(-1.,0.,0.));
#2195=DIRECTION('center_axis',(-1.,0.,0.));
#2196=DIRECTION('ref_axis',(0.,0.,1.));
#2197=DIRECTION('center_axis',(1.,0.,0.));
#2198=DIRECTION('ref_axis',(0.,-0.707106781186549,0.707106781186546));
#2199=DIRECTION('',(1.,0.,0.));
#2200=DIRECTION('',(-1.,0.,0.));
#2201=DIRECTION('center_axis',(0.,-1.,3.60072332310862E-16));
#2202=DIRECTION('ref_axis',(-0.70710678118655,0.,-0.707106781186545));
#2203=DIRECTION('',(0.,1.,-3.60072332310862E-16));
#2204=DIRECTION('center_axis',(0.,0.,-1.));
#2205=DIRECTION('ref_axis',(-0.70710678118655,0.707106781186545,0.));
#2206=DIRECTION('',(0.,0.,1.));
#2207=DIRECTION('center_axis',(0.,1.,-3.60072332310862E-16));
#2208=DIRECTION('ref_axis',(-0.707106781186548,0.,0.707106781186548));
#2209=DIRECTION('center_axis',(0.,0.,-1.));
#2210=DIRECTION('ref_axis',(0.707106781186548,0.707106781186548,0.));
#2211=DIRECTION('',(0.,0.,-1.));
#2212=DIRECTION('center_axis',(0.,0.,1.));
#2213=DIRECTION('ref_axis',(0.620173672946044,-0.784464540552735,0.));
#2214=DIRECTION('',(0.,4.44089209850063E-16,1.));
#2215=DIRECTION('',(0.,0.,-1.));
#2216=DIRECTION('center_axis',(0.,3.60072332310862E-16,1.));
#2217=DIRECTION('ref_axis',(0.,1.,-3.60072332310862E-16));
#2218=DIRECTION('',(0.,-1.,3.60072332310862E-16));
#2219=DIRECTION('center_axis',(0.,-1.,3.60072332310862E-16));
#2220=DIRECTION('ref_axis',(0.707106781186548,0.,-0.707106781186548));
#2221=DIRECTION('center_axis',(0.,-1.,0.));
#2222=DIRECTION('ref_axis',(-0.707106781186547,0.,0.707106781186547));
#2223=DIRECTION('center_axis',(0.,-1.,0.));
#2224=DIRECTION('ref_axis',(-0.707106781186547,0.,0.707106781186547));
#2225=DIRECTION('',(0.,1.,0.));
#2226=DIRECTION('center_axis',(0.,-0.707106781186548,0.707106781186548));
#2227=DIRECTION('ref_axis',(0.,0.707106781186547,0.707106781186547));
#2228=DIRECTION('center_axis',(0.,0.,1.));
#2229=DIRECTION('ref_axis',(-0.707106781186547,0.707106781186547,0.));
#2230=DIRECTION('',(0.,0.,-1.));
#2231=DIRECTION('center_axis',(0.,-0.707106781186548,-0.707106781186548));
#2232=DIRECTION('ref_axis',(0.,-0.707106781186547,0.707106781186547));
#2233=DIRECTION('center_axis',(0.,-1.,0.));
#2234=DIRECTION('ref_axis',(-0.707106781186547,0.,-0.707106781186547));
#2235=DIRECTION('',(0.,1.,0.));
#2236=DIRECTION('center_axis',(0.,-1.,0.));
#2237=DIRECTION('ref_axis',(-0.707106781186547,0.,-0.707106781186547));
#2238=DIRECTION('center_axis',(0.,-1.,0.));
#2239=DIRECTION('ref_axis',(0.,0.,1.));
#2240=DIRECTION('center_axis',(0.,1.,-4.44089209850063E-16));
#2241=DIRECTION('ref_axis',(0.,-4.44089209850063E-16,-1.));
#2242=DIRECTION('center_axis',(5.55111512312578E-17,0.,1.));
#2243=DIRECTION('ref_axis',(1.,0.,-5.55111512312578E-17));
#2244=DIRECTION('',(1.,0.,-5.55111512312578E-17));
#2245=DIRECTION('',(0.,-1.,0.));
#2246=DIRECTION('',(1.,0.,-5.55111512312578E-17));
#2247=DIRECTION('center_axis',(0.,1.,0.));
#2248=DIRECTION('ref_axis',(1.,0.,0.));
#2249=DIRECTION('',(-1.,0.,0.));
#2250=DIRECTION('',(0.,0.,-1.));
#2251=DIRECTION('center_axis',(0.,-1.,0.));
#2252=DIRECTION('ref_axis',(1.,0.,0.));
#2253=DIRECTION('center_axis',(0.,-1.,0.));
#2254=DIRECTION('ref_axis',(1.,0.,0.));
#2255=DIRECTION('center_axis',(0.,-1.,0.));
#2256=DIRECTION('ref_axis',(1.,0.,0.));
#2257=DIRECTION('center_axis',(0.,-1.,0.));
#2258=DIRECTION('ref_axis',(1.,0.,0.));
#2259=DIRECTION('center_axis',(0.,0.,-1.));
#2260=DIRECTION('ref_axis',(-1.,0.,0.));
#2261=DIRECTION('',(-1.,0.,0.));
#2262=DIRECTION('',(0.,1.,0.));
#2263=DIRECTION('center_axis',(-0.408248290463863,-0.408248290463862,-0.816496580927726));
#2264=DIRECTION('ref_axis',(0.577350269189626,0.577350269189626,-0.577350269189626));
#2265=DIRECTION('center_axis',(-4.44089209850064E-15,1.,0.));
#2266=DIRECTION('ref_axis',(0.,0.,-1.));
#2267=DIRECTION('center_axis',(1.,0.,4.44089209850062E-15));
#2268=DIRECTION('ref_axis',(0.,1.,0.));
#2269=DIRECTION('center_axis',(0.,0.,-1.));
#2270=DIRECTION('ref_axis',(1.,0.,0.));
#2271=DIRECTION('center_axis',(-0.408248290463863,-0.816496580927726,0.408248290463863));
#2272=DIRECTION('ref_axis',(0.577350269189625,-0.577350269189628,-0.577350269189625));
#2273=DIRECTION('center_axis',(0.,0.,-1.));
#2274=DIRECTION('ref_axis',(0.,-1.,0.));
#2275=DIRECTION('center_axis',(1.,0.,0.));
#2276=DIRECTION('ref_axis',(0.,0.,-1.));
#2277=DIRECTION('center_axis',(0.,-1.,0.));
#2278=DIRECTION('ref_axis',(1.,0.,0.));
#2279=DIRECTION('center_axis',(-0.816496580927726,0.408248290463864,0.408248290463861));
#2280=DIRECTION('ref_axis',(0.577350269189624,0.577350269189629,0.577350269189624));
#2281=DIRECTION('center_axis',(4.44089209850062E-15,0.,1.));
#2282=DIRECTION('ref_axis',(0.,1.,0.));
#2283=DIRECTION('center_axis',(1.,4.44089209850063E-15,-6.16297582203918E-30));
#2284=DIRECTION('ref_axis',(0.,1.38777878078145E-15,1.));
#2285=DIRECTION('center_axis',(0.,1.,-1.11022302462516E-15));
#2286=DIRECTION('ref_axis',(1.,0.,0.));
#2287=DIRECTION('center_axis',(0.408248290463862,-0.816496580927725,0.408248290463866));
#2288=DIRECTION('ref_axis',(-0.577350269189625,-0.577350269189625,-0.577350269189628));
#2289=DIRECTION('center_axis',(-1.,0.,0.));
#2290=DIRECTION('ref_axis',(0.,-1.,0.));
#2291=DIRECTION('center_axis',(0.,0.,-1.));
#2292=DIRECTION('ref_axis',(-1.,0.,0.));
#2293=DIRECTION('center_axis',(0.,-1.,0.));
#2294=DIRECTION('ref_axis',(0.,0.,-1.));
#2295=DIRECTION('center_axis',(-0.408248290463862,-0.816496580927725,-0.408248290463866));
#2296=DIRECTION('ref_axis',(0.577350269189621,-0.577350269189628,0.577350269189628));
#2297=DIRECTION('center_axis',(4.44089209850064E-15,-1.,0.));
#2298=DIRECTION('ref_axis',(0.,0.,1.));
#2299=DIRECTION('center_axis',(1.,0.,0.));
#2300=DIRECTION('ref_axis',(0.,-1.,0.));
#2301=DIRECTION('center_axis',(0.,-4.44089209850062E-15,1.));
#2302=DIRECTION('ref_axis',(1.,0.,0.));
#2303=DIRECTION('center_axis',(-0.816496580927725,0.408248290463866,-0.408248290463862));
#2304=DIRECTION('ref_axis',(-0.577350269189625,-0.577350269189628,0.577350269189625));
#2305=DIRECTION('center_axis',(-1.,4.44089209850062E-15,0.));
#2306=DIRECTION('ref_axis',(0.,0.,1.));
#2307=DIRECTION('center_axis',(0.,-1.,-4.44089209850062E-15));
#2308=DIRECTION('ref_axis',(-1.,0.,0.));
#2309=DIRECTION('center_axis',(0.,0.,1.));
#2310=DIRECTION('ref_axis',(0.,-1.,0.));
#2311=DIRECTION('center_axis',(0.,-1.,1.4432899320127E-15));
#2312=DIRECTION('ref_axis',(-0.707106781186551,1.57009245868377E-15,0.707106781186544));
#2313=DIRECTION('',(0.,-1.,1.4432899320127E-15));
#2314=DIRECTION('',(0.,1.,-1.4432899320127E-15));
#2315=DIRECTION('center_axis',(-0.707106781186547,-0.707106781186548,9.81307786677359E-16));
#2316=DIRECTION('ref_axis',(-0.707106781186548,0.707106781186547,-1.05981240961155E-15));
#2317=DIRECTION('center_axis',(0.,3.72011903539319E-16,1.));
#2318=DIRECTION('ref_axis',(-0.707106781186548,-0.707106781186548,0.));
#2319=DIRECTION('',(0.,-3.72011903539319E-16,-1.));
#2320=DIRECTION('',(0.,3.72011903539319E-16,1.));
#2321=DIRECTION('center_axis',(1.,0.,0.));
#2322=DIRECTION('ref_axis',(0.,-0.707106781186548,0.707106781186548));
#2323=DIRECTION('',(-1.,0.,0.));
#2324=DIRECTION('',(1.,0.,0.));
#2325=DIRECTION('center_axis',(0.,-3.72011903539319E-16,-1.));
#2326=DIRECTION('ref_axis',(0.707106781186548,-0.707106781186548,0.));
#2327=DIRECTION('',(0.,3.72011903539319E-16,1.));
#2328=DIRECTION('',(0.,-3.72011903539319E-16,-1.));
#2329=DIRECTION('center_axis',(0.,-1.,1.4432899320127E-15));
#2330=DIRECTION('ref_axis',(0.707106781186548,1.57009245868378E-15,0.707106781186548));
#2331=DIRECTION('',(0.,1.,-1.4432899320127E-15));
#2332=DIRECTION('',(0.,-1.,1.4432899320127E-15));
#2333=DIRECTION('center_axis',(1.,0.,0.));
#2334=DIRECTION('ref_axis',(0.,0.707106781186549,0.707106781186546));
#2335=DIRECTION('',(1.,0.,0.));
#2336=DIRECTION('',(-1.,0.,0.));
#2337=DIRECTION('center_axis',(0.,-1.,0.));
#2338=DIRECTION('ref_axis',(-0.707106781186548,0.,-0.707106781186548));
#2339=DIRECTION('',(0.,-1.,0.));
#2340=DIRECTION('',(0.,1.,0.));
#2341=DIRECTION('center_axis',(-0.70710678118655,-0.707106781186545,-1.57009245868377E-15));
#2342=DIRECTION('ref_axis',(-0.707106781186545,0.70710678118655,-1.57009245868376E-15));
#2343=DIRECTION('center_axis',(1.,0.,0.));
#2344=DIRECTION('ref_axis',(0.,-0.707106781186551,-0.707106781186544));
#2345=DIRECTION('',(-1.,0.,0.));
#2346=DIRECTION('',(1.,0.,0.));
#2347=DIRECTION('center_axis',(0.,0.,1.));
#2348=DIRECTION('ref_axis',(0.707106781186549,0.707106781186546,0.));
#2349=DIRECTION('',(0.,0.,-1.));
#2350=DIRECTION('',(0.,0.,1.));
#2351=DIRECTION('center_axis',(0.,1.,0.));
#2352=DIRECTION('ref_axis',(0.707106781186548,0.,-0.707106781186548));
#2353=DIRECTION('',(0.,-1.,0.));
#2354=DIRECTION('',(0.,1.,0.));
#2355=DIRECTION('center_axis',(1.,0.,0.));
#2356=DIRECTION('ref_axis',(0.,0.707106781186549,-0.707106781186546));
#2357=DIRECTION('',(1.,0.,0.));
#2358=DIRECTION('',(-1.,0.,0.));
#2359=DIRECTION('center_axis',(1.,0.,0.));
#2360=DIRECTION('ref_axis',(0.,1.,0.));
#2361=DIRECTION('',(0.,0.,1.));
#2362=DIRECTION('',(0.,1.,0.));
#2363=DIRECTION('',(0.,0.,-1.));
#2364=DIRECTION('',(0.,1.,-3.60072332310862E-16));
#2365=DIRECTION('center_axis',(-1.,0.,0.));
#2366=DIRECTION('ref_axis',(0.,-0.487389317399981,0.873184776140984));
#2367=DIRECTION('',(0.,0.,1.));
#2368=DIRECTION('',(0.,-1.,3.60072332310862E-16));
#2369=DIRECTION('',(0.,0.,-1.));
#2370=DIRECTION('',(0.,-1.,0.));
#2371=DIRECTION('',(0.,0.,1.));
#2372=DIRECTION('center_axis',(0.,1.4432899320127E-15,1.));
#2373=DIRECTION('ref_axis',(0.,-1.,1.4432899320127E-15));
#2374=DIRECTION('center_axis',(0.,-1.,3.72011903539319E-16));
#2375=DIRECTION('ref_axis',(0.,-3.72011903539319E-16,-1.));
#2376=DIRECTION('center_axis',(1.,0.,0.));
#2377=DIRECTION('ref_axis',(0.,0.,-1.));
#2378=DIRECTION('center_axis',(1.,0.,0.));
#2379=DIRECTION('ref_axis',(0.,-0.707106781186549,0.707106781186546));
#2380=DIRECTION('',(0.,-1.,3.60072332310862E-16));
#2381=DIRECTION('center_axis',(1.,0.,0.));
#2382=DIRECTION('ref_axis',(0.,0.707106781186548,0.707106781186547));
#2383=DIRECTION('',(0.,4.44089209850063E-16,1.));
#2384=DIRECTION('center_axis',(1.,0.,0.));
#2385=DIRECTION('ref_axis',(0.,0.707106781186547,-0.707106781186548));
#2386=DIRECTION('',(0.,1.,-3.60072332310862E-16));
#2387=DIRECTION('center_axis',(1.,0.,0.));
#2388=DIRECTION('ref_axis',(0.,-0.707106781186547,-0.707106781186548));
#2389=DIRECTION('',(0.,0.,-1.));
#2390=DIRECTION('center_axis',(0.,0.,-1.));
#2391=DIRECTION('ref_axis',(0.,1.,0.));
#2392=DIRECTION('center_axis',(1.,0.,0.));
#2393=DIRECTION('ref_axis',(0.,-1.,-5.9211894646675E-15));
#2394=DIRECTION('center_axis',(-1.32401821506521E-15,-0.447213595499957,
0.894427190999916));
#2395=DIRECTION('ref_axis',(0.,0.894427190999916,0.447213595499957));
#2396=DIRECTION('center_axis',(0.,0.894427190999916,-0.447213595499958));
#2397=DIRECTION('ref_axis',(0.,0.447213595499958,0.894427190999916));
#2398=DIRECTION('center_axis',(0.,-1.,3.60072332310862E-16));
#2399=DIRECTION('ref_axis',(-0.707106781186545,0.,0.70710678118655));
#2400=DIRECTION('',(0.,1.,-3.60072332310862E-16));
#2401=DIRECTION('center_axis',(0.,1.,-4.44089209850063E-16));
#2402=DIRECTION('ref_axis',(-0.0585821694937957,3.70074341541719E-16,0.998282589960077));
#2403=DIRECTION('center_axis',(0.,3.60072332310862E-16,1.));
#2404=DIRECTION('ref_axis',(0.,-1.,3.60072332310862E-16));
#2405=DIRECTION('',(-1.,0.,0.));
#2406=DIRECTION('',(0.,-1.,3.60072332310862E-16));
#2407=DIRECTION('',(1.,0.,0.));
#2408=DIRECTION('center_axis',(1.,0.,0.));
#2409=DIRECTION('ref_axis',(0.,0.,-1.));
#2410=DIRECTION('center_axis',(0.,0.,-1.));
#2411=DIRECTION('ref_axis',(-1.,0.,0.));
#2412=DIRECTION('center_axis',(0.,-1.,0.));
#2413=DIRECTION('ref_axis',(-0.70710678118655,0.,-0.707106781186545));
#2414=DIRECTION('center_axis',(-1.,0.,0.));
#2415=DIRECTION('ref_axis',(0.,-1.,0.));
#2416=DIRECTION('center_axis',(-1.,0.,0.));
#2417=DIRECTION('ref_axis',(0.,0.,1.));
#2418=DIRECTION('center_axis',(0.,0.,1.));
#2419=DIRECTION('ref_axis',(0.,-1.,0.));
#2420=DIRECTION('center_axis',(-1.,0.,0.));
#2421=DIRECTION('ref_axis',(0.,0.,-1.));
#2422=DIRECTION('center_axis',(0.,-1.,7.40148683083438E-16));
#2423=DIRECTION('ref_axis',(1.,0.,0.));
#2424=DIRECTION('center_axis',(1.,0.,0.));
#2425=DIRECTION('ref_axis',(0.,0.707106781186548,-0.707106781186547));
#2426=DIRECTION('center_axis',(-1.,0.,0.));
#2427=DIRECTION('ref_axis',(0.,1.,0.));
#2428=DIRECTION('',(-1.,0.,0.));
#2429=DIRECTION('center_axis',(0.,1.,-4.44089209850063E-16));
#2430=DIRECTION('ref_axis',(0.,5.9211894646675E-16,1.));
#2431=DIRECTION('center_axis',(-0.998288488941496,8.65700990711638E-17,
-0.0584815598877479));
#2432=DIRECTION('ref_axis',(0.,1.,1.48029736616688E-15));
#2433=DIRECTION('center_axis',(0.,-1.,4.44089209850063E-16));
#2434=DIRECTION('ref_axis',(-0.0585821694937957,4.43326526582445E-16,0.998282589960077));
#2435=DIRECTION('center_axis',(-1.,0.,0.));
#2436=DIRECTION('ref_axis',(0.,0.,1.));
#2437=DIRECTION('center_axis',(0.,1.,0.));
#2438=DIRECTION('ref_axis',(0.,0.,1.));
#2439=DIRECTION('center_axis',(-1.,0.,0.));
#2440=DIRECTION('ref_axis',(0.,-1.,0.));
#2441=DIRECTION('center_axis',(0.,0.,1.));
#2442=DIRECTION('ref_axis',(1.,0.,0.));
#2443=DIRECTION('center_axis',(1.,0.,0.));
#2444=DIRECTION('ref_axis',(0.,-0.707106781186547,-0.707106781186548));
#2445=DIRECTION('',(1.,0.,0.));
#2446=DIRECTION('center_axis',(-1.,0.,0.));
#2447=DIRECTION('ref_axis',(0.,0.,1.));
#2448=DIRECTION('center_axis',(0.,-1.,0.));
#2449=DIRECTION('ref_axis',(0.,0.,-1.));
#2450=DIRECTION('center_axis',(-1.,0.,0.));
#2451=DIRECTION('ref_axis',(0.,1.,0.));
#2452=DIRECTION('center_axis',(0.,0.,-1.));
#2453=DIRECTION('ref_axis',(1.,0.,0.));
#2454=DIRECTION('center_axis',(1.,0.,0.));
#2455=DIRECTION('ref_axis',(0.,0.707106781186547,0.707106781186547));
#2456=DIRECTION('center_axis',(-1.,0.,0.));
#2457=DIRECTION('ref_axis',(0.,0.,1.));
#2458=DIRECTION('',(1.,0.,0.));
#2459=DIRECTION('',(-1.,0.,0.));
#2460=DIRECTION('center_axis',(0.,-1.,4.44089209850063E-16));
#2461=DIRECTION('ref_axis',(0.,-5.9211894646675E-16,-1.));
#2462=DIRECTION('center_axis',(-0.998288488941496,8.65700990711636E-17,
0.0584815598877479));
#2463=DIRECTION('ref_axis',(0.0584815598877479,7.40148683083438E-16,0.998288488941496));
#2464=DIRECTION('center_axis',(0.,-1.,4.44089209850063E-16));
#2465=DIRECTION('ref_axis',(-0.0585821694937957,-4.43326526582445E-16,-0.998282589960077));
#2466=DIRECTION('center_axis',(0.,1.,-4.44089209850063E-16));
#2467=DIRECTION('ref_axis',(-0.0585821694937957,-3.70074341541719E-16,-0.998282589960077));
#2468=DIRECTION('center_axis',(0.,-4.44089209850063E-16,-1.));
#2469=DIRECTION('ref_axis',(0.707106781186548,-0.707106781186547,1.04672830578918E-15));
#2470=DIRECTION('',(0.,-4.44089209850063E-16,-1.));
#2471=DIRECTION('center_axis',(-1.,0.,0.));
#2472=DIRECTION('ref_axis',(0.,0.,1.));
#2473=DIRECTION('center_axis',(0.,0.,-1.));
#2474=DIRECTION('ref_axis',(0.,1.,0.));
#2475=DIRECTION('center_axis',(-1.,0.,0.));
#2476=DIRECTION('ref_axis',(0.,0.,1.));
#2477=DIRECTION('center_axis',(0.,1.,0.));
#2478=DIRECTION('ref_axis',(1.,0.,0.));
#2479=DIRECTION('center_axis',(1.,0.,0.));
#2480=DIRECTION('ref_axis',(0.,-0.707106781186549,0.707106781186546));
#2481=DIRECTION('',(1.,0.,0.));
#2482=DIRECTION('',(-1.,0.,0.));
#2483=DIRECTION('center_axis',(0.,1.,-3.60072332310862E-16));
#2484=DIRECTION('ref_axis',(0.70710678118655,0.,-0.707106781186545));
#2485=DIRECTION('',(0.,1.,-3.60072332310862E-16));
#2486=DIRECTION('center_axis',(0.,0.,1.));
#2487=DIRECTION('ref_axis',(0.70710678118655,0.707106781186545,0.));
#2488=DIRECTION('',(0.,0.,1.));
#2489=DIRECTION('center_axis',(0.,-1.,3.60072332310862E-16));
#2490=DIRECTION('ref_axis',(0.707106781186548,0.,0.707106781186548));
#2491=DIRECTION('center_axis',(0.,0.,1.));
#2492=DIRECTION('ref_axis',(-0.707106781186548,0.707106781186548,0.));
#2493=DIRECTION('',(0.,0.,-1.));
#2494=DIRECTION('center_axis',(0.,0.,-1.));
#2495=DIRECTION('ref_axis',(-0.620173672946044,-0.784464540552735,0.));
#2496=DIRECTION('',(0.,0.,-1.));
#2497=DIRECTION('',(0.,4.44089209850063E-16,1.));
#2498=DIRECTION('center_axis',(0.,-3.60072332310862E-16,-1.));
#2499=DIRECTION('ref_axis',(0.,1.,-3.60072332310862E-16));
#2500=DIRECTION('',(0.,-1.,3.60072332310862E-16));
#2501=DIRECTION('center_axis',(0.,1.,-3.60072332310862E-16));
#2502=DIRECTION('ref_axis',(-0.707106781186548,0.,-0.707106781186548));
#2503=DIRECTION('center_axis',(0.,1.,0.));
#2504=DIRECTION('ref_axis',(0.707106781186547,0.,0.707106781186547));
#2505=DIRECTION('center_axis',(0.,0.707106781186548,-0.707106781186548));
#2506=DIRECTION('ref_axis',(0.,0.707106781186547,0.707106781186547));
#2507=DIRECTION('center_axis',(0.,1.,0.));
#2508=DIRECTION('ref_axis',(0.707106781186547,0.,0.707106781186547));
#2509=DIRECTION('center_axis',(0.,0.,-1.));
#2510=DIRECTION('ref_axis',(0.707106781186547,0.707106781186547,0.));
#2511=DIRECTION('center_axis',(0.,0.707106781186548,0.707106781186548));
#2512=DIRECTION('ref_axis',(0.,-0.707106781186547,0.707106781186547));
#2513=DIRECTION('center_axis',(0.,1.,0.));
#2514=DIRECTION('ref_axis',(0.707106781186547,0.,-0.707106781186547));
#2515=DIRECTION('center_axis',(0.,1.,0.));
#2516=DIRECTION('ref_axis',(0.707106781186547,0.,-0.707106781186547));
#2517=DIRECTION('center_axis',(0.,1.,0.));
#2518=DIRECTION('ref_axis',(0.,0.,1.));
#2519=DIRECTION('center_axis',(0.,-1.,4.44089209850063E-16));
#2520=DIRECTION('ref_axis',(0.,-4.44089209850063E-16,-1.));
#2521=DIRECTION('center_axis',(0.,1.,0.));
#2522=DIRECTION('ref_axis',(1.,0.,0.));
#2523=DIRECTION('center_axis',(0.,-1.,0.));
#2524=DIRECTION('ref_axis',(1.,0.,0.));
#2525=DIRECTION('',(0.,-1.,0.));
#2526=DIRECTION('center_axis',(0.,1.,0.));
#2527=DIRECTION('ref_axis',(1.,0.,0.));
#2528=DIRECTION('center_axis',(0.,-1.,0.));
#2529=DIRECTION('ref_axis',(1.,0.,0.));
#2530=DIRECTION('',(0.,-1.,0.));
#2531=DIRECTION('center_axis',(0.,1.,0.));
#2532=DIRECTION('ref_axis',(1.,0.,0.));
#2533=DIRECTION('center_axis',(0.,-1.,0.));
#2534=DIRECTION('ref_axis',(1.,0.,0.));
#2535=DIRECTION('',(0.,-1.,0.));
#2536=DIRECTION('center_axis',(0.,1.,0.));
#2537=DIRECTION('ref_axis',(1.,0.,0.));
#2538=DIRECTION('center_axis',(0.,-1.,0.));
#2539=DIRECTION('ref_axis',(1.,0.,0.));
#2540=DIRECTION('',(0.,-1.,0.));
#2541=DIRECTION('center_axis',(0.,1.,0.));
#2542=DIRECTION('ref_axis',(1.,0.,0.));
#2543=CARTESIAN_POINT('',(0.,0.,0.));
#2544=CARTESIAN_POINT('Origin',(-48.,4.,-45.75));
#2545=CARTESIAN_POINT('',(-48.,4.,-47.75));
#2546=CARTESIAN_POINT('',(-50.,4.,-45.75));
#2547=CARTESIAN_POINT('Origin',(-48.,3.99999999999999,-45.75));
#2548=CARTESIAN_POINT('',(-48.,6.,-45.75));
#2549=CARTESIAN_POINT('Origin',(-48.,4.,-45.75));
#2550=CARTESIAN_POINT('Origin',(-48.,4.,-45.75));
#2551=CARTESIAN_POINT('Origin',(-48.,-72.,-45.75));
#2552=CARTESIAN_POINT('',(-48.,-74.,-45.75));
#2553=CARTESIAN_POINT('',(-50.,-72.,-45.75));
#2554=CARTESIAN_POINT('Origin',(-48.,-72.,-45.75));
#2555=CARTESIAN_POINT('',(-48.,-72.,-47.75));
#2556=CARTESIAN_POINT('Origin',(-48.,-72.,-45.75));
#2557=CARTESIAN_POINT('Origin',(-48.,-72.,-45.75));
#2558=CARTESIAN_POINT('Origin',(-48.,4.,45.75));
#2559=CARTESIAN_POINT('',(-48.,6.,45.75));
#2560=CARTESIAN_POINT('',(-50.,4.,45.75));
#2561=CARTESIAN_POINT('Origin',(-48.,4.,45.75));
#2562=CARTESIAN_POINT('',(-48.,4.,47.75));
#2563=CARTESIAN_POINT('Origin',(-48.,4.,45.75));
#2564=CARTESIAN_POINT('Origin',(-48.,4.,45.75));
#2565=CARTESIAN_POINT('Origin',(-42.,-72.,-45.75));
#2566=CARTESIAN_POINT('',(-42.,-74.,-45.75));
#2567=CARTESIAN_POINT('',(-42.,-72.,-47.75));
#2568=CARTESIAN_POINT('Origin',(-42.,-72.,-45.75));
#2569=CARTESIAN_POINT('',(-40.,-72.,-45.75));
#2570=CARTESIAN_POINT('Origin',(-42.,-72.,-45.75));
#2571=CARTESIAN_POINT('Origin',(-42.,-72.,-45.75));
#2572=CARTESIAN_POINT('Origin',(-48.,-72.,45.7500000000001));
#2573=CARTESIAN_POINT('',(-48.,-72.,47.7500000000001));
#2574=CARTESIAN_POINT('',(-50.,-72.,45.7500000000001));
#2575=CARTESIAN_POINT('Origin',(-48.,-72.,45.7500000000001));
#2576=CARTESIAN_POINT('',(-48.,-74.,45.7500000000001));
#2577=CARTESIAN_POINT('Origin',(-48.,-72.,45.7500000000001));
#2578=CARTESIAN_POINT('Origin',(-48.,-72.,45.7500000000001));
#2579=CARTESIAN_POINT('Origin',(-42.,-72.,45.7500000000001));
#2580=CARTESIAN_POINT('',(-42.,-72.,47.7500000000001));
#2581=CARTESIAN_POINT('',(-42.,-74.,45.7500000000001));
#2582=CARTESIAN_POINT('Origin',(-42.,-72.,45.7500000000001));
#2583=CARTESIAN_POINT('',(-40.,-72.,45.7500000000001));
#2584=CARTESIAN_POINT('Origin',(-42.,-72.,45.7500000000001));
#2585=CARTESIAN_POINT('Origin',(-42.,-72.,45.7500000000001));
#2586=CARTESIAN_POINT('Origin',(-42.,-13.9999999999999,45.75));
#2587=CARTESIAN_POINT('',(-40.,6.,45.75));
#2588=CARTESIAN_POINT('',(-40.,-13.9999999999999,45.75));
#2589=CARTESIAN_POINT('',(-42.,4.,47.75));
#2590=CARTESIAN_POINT('Origin',(-42.,4.,45.75));
#2591=CARTESIAN_POINT('',(-42.,-13.9999999999999,47.75));
#2592=CARTESIAN_POINT('Origin',(-42.,-72.,23.8750000000001));
#2593=CARTESIAN_POINT('',(-42.,-74.,23.8750000000001));
#2594=CARTESIAN_POINT('',(-40.,-72.,23.8750000000001));
#2595=CARTESIAN_POINT('Origin',(-40.,-72.,45.7500000000001));
#2596=CARTESIAN_POINT('',(-40.,-74.,45.7500000000001));
#2597=CARTESIAN_POINT('',(-40.,-72.,47.7500000000001));
#2598=CARTESIAN_POINT('Origin',(-48.,-72.,23.8750000000001));
#2599=CARTESIAN_POINT('',(-48.,-74.,23.8750000000001));
#2600=CARTESIAN_POINT('',(-50.,-72.,23.8750000000001));
#2601=CARTESIAN_POINT('Origin',(-48.,-13.9999999999999,45.75));
#2602=CARTESIAN_POINT('',(-48.,-13.9999999999999,47.75));
#2603=CARTESIAN_POINT('',(-50.,-13.9999999999999,45.75));
#2604=CARTESIAN_POINT('Origin',(-20.,4.,45.75));
#2605=CARTESIAN_POINT('',(-20.,4.,47.75));
#2606=CARTESIAN_POINT('',(-20.,6.,45.75));
#2607=CARTESIAN_POINT('Origin',(-42.,-54.,-45.75));
#2608=CARTESIAN_POINT('',(-42.,3.99999999999999,-47.75));
#2609=CARTESIAN_POINT('',(-42.,-54.,-47.75));
#2610=CARTESIAN_POINT('',(-40.,6.,-45.75));
#2611=CARTESIAN_POINT('Origin',(-42.,3.99999999999999,-45.75));
#2612=CARTESIAN_POINT('',(-40.,-54.,-45.75));
#2613=CARTESIAN_POINT('Origin',(-40.,-72.,-45.75));
#2614=CARTESIAN_POINT('',(-40.,-72.,-47.75));
#2615=CARTESIAN_POINT('',(-40.,-74.,-45.75));
#2616=CARTESIAN_POINT('Origin',(-48.,4.,2.88657986402541E-14));
#2617=CARTESIAN_POINT('',(-48.,6.,2.88657986402541E-14));
#2618=CARTESIAN_POINT('',(-50.,4.,2.88657986402541E-14));
#2619=CARTESIAN_POINT('Origin',(-48.,-54.,-45.75));
#2620=CARTESIAN_POINT('',(-48.,-54.,-47.75));
#2621=CARTESIAN_POINT('',(-50.,-54.,-45.75));
#2622=CARTESIAN_POINT('Origin',(-20.,4.,-45.75));
#2623=CARTESIAN_POINT('',(-20.,6.,-45.75));
#2624=CARTESIAN_POINT('',(-20.,4.,-47.75));
#2625=CARTESIAN_POINT('Origin',(-40.,-34.,5.2981773557764E-14));
#2626=CARTESIAN_POINT('',(-40.,6.,-38.75));
#2627=CARTESIAN_POINT('',(-40.,6.,-28.75));
#2628=CARTESIAN_POINT('',(-40.,-8.40791079741238,-38.75));
#2629=CARTESIAN_POINT('',(-40.,-17.,-38.75));
#2630=CARTESIAN_POINT('',(-40.,-8.4079107974124,-39.7282312275065));
#2631=CARTESIAN_POINT('',(-40.,-8.40791079741238,2.87113328281323E-14));
#2632=CARTESIAN_POINT('',(-40.,-9.02176877249334,-41.75));
#2633=CARTESIAN_POINT('Ctrl Pts',(-40.,-8.40791079741238,-39.7282312275066));
#2634=CARTESIAN_POINT('Ctrl Pts',(-40.,-8.40791079741238,-39.8364707664551));
#2635=CARTESIAN_POINT('Ctrl Pts',(-40.,-8.41072270268604,-39.9450991219467));
#2636=CARTESIAN_POINT('Ctrl Pts',(-40.,-8.43852456445267,-40.431594820783));
#2637=CARTESIAN_POINT('Ctrl Pts',(-40.,-8.50287274947568,-40.8289651616238));
#2638=CARTESIAN_POINT('Ctrl Pts',(-40.,-8.7632278985775,-41.4501172204613));
#2639=CARTESIAN_POINT('Ctrl Pts',(-40.,-8.89955101384557,-41.6267119965431));
#2640=CARTESIAN_POINT('Ctrl Pts',(-40.,-9.01859070372523,-41.7468148601361));
#2641=CARTESIAN_POINT('Ctrl Pts',(-40.,-9.02017795991736,-41.748409187424));
#2642=CARTESIAN_POINT('Ctrl Pts',(-40.,-9.02176877249334,-41.75));
#2643=CARTESIAN_POINT('',(-40.,-62.,-41.75));
#2644=CARTESIAN_POINT('',(-40.,-22.,-41.75));
#2645=CARTESIAN_POINT('',(-40.,-62.,35.75));
#2646=CARTESIAN_POINT('',(-40.,-62.,-19.375));
#2647=CARTESIAN_POINT('',(-40.,-55.9999999999999,41.75));
#2648=CARTESIAN_POINT('Origin',(-40.,-55.9999999999999,35.75));
#2649=CARTESIAN_POINT('',(-40.,-9.02176877249334,41.75));
#2650=CARTESIAN_POINT('',(-40.,-46.5,41.75));
#2651=CARTESIAN_POINT('',(-40.,-8.40791079741238,39.7282312275066));
#2652=CARTESIAN_POINT('Ctrl Pts',(-40.,-9.02176877249334,41.75));
#2653=CARTESIAN_POINT('Ctrl Pts',(-40.,-9.02017795973631,41.748409187243));
#2654=CARTESIAN_POINT('Ctrl Pts',(-40.,-9.01859070213411,41.7468148585312));
#2655=CARTESIAN_POINT('Ctrl Pts',(-40.,-8.92192586307035,41.6492866809829));
#2656=CARTESIAN_POINT('Ctrl Pts',(-40.,-8.81078940787934,41.5121268401086));
#2657=CARTESIAN_POINT('Ctrl Pts',(-40.,-8.67759544090454,41.2457288164231));
#2658=CARTESIAN_POINT('Ctrl Pts',(-40.,-8.64955733036775,41.1815988754003));
#2659=CARTESIAN_POINT('Ctrl Pts',(-40.,-8.45875288954011,40.6874658409963));
#2660=CARTESIAN_POINT('Ctrl Pts',(-40.,-8.40791079741238,40.1884849367208));
#2661=CARTESIAN_POINT('Ctrl Pts',(-40.,-8.40791079741238,39.7282312275067));
#2662=CARTESIAN_POINT('',(-40.,-8.40791079741238,38.75));
#2663=CARTESIAN_POINT('',(-40.,-8.40791079741238,2.87113328281323E-14));
#2664=CARTESIAN_POINT('',(-40.,6.,38.75));
#2665=CARTESIAN_POINT('',(-40.,-17.,38.75));
#2666=CARTESIAN_POINT('',(-40.,6.,-28.75));
#2667=CARTESIAN_POINT('Origin',(-40.,6.00000000000003,47.75));
#2668=CARTESIAN_POINT('Origin',(-40.,-74.,47.7500000000001));
#2669=CARTESIAN_POINT('Origin',(-50.,-34.,5.32907051820075E-14));
#2670=CARTESIAN_POINT('',(-50.,-56.,41.75));
#2671=CARTESIAN_POINT('',(-50.,-62.,35.75));
#2672=CARTESIAN_POINT('Origin',(-50.,-56.,35.75));
#2673=CARTESIAN_POINT('',(-50.,-62.,-35.75));
#2674=CARTESIAN_POINT('',(-50.,-62.,-19.375));
#2675=CARTESIAN_POINT('',(-50.,-56.,-41.75));
#2676=CARTESIAN_POINT('Origin',(-50.,-56.,-35.75));
#2677=CARTESIAN_POINT('',(-50.,-13.,-41.75));
#2678=CARTESIAN_POINT('',(-50.,-22.,-41.75));
#2679=CARTESIAN_POINT('',(-50.,-7.00000000000002,-35.75));
#2680=CARTESIAN_POINT('Origin',(-50.,-13.,-35.75));
#2681=CARTESIAN_POINT('',(-50.,-6.99999999999999,35.75));
#2682=CARTESIAN_POINT('',(-50.,-7.,19.375));
#2683=CARTESIAN_POINT('',(-50.,-13.,41.75));
#2684=CARTESIAN_POINT('Origin',(-50.,-13.,35.75));
#2685=CARTESIAN_POINT('',(-50.,-46.5,41.75));
#2686=CARTESIAN_POINT('Origin',(-40.,-74.,-47.75));
#2687=CARTESIAN_POINT('Ctrl Pts',(-40.,-62.,-41.75));
#2688=CARTESIAN_POINT('Ctrl Pts',(-40.,-61.1024020989743,-41.3012010494871));
#2689=CARTESIAN_POINT('Ctrl Pts',(-40.2049581786736,-59.307890971364,-40.403945485682));
#2690=CARTESIAN_POINT('Ctrl Pts',(-41.065637928017,-57.1482978191977,-39.3241489095988));
#2691=CARTESIAN_POINT('Ctrl Pts',(-42.1022720588646,-56.1503520977965,-38.8251760488982));
#2692=CARTESIAN_POINT('Ctrl Pts',(-42.7756005247436,-56.,-38.75));
#2693=CARTESIAN_POINT('Ctrl Pts',(-43.,-56.,-38.75));
#2694=CARTESIAN_POINT('Ctrl Pts',(-40.,-62.,-41.75));
#2695=CARTESIAN_POINT('Ctrl Pts',(-40.,-61.1878876133577,-41.2157155351037));
#2696=CARTESIAN_POINT('Ctrl Pts',(-40.2863708972703,-59.5630267285395,-40.1449570555398));
#2697=CARTESIAN_POINT('Ctrl Pts',(-41.3975010952037,-57.7095452019237,-39.0539258917454));
#2698=CARTESIAN_POINT('Ctrl Pts',(-42.3817041386285,-56.991861284843,-38.7742125714862));
#2699=CARTESIAN_POINT('Ctrl Pts',(-42.8436678204859,-56.8975979010256,-38.75));
#2700=CARTESIAN_POINT('Ctrl Pts',(-43.,-56.8975979010256,-38.75));
#2701=CARTESIAN_POINT('Ctrl Pts',(-40.,-62.,-41.75));
#2702=CARTESIAN_POINT('Ctrl Pts',(-40.,-61.3374872635286,-41.0661158849328));
#2703=CARTESIAN_POINT('Ctrl Pts',(-40.3450336476989,-60.0124783490572,-39.6984320315741));
#2704=CARTESIAN_POINT('Ctrl Pts',(-41.6646459520288,-58.6953656520206,-38.3062007722658));
#2705=CARTESIAN_POINT('Ctrl Pts',(-42.6240795530083,-58.4518020829176,-38.0065149391753));
#2706=CARTESIAN_POINT('Ctrl Pts',(-42.902462184386,-58.451573334554,-37.9966620900437));
#2707=CARTESIAN_POINT('Ctrl Pts',(-43.,-58.451573334554,-37.9966620900437));
#2708=CARTESIAN_POINT('Ctrl Pts',(-40.,-62.,-41.75));
#2709=CARTESIAN_POINT('Ctrl Pts',(-40.,-61.4870869136996,-40.9165162347619));
#2710=CARTESIAN_POINT('Ctrl Pts',(-40.2664582275818,-60.4609365404887,-39.2506038660627));
#2711=CARTESIAN_POINT('Ctrl Pts',(-41.313224699547,-59.3733687809153,-37.3212951952473));
#2712=CARTESIAN_POINT('Ctrl Pts',(-42.3091905252753,-59.0369739173226,-36.5314933625045));
#2713=CARTESIAN_POINT('Ctrl Pts',(-42.8259440752567,-59.,-36.4231984257692));
#2714=CARTESIAN_POINT('Ctrl Pts',(-43.,-59.,-36.4231984257692));
#2715=CARTESIAN_POINT('Ctrl Pts',(-40.,-62.,-41.75));
#2716=CARTESIAN_POINT('Ctrl Pts',(-40.,-61.5512010494871,-40.8524020989743));
#2717=CARTESIAN_POINT('Ctrl Pts',(-40.2049581786736,-60.653945485682,-39.057890971364));
#2718=CARTESIAN_POINT('Ctrl Pts',(-41.065637928017,-59.5741489095988,-36.8982978191977));
#2719=CARTESIAN_POINT('Ctrl Pts',(-42.1022720588647,-59.0751760488982,-35.9003520977965));
#2720=CARTESIAN_POINT('Ctrl Pts',(-42.7756005247436,-59.,-35.75));
#2721=CARTESIAN_POINT('Ctrl Pts',(-43.,-59.,-35.75));
#2722=CARTESIAN_POINT('',(-43.,-59.,-35.75));
#2723=CARTESIAN_POINT('',(-43.,-56.,-38.75));
#2724=CARTESIAN_POINT('Origin',(-43.,-56.,-35.75));
#2725=CARTESIAN_POINT('Origin',(-43.,-62.,-41.75));
#2726=CARTESIAN_POINT('Origin',(-43.,-62.,-41.75));
#2727=CARTESIAN_POINT('Origin',(-43.,-22.,-41.75));
#2728=CARTESIAN_POINT('',(-42.8245553203368,-13.,-38.7551345331755));
#2729=CARTESIAN_POINT('Ctrl Pts',(-40.,-9.02176877249334,-41.75));
#2730=CARTESIAN_POINT('Ctrl Pts',(-40.,-9.02176877249333,-41.630141376464));
#2731=CARTESIAN_POINT('Ctrl Pts',(-40.0148670654445,-9.1068862635665,-41.391941695499));
#2732=CARTESIAN_POINT('Ctrl Pts',(-40.0927227025476,-9.50143127271405,-40.9580489214232));
#2733=CARTESIAN_POINT('Ctrl Pts',(-40.3268032612772,-10.4253362283588,-40.2956045782589));
#2734=CARTESIAN_POINT('Ctrl Pts',(-40.9061940744135,-11.8124233300516,-39.4843651259182));
#2735=CARTESIAN_POINT('Ctrl Pts',(-41.7246687079835,-12.6696007079854,-38.9877536988686));
#2736=CARTESIAN_POINT('Ctrl Pts',(-42.2939628813215,-12.9089004419904,-38.8325131520445));
#2737=CARTESIAN_POINT('Ctrl Pts',(-42.4388064767899,-12.9522295691522,-38.8018922588215));
#2738=CARTESIAN_POINT('Ctrl Pts',(-42.5565795691144,-12.9769023086765,-38.7825011589516));
#2739=CARTESIAN_POINT('Ctrl Pts',(-42.6454570041784,-12.9901822919791,-38.7705711134985));
#2740=CARTESIAN_POINT('Ctrl Pts',(-42.719957228674,-12.9968735273196,-38.7628361244982));
#2741=CARTESIAN_POINT('Ctrl Pts',(-42.7722264122019,-12.9992172050566,-38.7585935521982));
#2742=CARTESIAN_POINT('Ctrl Pts',(-42.8021226755939,-12.9998881936208,-38.7565048706929));
#2743=CARTESIAN_POINT('Ctrl Pts',(-42.8170769876349,-13.,-38.7555726275406));
#2744=CARTESIAN_POINT('Ctrl Pts',(-42.8245553203368,-13.,-38.7551345331755));
#2745=CARTESIAN_POINT('',(-43.,-13.,-38.75));
#2746=CARTESIAN_POINT('Origin',(-43.,-13.,-41.75));
#2747=CARTESIAN_POINT('',(-43.,-22.,-38.75));
#2748=CARTESIAN_POINT('Origin',(-40.,-10.,-38.75));
#2749=CARTESIAN_POINT('',(-47.,-56.,-38.75));
#2750=CARTESIAN_POINT('',(-40.,-56.,-38.75));
#2751=CARTESIAN_POINT('',(-47.,-13.,-38.75));
#2752=CARTESIAN_POINT('',(-40.,-13.,-38.75));
#2753=CARTESIAN_POINT('',(-47.,-22.,-38.75));
#2754=CARTESIAN_POINT('Origin',(-43.,-55.9999999999999,35.75));
#2755=CARTESIAN_POINT('',(-43.,-59.,35.75));
#2756=CARTESIAN_POINT('Origin',(-43.,-62.,35.75));
#2757=CARTESIAN_POINT('',(-43.,-56.,38.75));
#2758=CARTESIAN_POINT('Origin',(-43.,-56.,35.75));
#2759=CARTESIAN_POINT('Origin',(-43.,-55.9999999999999,41.75));
#2760=CARTESIAN_POINT('Origin',(-47.,-13.,-35.75));
#2761=CARTESIAN_POINT('',(-47.,-10.,-35.75));
#2762=CARTESIAN_POINT('Origin',(-47.,-7.00000000000002,-35.75));
#2763=CARTESIAN_POINT('Origin',(-47.,-13.,-41.75));
#2764=CARTESIAN_POINT('Origin',(-47.,-13.,-35.75));
#2765=CARTESIAN_POINT('Origin',(-40.,-13.,-35.75));
#2766=CARTESIAN_POINT('',(-43.,-10.,-35.75));
#2767=CARTESIAN_POINT('Origin',(-43.,-13.,-35.75));
#2768=CARTESIAN_POINT('',(-40.,-10.,-35.75));
#2769=CARTESIAN_POINT('Origin',(-43.,-13.,-41.75));
#2770=CARTESIAN_POINT('',(-42.6491106406735,-10.,-35.760269066351));
#2771=CARTESIAN_POINT('Origin',(-42.6491106406735,-13.,-35.760269066351));
#2772=CARTESIAN_POINT('Origin',(-43.,-10.,-41.75));
#2773=CARTESIAN_POINT('Ctrl Pts',(-42.8245553203368,-13.,-38.7551345331755));
#2774=CARTESIAN_POINT('Ctrl Pts',(-42.8170769876349,-13.,-38.7555726275406));
#2775=CARTESIAN_POINT('Ctrl Pts',(-42.8021226755939,-12.9998881936208,-38.7565048706929));
#2776=CARTESIAN_POINT('Ctrl Pts',(-42.7722264122019,-12.9992172050566,-38.7585935521982));
#2777=CARTESIAN_POINT('Ctrl Pts',(-42.719957228674,-12.9968735273196,-38.7628361244982));
#2778=CARTESIAN_POINT('Ctrl Pts',(-42.6454570041784,-12.9901822919791,-38.7705711134985));
#2779=CARTESIAN_POINT('Ctrl Pts',(-42.5565795691144,-12.9769023086765,-38.7825011589516));
#2780=CARTESIAN_POINT('Ctrl Pts',(-42.4388064767899,-12.9522295691522,-38.8018922588215));
#2781=CARTESIAN_POINT('Ctrl Pts',(-42.2939628813215,-12.9089004419904,-38.8325131520445));
#2782=CARTESIAN_POINT('Ctrl Pts',(-41.7246687079835,-12.6696007079854,-38.9877536988686));
#2783=CARTESIAN_POINT('Ctrl Pts',(-40.9061940744135,-11.8124233300516,-39.4843651259182));
#2784=CARTESIAN_POINT('Ctrl Pts',(-40.3268032612772,-10.4253362283588,-40.2956045782589));
#2785=CARTESIAN_POINT('Ctrl Pts',(-40.0927227025476,-9.50143127271405,-40.9580489214232));
#2786=CARTESIAN_POINT('Ctrl Pts',(-40.0148670654445,-9.1068862635665,-41.391941695499));
#2787=CARTESIAN_POINT('Ctrl Pts',(-40.,-9.02176877249333,-41.630141376464));
#2788=CARTESIAN_POINT('Ctrl Pts',(-40.,-9.02176877249334,-41.75));
#2789=CARTESIAN_POINT('Ctrl Pts',(-42.8245553203368,-12.1024020989744,-38.7551345331755));
#2790=CARTESIAN_POINT('Ctrl Pts',(-42.8193375303008,-12.1024870718874,-38.7554370575845));
#2791=CARTESIAN_POINT('Ctrl Pts',(-42.8088969251389,-12.1025820215849,-38.7560677586494));
#2792=CARTESIAN_POINT('Ctrl Pts',(-42.7880001108626,-12.1024796424345,-38.757413753566));
#2793=CARTESIAN_POINT('Ctrl Pts',(-42.7513764341735,-12.1015252394699,-38.7600124311675));
#2794=CARTESIAN_POINT('Ctrl Pts',(-42.6988745036708,-12.0979456806231,-38.7644369257474));
#2795=CARTESIAN_POINT('Ctrl Pts',(-42.6354934275659,-12.0901389825883,-38.7708623188553));
#2796=CARTESIAN_POINT('Ctrl Pts',(-42.550414169076,-12.0750829636025,-38.7809558280822));
#2797=CARTESIAN_POINT('Ctrl Pts',(-42.4424797104348,-12.0472664598552,-38.7973432637379));
#2798=CARTESIAN_POINT('Ctrl Pts',(-42.0043772813597,-11.8916780604305,-38.8776783690223));
#2799=CARTESIAN_POINT('Ctrl Pts',(-41.1808103609325,-11.2596413608219,-39.2198467859554));
#2800=CARTESIAN_POINT('Ctrl Pts',(-40.4358300563919,-10.0715684714252,-40.0603287164202));
#2801=CARTESIAN_POINT('Ctrl Pts',(-40.1266007262602,-9.25415871485178,-40.8173150030869));
#2802=CARTESIAN_POINT('Ctrl Pts',(-40.0200151333039,-8.90164666517902,-41.3263385107435));
#2803=CARTESIAN_POINT('Ctrl Pts',(-40.,-8.82537577132197,-41.6082178914225));
#2804=CARTESIAN_POINT('Ctrl Pts',(-40.,-8.82537577132198,-41.75));
#2805=CARTESIAN_POINT('Ctrl Pts',(-42.7805100164866,-10.5482840984714,-38.003274974198));
#2806=CARTESIAN_POINT('Ctrl Pts',(-42.7772472731847,-10.548504982775,-38.0036150071746));
#2807=CARTESIAN_POINT('Ctrl Pts',(-42.7707134533485,-10.5489371559479,-38.0043119415825));
#2808=CARTESIAN_POINT('Ctrl Pts',(-42.757605256118,-10.5497630433191,-38.005774116092));
#2809=CARTESIAN_POINT('Ctrl Pts',(-42.7345275281814,-10.5510911403971,-38.0085302251831));
#2810=CARTESIAN_POINT('Ctrl Pts',(-42.7011085597317,-10.5527109737494,-38.0129682965786));
#2811=CARTESIAN_POINT('Ctrl Pts',(-42.6597692277995,-10.5539270207358,-38.0194142218133));
#2812=CARTESIAN_POINT('Ctrl Pts',(-42.6029399297987,-10.5548518223375,-38.0291852048833));
#2813=CARTESIAN_POINT('Ctrl Pts',(-42.5267403428663,-10.5528196301458,-38.0456577761797));
#2814=CARTESIAN_POINT('Ctrl Pts',(-42.200436643027,-10.5368675773992,-38.1236533076658));
#2815=CARTESIAN_POINT('Ctrl Pts',(-41.3626783766566,-10.2899483229998,-38.5174377574839));
#2816=CARTESIAN_POINT('Ctrl Pts',(-40.4842047457433,-9.45052148570491,-39.5905955285457));
#2817=CARTESIAN_POINT('Ctrl Pts',(-40.1182647097353,-8.82071681915511,-40.5566381822849));
#2818=CARTESIAN_POINT('Ctrl Pts',(-39.9900037412895,-8.54223674700951,-41.2080444496515));
#2819=CARTESIAN_POINT('Ctrl Pts',(-39.9661346845916,-8.48169639779932,-41.5684977923486));
#2820=CARTESIAN_POINT('Ctrl Pts',(-39.9661346845916,-8.48169639779933,-41.7500000000001));
#2821=CARTESIAN_POINT('Ctrl Pts',(-42.6884803347265,-10.,-36.43231530557));
#2822=CARTESIAN_POINT('Ctrl Pts',(-42.6826761495191,-10.0000989016598,-36.433032049108));
#2823=CARTESIAN_POINT('Ctrl Pts',(-42.6710662001706,-10.0002651124928,-36.4345486098172));
#2824=CARTESIAN_POINT('Ctrl Pts',(-42.6478398577209,-10.0004757858011,-36.4379177208412));
#2825=CARTESIAN_POINT('Ctrl Pts',(-42.6071742419814,-10.0005168484731,-36.4446972800654));
#2826=CARTESIAN_POINT('Ctrl Pts',(-42.5490227206049,-9.99964769401727,-36.4568726591387));
#2827=CARTESIAN_POINT('Ctrl Pts',(-42.4791089598577,-9.99708206442866,-36.4755564043625));
#2828=CARTESIAN_POINT('Ctrl Pts',(-42.385718001257,-9.99168644443686,-36.5056981509606));
#2829=CARTESIAN_POINT('Ctrl Pts',(-42.2684856248082,-9.98069124502211,-36.5536195054365));
#2830=CARTESIAN_POINT('Ctrl Pts',(-41.7979872903576,-9.91746507334522,-36.7948530205899));
#2831=CARTESIAN_POINT('Ctrl Pts',(-40.9807519638815,-9.6120102408494,-37.6087864275109));
#2832=CARTESIAN_POINT('Ctrl Pts',(-40.2811185434499,-8.91667979884513,-39.0663981158935));
#2833=CARTESIAN_POINT('Ctrl Pts',(-39.9918715805778,-8.4156599457669,-40.2833778481078));
#2834=CARTESIAN_POINT('Ctrl Pts',(-39.8928716056044,-8.19707621305446,-41.0861756038044));
#2835=CARTESIAN_POINT('Ctrl Pts',(-39.8741879749498,-8.14956511033053,-41.5277470321039));
#2836=CARTESIAN_POINT('Ctrl Pts',(-39.8741879749498,-8.14956511033054,-41.7500000000001));
#2837=CARTESIAN_POINT('Ctrl Pts',(-42.6491106406735,-10.,-35.760269066351));
#2838=CARTESIAN_POINT('Ctrl Pts',(-42.6416323079717,-10.,-35.7611452550812));
#2839=CARTESIAN_POINT('Ctrl Pts',(-42.6266779959307,-9.99994409681039,-35.7630097413857));
#2840=CARTESIAN_POINT('Ctrl Pts',(-42.5967817325386,-9.99960860252829,-35.7671871043965));
#2841=CARTESIAN_POINT('Ctrl Pts',(-42.5445125490108,-9.99843676365978,-35.7756722489965));
#2842=CARTESIAN_POINT('Ctrl Pts',(-42.4700123245152,-9.99509114598957,-35.7911422269971));
#2843=CARTESIAN_POINT('Ctrl Pts',(-42.3811348894511,-9.98845115433824,-35.8150023179032));
#2844=CARTESIAN_POINT('Ctrl Pts',(-42.2633617971267,-9.9761147845761,-35.853784517643));
#2845=CARTESIAN_POINT('Ctrl Pts',(-42.1185182016583,-9.95445022099521,-35.915026304089));
#2846=CARTESIAN_POINT('Ctrl Pts',(-41.5492240283203,-9.83480035399269,-36.2255073977372));
#2847=CARTESIAN_POINT('Ctrl Pts',(-40.7307493947503,-9.40621166502579,-37.2187302518365));
#2848=CARTESIAN_POINT('Ctrl Pts',(-40.151358581614,-8.71266811417937,-38.8412091565178));
#2849=CARTESIAN_POINT('Ctrl Pts',(-39.9172780228843,-8.25071563635693,-40.1660978428466));
#2850=CARTESIAN_POINT('Ctrl Pts',(-39.8394223857813,-8.05344313178326,-41.033883390998));
#2851=CARTESIAN_POINT('Ctrl Pts',(-39.8245553203368,-8.01088438624667,-41.5102827529279));
#2852=CARTESIAN_POINT('Ctrl Pts',(-39.8245553203368,-8.01088438624667,-41.7500000000001));
#2853=CARTESIAN_POINT('Ctrl Pts',(-42.6491106406735,-10.,-35.760269066351));
#2854=CARTESIAN_POINT('Ctrl Pts',(-42.6416323079717,-10.,-35.7611452550812));
#2855=CARTESIAN_POINT('Ctrl Pts',(-42.6266779959307,-9.99994409681039,-35.7630097413857));
#2856=CARTESIAN_POINT('Ctrl Pts',(-42.5967817325386,-9.99960860252829,-35.7671871043965));
#2857=CARTESIAN_POINT('Ctrl Pts',(-42.5445125490108,-9.99843676365978,-35.7756722489965));
#2858=CARTESIAN_POINT('Ctrl Pts',(-42.4700123245152,-9.99509114598957,-35.7911422269971));
#2859=CARTESIAN_POINT('Ctrl Pts',(-42.3811348894511,-9.98845115433824,-35.8150023179032));
#2860=CARTESIAN_POINT('Ctrl Pts',(-42.2633617971267,-9.9761147845761,-35.853784517643));
#2861=CARTESIAN_POINT('Ctrl Pts',(-42.1185182016583,-9.95445022099521,-35.915026304089));
#2862=CARTESIAN_POINT('Ctrl Pts',(-41.5492240283203,-9.83480035399269,-36.2255073977372));
#2863=CARTESIAN_POINT('Ctrl Pts',(-40.7307493947503,-9.40621166502579,-37.2187302518365));
#2864=CARTESIAN_POINT('Ctrl Pts',(-40.2159930389145,-8.79003698162926,-38.6602120797469));
#2865=CARTESIAN_POINT('Ctrl Pts',(-40.0304082448489,-8.46464461569124,-39.5601494558259));
#2866=CARTESIAN_POINT('Ctrl Pts',(-40.0001969201866,-8.40789196992248,-39.7282602602022));
#2867=CARTESIAN_POINT('Origin',(-47.,-56.,-35.75));
#2868=CARTESIAN_POINT('Origin',(-47.,-56.,-41.75));
#2869=CARTESIAN_POINT('',(-47.,-59.,-35.75));
#2870=CARTESIAN_POINT('Origin',(-47.,-62.,-35.75));
#2871=CARTESIAN_POINT('Origin',(-47.,-56.,-35.75));
#2872=CARTESIAN_POINT('Origin',(-40.,-56.,-35.75));
#2873=CARTESIAN_POINT('',(-40.,-59.,-35.75));
#2874=CARTESIAN_POINT('Origin',(-47.,-13.,35.75));
#2875=CARTESIAN_POINT('',(-47.,-13.,38.75));
#2876=CARTESIAN_POINT('Origin',(-47.,-13.,41.75));
#2877=CARTESIAN_POINT('',(-47.,-9.99999999999999,35.75));
#2878=CARTESIAN_POINT('Origin',(-47.,-6.99999999999999,35.75));
#2879=CARTESIAN_POINT('Origin',(-47.,-13.,35.75));
#2880=CARTESIAN_POINT('Origin',(-40.,-13.,35.75));
#2881=CARTESIAN_POINT('',(-43.,-13.,38.75));
#2882=CARTESIAN_POINT('',(-43.,-9.99999999999999,35.75));
#2883=CARTESIAN_POINT('Origin',(-43.,-13.,35.75));
#2884=CARTESIAN_POINT('',(-40.,-13.,38.75));
#2885=CARTESIAN_POINT('',(-40.,-9.99999999999999,35.75));
#2886=CARTESIAN_POINT('Origin',(-43.,-13.,41.75));
#2887=CARTESIAN_POINT('',(-42.8245553203368,-13.,38.7551345331755));
#2888=CARTESIAN_POINT('',(-42.6491106406735,-9.99999999999999,35.760269066351));
#2889=CARTESIAN_POINT('Origin',(-42.6491106406735,-13.,35.760269066351));
#2890=CARTESIAN_POINT('Origin',(-43.,-13.,41.75));
#2891=CARTESIAN_POINT('Origin',(-43.,-9.99999999999999,41.75));
#2892=CARTESIAN_POINT('Ctrl Pts',(-42.6491106406735,-10.,35.760269066351));
#2893=CARTESIAN_POINT('Ctrl Pts',(-42.6416331663523,-10.,35.7611451545102));
#2894=CARTESIAN_POINT('Ctrl Pts',(-42.6266805719459,-9.99994411326528,35.7630095145244));
#2895=CARTESIAN_POINT('Ctrl Pts',(-42.5967880462293,-9.99960871865587,35.7671864319177));
#2896=CARTESIAN_POINT('Ctrl Pts',(-42.5445259414204,-9.99843717587559,35.775670489366));
#2897=CARTESIAN_POINT('Ctrl Pts',(-42.4700354375256,-9.99509281492584,35.7911398324291));
#2898=CARTESIAN_POINT('Ctrl Pts',(-42.3811715660084,-9.9884545171893,35.8149944513899));
#2899=CARTESIAN_POINT('Ctrl Pts',(-42.2634113588064,-9.97612283393699,35.8537722443776));
#2900=CARTESIAN_POINT('Ctrl Pts',(-42.1185825211745,-9.9544599541258,35.9150006884385));
#2901=CARTESIAN_POINT('Ctrl Pts',(-41.5492809898744,-9.83486381176059,36.2254923535405));
#2902=CARTESIAN_POINT('Ctrl Pts',(-40.7309842005502,-9.40622495123116,37.2183202596352));
#2903=CARTESIAN_POINT('Ctrl Pts',(-40.1515292909568,-8.71296454475447,38.8403656438495));
#2904=CARTESIAN_POINT('Ctrl Pts',(-39.9171843089257,-8.25050587869022,40.1666783059671));
#2905=CARTESIAN_POINT('Ctrl Pts',(-39.8394515315026,-8.05348825200648,41.0338409103375));
#2906=CARTESIAN_POINT('Ctrl Pts',(-39.8245553203368,-8.01088438624667,41.5102259310391));
#2907=CARTESIAN_POINT('Ctrl Pts',(-39.8245553203368,-8.01088438624667,41.75));
#2908=CARTESIAN_POINT('Ctrl Pts',(-42.7016035660775,-10.,36.656330718643));
#2909=CARTESIAN_POINT('Ctrl Pts',(-42.6963892720255,-10.0001345014031,36.6569903999437));
#2910=CARTESIAN_POINT('Ctrl Pts',(-42.6859562542227,-10.0003781142707,36.6583852509836));
#2911=CARTESIAN_POINT('Ctrl Pts',(-42.6650778774581,-10.0007820980944,36.6614684512355));
#2912=CARTESIAN_POINT('Ctrl Pts',(-42.6284942805789,-10.0012516954863,36.6676456039019));
#2913=CARTESIAN_POINT('Ctrl Pts',(-42.5760693481751,-10.0012205697541,36.6786984657165));
#2914=CARTESIAN_POINT('Ctrl Pts',(-42.5128182491673,-10.0001219345315,36.6955246955087));
#2915=CARTESIAN_POINT('Ctrl Pts',(-42.4279519882564,-9.99716168368892,36.722635634138));
#2916=CARTESIAN_POINT('Ctrl Pts',(-42.3203525857546,-9.98997250051699,36.7658267353685));
#2917=CARTESIAN_POINT('Ctrl Pts',(-41.88397737367,-9.9465001507252,36.9828606183423));
#2918=CARTESIAN_POINT('Ctrl Pts',(-41.0652062109882,-9.68265732187126,37.7363540527867));
#2919=CARTESIAN_POINT('Ctrl Pts',(-40.3244584094449,-8.9862663082912,39.1393163433199));
#2920=CARTESIAN_POINT('Ctrl Pts',(-40.0165251014829,-8.47082235755339,40.3225552773265));
#2921=CARTESIAN_POINT('Ctrl Pts',(-39.9106827203595,-8.24514847892872,41.1034113939294));
#2922=CARTESIAN_POINT('Ctrl Pts',(-39.8907321931542,-8.19579201835849,41.5335176075947));
#2923=CARTESIAN_POINT('Ctrl Pts',(-39.8907321931542,-8.19579201835849,41.75));
#2924=CARTESIAN_POINT('Ctrl Pts',(-42.7924908109965,-10.7531485811028,38.2077888290018));
#2925=CARTESIAN_POINT('Ctrl Pts',(-42.7892277245127,-10.753357168026,38.2080866132452));
#2926=CARTESIAN_POINT('Ctrl Pts',(-42.7826931900225,-10.7537582434233,38.2086920034586));
#2927=CARTESIAN_POINT('Ctrl Pts',(-42.7695829275911,-10.7544939363933,38.2099432305651));
#2928=CARTESIAN_POINT('Ctrl Pts',(-42.7465000436669,-10.7555922561528,38.2122581749902));
#2929=CARTESIAN_POINT('Ctrl Pts',(-42.7130715237945,-10.756685222519,38.2158552708083));
#2930=CARTESIAN_POINT('Ctrl Pts',(-42.6717089235392,-10.7569384337526,38.2209816146765));
#2931=CARTESIAN_POINT('Ctrl Pts',(-42.6148439905659,-10.7561749753712,38.2285569912059));
#2932=CARTESIAN_POINT('Ctrl Pts',(-42.5385673906375,-10.7512935911453,38.2416216158066));
#2933=CARTESIAN_POINT('Ctrl Pts',(-42.2119775054266,-10.720409673994,38.3018091569138));
#2934=CARTESIAN_POINT('Ctrl Pts',(-41.3729571096741,-10.4262832778466,38.6460714145245));
#2935=CARTESIAN_POINT('Ctrl Pts',(-40.4935989581632,-9.53906782928094,39.6644735064096));
#2936=CARTESIAN_POINT('Ctrl Pts',(-40.1267869497949,-8.88221090420219,40.596128101698));
#2937=CARTESIAN_POINT('Ctrl Pts',(-39.9985959084953,-8.59359022764726,41.2254061284747));
#2938=CARTESIAN_POINT('Ctrl Pts',(-39.9746540784066,-8.53078379221019,41.574276374438));
#2939=CARTESIAN_POINT('Ctrl Pts',(-39.9746540784066,-8.53078379221019,41.75));
#2940=CARTESIAN_POINT('Ctrl Pts',(-42.8245553203368,-12.3268015742308,38.7551345331755));
#2941=CARTESIAN_POINT('Ctrl Pts',(-42.8187496184,-12.3268631374311,38.7554735509875));
#2942=CARTESIAN_POINT('Ctrl Pts',(-42.8071362384863,-12.3269037009917,38.7561834824876));
#2943=CARTESIAN_POINT('Ctrl Pts',(-42.7839009770426,-12.3266501820786,38.7577261350031));
#2944=CARTESIAN_POINT('Ctrl Pts',(-42.7432145742554,-12.3253292244171,38.7607582699759));
#2945=CARTESIAN_POINT('Ctrl Pts',(-42.6850194591467,-12.3209651317585,38.7660270666529));
#2946=CARTESIAN_POINT('Ctrl Pts',(-42.6150257788994,-12.3117037266862,38.7739152972117));
#2947=CARTESIAN_POINT('Ctrl Pts',(-42.521496423822,-12.2941558712163,38.7864338833999));
#2948=CARTESIAN_POINT('Ctrl Pts',(-42.4040287214022,-12.2622558646853,38.8065693973833));
#2949=CARTESIAN_POINT('Ctrl Pts',(-41.9323084625116,-12.0851311597088,38.9064045192701));
#2950=CARTESIAN_POINT('Ctrl Pts',(-41.1115661128595,-11.3960884856108,39.2872700042532));
#2951=CARTESIAN_POINT('Ctrl Pts',(-40.4088817299287,-10.1595044551818,40.1196411322716));
#2952=CARTESIAN_POINT('Ctrl Pts',(-40.1180539595575,-9.3152449468395,40.8531211410174));
#2953=CARTESIAN_POINT('Ctrl Pts',(-40.0187949265995,-8.95291663237323,41.3428276684873));
#2954=CARTESIAN_POINT('Ctrl Pts',(-40.,-8.87447402161482,41.6136661538752));
#2955=CARTESIAN_POINT('Ctrl Pts',(-40.,-8.87447402161482,41.75));
#2956=CARTESIAN_POINT('Ctrl Pts',(-42.8245553203368,-13.,38.7551345331755));
#2957=CARTESIAN_POINT('Ctrl Pts',(-42.8170778460156,-13.,38.7555725772551));
#2958=CARTESIAN_POINT('Ctrl Pts',(-42.8021252516092,-12.9998882265306,38.7565047572622));
#2959=CARTESIAN_POINT('Ctrl Pts',(-42.7722327258926,-12.9992174373117,38.7585932159589));
#2960=CARTESIAN_POINT('Ctrl Pts',(-42.7199706210836,-12.9968743517512,38.762835244683));
#2961=CARTESIAN_POINT('Ctrl Pts',(-42.6454801171889,-12.9901856298517,38.7705699162146));
#2962=CARTESIAN_POINT('Ctrl Pts',(-42.5566162456716,-12.9769090343786,38.782497225695));
#2963=CARTESIAN_POINT('Ctrl Pts',(-42.4388560384696,-12.952245667874,38.8018861221888));
#2964=CARTESIAN_POINT('Ctrl Pts',(-42.2940272008377,-12.9089199082516,38.8325003442193));
#2965=CARTESIAN_POINT('Ctrl Pts',(-41.7247256695377,-12.6697276235212,38.9877461767703));
#2966=CARTESIAN_POINT('Ctrl Pts',(-40.9064288802135,-11.8124499024624,39.4841601298175));
#2967=CARTESIAN_POINT('Ctrl Pts',(-40.3269739706201,-10.4259290895089,40.2951828219248));
#2968=CARTESIAN_POINT('Ctrl Pts',(-40.0926289885889,-9.50101175738049,40.9583391529834));
#2969=CARTESIAN_POINT('Ctrl Pts',(-40.0148962111658,-9.10697650401295,41.3919204551688));
#2970=CARTESIAN_POINT('Ctrl Pts',(-40.,-9.02176877249333,41.6301129655196));
#2971=CARTESIAN_POINT('Ctrl Pts',(-40.,-9.02176877249334,41.75));
#2972=CARTESIAN_POINT('Ctrl Pts',(-42.8245553203368,-13.,38.7551345331755));
#2973=CARTESIAN_POINT('Ctrl Pts',(-42.8170778460156,-13.,38.7555725772551));
#2974=CARTESIAN_POINT('Ctrl Pts',(-42.8021252516092,-12.9998882265306,38.7565047572622));
#2975=CARTESIAN_POINT('Ctrl Pts',(-42.7722327258926,-12.9992174373117,38.7585932159589));
#2976=CARTESIAN_POINT('Ctrl Pts',(-42.7199706210836,-12.9968743517512,38.762835244683));
#2977=CARTESIAN_POINT('Ctrl Pts',(-42.6454801171889,-12.9901856298517,38.7705699162146));
#2978=CARTESIAN_POINT('Ctrl Pts',(-42.5566162456716,-12.9769090343786,38.782497225695));
#2979=CARTESIAN_POINT('Ctrl Pts',(-42.4388560384696,-12.952245667874,38.8018861221888));
#2980=CARTESIAN_POINT('Ctrl Pts',(-42.2940272008377,-12.9089199082516,38.8325003442193));
#2981=CARTESIAN_POINT('Ctrl Pts',(-41.7247256695377,-12.6697276235212,38.9877461767703));
#2982=CARTESIAN_POINT('Ctrl Pts',(-40.9064288802135,-11.8124499024624,39.4841601298175));
#2983=CARTESIAN_POINT('Ctrl Pts',(-40.3269739706201,-10.4259290895089,40.2951828219248));
#2984=CARTESIAN_POINT('Ctrl Pts',(-40.0926289885889,-9.50101175738049,40.9583391529834));
#2985=CARTESIAN_POINT('Ctrl Pts',(-40.0148962111658,-9.10697650401295,41.3919204551688));
#2986=CARTESIAN_POINT('Ctrl Pts',(-40.,-9.02176877249333,41.6301129655196));
#2987=CARTESIAN_POINT('Ctrl Pts',(-40.,-9.02176877249334,41.75));
#2988=CARTESIAN_POINT('Ctrl Pts',(-40.0002121953256,-8.40788614592553,39.7282610432085));
#2989=CARTESIAN_POINT('Ctrl Pts',(-40.0304420014998,-8.46466853864822,39.5600660034314));
#2990=CARTESIAN_POINT('Ctrl Pts',(-40.2161799814299,-8.79031269249529,38.6593915036154));
#2991=CARTESIAN_POINT('Ctrl Pts',(-40.7309842005502,-9.40622495123116,37.2183202596352));
#2992=CARTESIAN_POINT('Ctrl Pts',(-41.5492809898744,-9.83486381176059,36.2254923535405));
#2993=CARTESIAN_POINT('Ctrl Pts',(-42.1185825211745,-9.9544599541258,35.9150006884385));
#2994=CARTESIAN_POINT('Ctrl Pts',(-42.2634113588064,-9.97612283393699,35.8537722443776));
#2995=CARTESIAN_POINT('Ctrl Pts',(-42.3811715660084,-9.9884545171893,35.8149944513899));
#2996=CARTESIAN_POINT('Ctrl Pts',(-42.4700354375256,-9.99509281492584,35.7911398324291));
#2997=CARTESIAN_POINT('Ctrl Pts',(-42.5445259414204,-9.99843717587559,35.775670489366));
#2998=CARTESIAN_POINT('Ctrl Pts',(-42.5967880462293,-9.99960871865587,35.7671864319177));
#2999=CARTESIAN_POINT('Ctrl Pts',(-42.6266805719459,-9.99994411326528,35.7630095145244));
#3000=CARTESIAN_POINT('Ctrl Pts',(-42.6416331663523,-10.,35.7611451545102));
#3001=CARTESIAN_POINT('Ctrl Pts',(-42.6491106406735,-10.,35.760269066351));
#3002=CARTESIAN_POINT('Origin',(-47.,-7.,19.375));
#3003=CARTESIAN_POINT('',(-47.,-10.,19.375));
#3004=CARTESIAN_POINT('Origin',(-47.,-56.,35.75));
#3005=CARTESIAN_POINT('',(-47.,-59.,35.75));
#3006=CARTESIAN_POINT('Origin',(-47.,-62.,35.75));
#3007=CARTESIAN_POINT('',(-47.,-56.,38.75));
#3008=CARTESIAN_POINT('Origin',(-47.,-56.,41.75));
#3009=CARTESIAN_POINT('Origin',(-47.,-56.,35.75));
#3010=CARTESIAN_POINT('Origin',(-40.,-56.,35.75));
#3011=CARTESIAN_POINT('',(-40.,-59.,35.75));
#3012=CARTESIAN_POINT('',(-40.,-56.,38.75));
#3013=CARTESIAN_POINT('Origin',(-47.,-46.5,41.75));
#3014=CARTESIAN_POINT('',(-47.,-46.5,38.75));
#3015=CARTESIAN_POINT('Origin',(-47.,-62.,-19.375));
#3016=CARTESIAN_POINT('',(-47.,-59.,-19.375));
#3017=CARTESIAN_POINT('Origin',(-47.,-22.,-41.75));
#3018=CARTESIAN_POINT('Origin',(-43.,-62.,-19.375));
#3019=CARTESIAN_POINT('',(-43.,-59.,-19.375));
#3020=CARTESIAN_POINT('Origin',(-42.6491106406735,-7.00000000000001,2.87113328281323E-14));
#3021=CARTESIAN_POINT('',(-42.6491106406735,-10.,3.00436004576825E-14));
#3022=CARTESIAN_POINT('',(-39.7300851082104,-7.6923076923077,-36.4423076923077));
#3023=CARTESIAN_POINT('Ctrl Pts',(-39.7300851082104,-7.6923076923077,-36.4423076923077));
#3024=CARTESIAN_POINT('Ctrl Pts',(-39.7590665511713,-7.81450418515388,-36.5645041851539));
#3025=CARTESIAN_POINT('Ctrl Pts',(-39.7900796120207,-7.91314707901227,-36.7058060617167));
#3026=CARTESIAN_POINT('Ctrl Pts',(-39.8548456089904,-8.09696200685582,-37.0421512044351));
#3027=CARTESIAN_POINT('Ctrl Pts',(-39.8879823162886,-8.17499775771235,-37.2424874407614));
#3028=CARTESIAN_POINT('Ctrl Pts',(-39.9703749088127,-8.35725737336338,-37.872046324648));
#3029=CARTESIAN_POINT('Ctrl Pts',(-40.,-8.40791079741237,-38.3280528872374));
#3030=CARTESIAN_POINT('Ctrl Pts',(-40.,-8.40791079741237,-38.75));
#3031=CARTESIAN_POINT('',(-39.7300851082104,-7.6923076923077,36.4423076923077));
#3032=CARTESIAN_POINT('',(-39.7300851082104,-7.6923076923077,2.87113328281323E-14));
#3033=CARTESIAN_POINT('Ctrl Pts',(-40.,-8.40791079741237,38.75));
#3034=CARTESIAN_POINT('Ctrl Pts',(-40.,-8.40791079741237,38.3280528872374));
#3035=CARTESIAN_POINT('Ctrl Pts',(-39.9703749088127,-8.35725737336338,37.872046324648));
#3036=CARTESIAN_POINT('Ctrl Pts',(-39.8879823162886,-8.17499775771235,37.2424874407614));
#3037=CARTESIAN_POINT('Ctrl Pts',(-39.8548456089904,-8.09696200685582,37.0421512044351));
#3038=CARTESIAN_POINT('Ctrl Pts',(-39.7900796120207,-7.91314707901227,36.7058060617167));
#3039=CARTESIAN_POINT('Ctrl Pts',(-39.7590665511713,-7.81450418515388,36.5645041851539));
#3040=CARTESIAN_POINT('Ctrl Pts',(-39.7300851082104,-7.6923076923077,36.4423076923077));
#3041=CARTESIAN_POINT('Origin',(-40.,-59.,38.75));
#3042=CARTESIAN_POINT('',(-43.,-46.5,38.75));
#3043=CARTESIAN_POINT('Origin',(-43.,-46.5,41.75));
#3044=CARTESIAN_POINT('Origin',(-30.,-17.,-38.75));
#3045=CARTESIAN_POINT('',(-30.,6.,-28.75));
#3046=CARTESIAN_POINT('Origin',(-30.,6.,-38.75));
#3047=CARTESIAN_POINT('',(-30.,0.,-28.75));
#3048=CARTESIAN_POINT('',(-30.,-17.,-28.75));
#3049=CARTESIAN_POINT('Origin',(-30.,-10.,-38.75));
#3050=CARTESIAN_POINT('Origin',(-30.,-10.,2.87113328281323E-14));
#3051=CARTESIAN_POINT('',(-30.,0.,28.75));
#3052=CARTESIAN_POINT('',(-30.,0.,2.87113328281323E-14));
#3053=CARTESIAN_POINT('Origin',(-30.,-10.,38.75));
#3054=CARTESIAN_POINT('Origin',(-30.,-17.,38.75));
#3055=CARTESIAN_POINT('',(-30.,6.,28.75));
#3056=CARTESIAN_POINT('',(-30.,-17.,28.75));
#3057=CARTESIAN_POINT('Origin',(-30.,6.,38.75));
#3058=CARTESIAN_POINT('Origin',(-40.,-59.,-38.75));
#3059=CARTESIAN_POINT('Origin',(-40.,-9.99999999999999,38.75));
#3060=CARTESIAN_POINT('Origin',(-40.,0.,28.75));
#3061=CARTESIAN_POINT('',(30.,0.,28.75));
#3062=CARTESIAN_POINT('',(-40.,0.,28.75));
#3063=CARTESIAN_POINT('',(30.,6.,28.75));
#3064=CARTESIAN_POINT('',(30.,-17.,28.75));
#3065=CARTESIAN_POINT('',(-40.,6.,28.75));
#3066=CARTESIAN_POINT('Origin',(0.,0.,4.44089209850063E-15));
#3067=CARTESIAN_POINT('',(30.,0.,-28.75));
#3068=CARTESIAN_POINT('',(40.,0.,-28.75));
#3069=CARTESIAN_POINT('',(30.,0.,2.87113328281323E-14));
#3070=CARTESIAN_POINT('',(-19.951351468996,0.,-17.049867593443));
#3071=CARTESIAN_POINT('Origin',(-17.051351468996,0.,-17.049867593443));
#3072=CARTESIAN_POINT('',(14.151351468996,0.,17.049867593443));
#3073=CARTESIAN_POINT('Origin',(17.051351468996,0.,17.049867593443));
#3074=CARTESIAN_POINT('',(-19.951351468996,0.,17.049867593443));
#3075=CARTESIAN_POINT('Origin',(-17.051351468996,0.,17.049867593443));
#3076=CARTESIAN_POINT('',(14.151351468996,0.,-17.049867593443));
#3077=CARTESIAN_POINT('Origin',(17.051351468996,0.,-17.049867593443));
#3078=CARTESIAN_POINT('Origin',(40.,0.,-28.75));
#3079=CARTESIAN_POINT('',(30.,6.,-28.75));
#3080=CARTESIAN_POINT('',(40.,6.,-28.75));
#3081=CARTESIAN_POINT('',(30.,-17.,-28.75));
#3082=CARTESIAN_POINT('Origin',(48.,4.,-45.75));
#3083=CARTESIAN_POINT('',(48.,4.,-47.75));
#3084=CARTESIAN_POINT('',(50.,4.,-45.75));
#3085=CARTESIAN_POINT('Origin',(48.,3.99999999999999,-45.75));
#3086=CARTESIAN_POINT('',(48.,6.,-45.75));
#3087=CARTESIAN_POINT('Origin',(48.,4.,-45.75));
#3088=CARTESIAN_POINT('Origin',(48.,4.,-45.75));
#3089=CARTESIAN_POINT('Origin',(48.,-72.,-45.75));
#3090=CARTESIAN_POINT('',(48.,-74.,-45.75));
#3091=CARTESIAN_POINT('',(50.,-72.,-45.75));
#3092=CARTESIAN_POINT('Origin',(48.,-72.,-45.75));
#3093=CARTESIAN_POINT('',(48.,-72.,-47.75));
#3094=CARTESIAN_POINT('Origin',(48.,-72.,-45.75));
#3095=CARTESIAN_POINT('Origin',(48.,-72.,-45.75));
#3096=CARTESIAN_POINT('Origin',(48.,4.,45.75));
#3097=CARTESIAN_POINT('',(48.,6.,45.75));
#3098=CARTESIAN_POINT('',(50.,4.,45.75));
#3099=CARTESIAN_POINT('Origin',(48.,4.,45.75));
#3100=CARTESIAN_POINT('',(48.,4.,47.75));
#3101=CARTESIAN_POINT('Origin',(48.,4.,45.75));
#3102=CARTESIAN_POINT('Origin',(48.,4.,45.75));
#3103=CARTESIAN_POINT('Origin',(42.,-72.,-45.75));
#3104=CARTESIAN_POINT('',(42.,-74.,-45.75));
#3105=CARTESIAN_POINT('',(42.,-72.,-47.75));
#3106=CARTESIAN_POINT('Origin',(42.,-72.,-45.75));
#3107=CARTESIAN_POINT('',(40.,-72.,-45.75));
#3108=CARTESIAN_POINT('Origin',(42.,-72.,-45.75));
#3109=CARTESIAN_POINT('Origin',(42.,-72.,-45.75));
#3110=CARTESIAN_POINT('Origin',(48.,-72.,45.7500000000001));
#3111=CARTESIAN_POINT('',(48.,-72.,47.7500000000001));
#3112=CARTESIAN_POINT('',(50.,-72.,45.7500000000001));
#3113=CARTESIAN_POINT('Origin',(48.,-72.,45.7500000000001));
#3114=CARTESIAN_POINT('',(48.,-74.,45.7500000000001));
#3115=CARTESIAN_POINT('Origin',(48.,-72.,45.7500000000001));
#3116=CARTESIAN_POINT('Origin',(48.,-72.,45.7500000000001));
#3117=CARTESIAN_POINT('Origin',(42.,-72.,45.7500000000001));
#3118=CARTESIAN_POINT('',(42.,-72.,47.7500000000001));
#3119=CARTESIAN_POINT('',(42.,-74.,45.7500000000001));
#3120=CARTESIAN_POINT('Origin',(42.,-72.,45.7500000000001));
#3121=CARTESIAN_POINT('',(40.,-72.,45.7500000000001));
#3122=CARTESIAN_POINT('Origin',(42.,-72.,45.7500000000001));
#3123=CARTESIAN_POINT('Origin',(42.,-72.,45.7500000000001));
#3124=CARTESIAN_POINT('Origin',(42.,-13.9999999999999,45.75));
#3125=CARTESIAN_POINT('',(40.,6.,45.75));
#3126=CARTESIAN_POINT('',(40.,-13.9999999999999,45.75));
#3127=CARTESIAN_POINT('',(42.,4.,47.75));
#3128=CARTESIAN_POINT('',(42.,-13.9999999999999,47.75));
#3129=CARTESIAN_POINT('Origin',(42.,4.,45.75));
#3130=CARTESIAN_POINT('Origin',(42.,-72.,23.8750000000001));
#3131=CARTESIAN_POINT('',(40.,-72.,23.8750000000001));
#3132=CARTESIAN_POINT('',(42.,-74.,23.8750000000001));
#3133=CARTESIAN_POINT('Origin',(40.,-72.,45.7500000000001));
#3134=CARTESIAN_POINT('',(40.,-72.,47.7500000000001));
#3135=CARTESIAN_POINT('',(40.,-74.,45.7500000000001));
#3136=CARTESIAN_POINT('Origin',(48.,-72.,23.8750000000001));
#3137=CARTESIAN_POINT('',(50.,-72.,23.8750000000001));
#3138=CARTESIAN_POINT('',(48.,-74.,23.8750000000001));
#3139=CARTESIAN_POINT('Origin',(48.,-13.9999999999999,45.75));
#3140=CARTESIAN_POINT('',(50.,-13.9999999999999,45.75));
#3141=CARTESIAN_POINT('',(48.,-13.9999999999999,47.75));
#3142=CARTESIAN_POINT('Origin',(20.,4.,45.75));
#3143=CARTESIAN_POINT('',(20.,4.,47.75));
#3144=CARTESIAN_POINT('',(20.,6.,45.75));
#3145=CARTESIAN_POINT('Origin',(42.,-54.,-45.75));
#3146=CARTESIAN_POINT('',(42.,3.99999999999999,-47.75));
#3147=CARTESIAN_POINT('',(42.,-54.,-47.75));
#3148=CARTESIAN_POINT('',(40.,6.,-45.75));
#3149=CARTESIAN_POINT('',(40.,-54.,-45.75));
#3150=CARTESIAN_POINT('Origin',(42.,3.99999999999999,-45.75));
#3151=CARTESIAN_POINT('Origin',(40.,-72.,-45.75));
#3152=CARTESIAN_POINT('',(40.,-74.,-45.75));
#3153=CARTESIAN_POINT('',(40.,-72.,-47.75));
#3154=CARTESIAN_POINT('Origin',(48.,4.,2.88657986402541E-14));
#3155=CARTESIAN_POINT('',(50.,4.,2.88657986402541E-14));
#3156=CARTESIAN_POINT('',(48.,6.,2.88657986402541E-14));
#3157=CARTESIAN_POINT('Origin',(48.,-54.,-45.75));
#3158=CARTESIAN_POINT('',(50.,-54.,-45.75));
#3159=CARTESIAN_POINT('',(48.,-54.,-47.75));
#3160=CARTESIAN_POINT('Origin',(20.,4.,-45.75));
#3161=CARTESIAN_POINT('',(20.,6.,-45.75));
#3162=CARTESIAN_POINT('',(20.,4.,-47.75));
#3163=CARTESIAN_POINT('Origin',(40.,-34.,5.2981773557764E-14));
#3164=CARTESIAN_POINT('',(40.,6.,38.75));
#3165=CARTESIAN_POINT('',(40.,6.,-28.75));
#3166=CARTESIAN_POINT('',(40.,-8.40791079741238,38.75));
#3167=CARTESIAN_POINT('',(40.,-17.,38.75));
#3168=CARTESIAN_POINT('',(40.,-8.40791079741238,39.7282312275066));
#3169=CARTESIAN_POINT('',(40.,-8.40791079741238,2.87113328281323E-14));
#3170=CARTESIAN_POINT('',(40.,-9.02176877249334,41.75));
#3171=CARTESIAN_POINT('Ctrl Pts',(40.,-9.02176877249334,41.75));
#3172=CARTESIAN_POINT('Ctrl Pts',(40.,-9.02017795973631,41.748409187243));
#3173=CARTESIAN_POINT('Ctrl Pts',(40.,-9.01859070213411,41.7468148585312));
#3174=CARTESIAN_POINT('Ctrl Pts',(40.,-8.92192586307035,41.6492866809829));
#3175=CARTESIAN_POINT('Ctrl Pts',(40.,-8.81078940787934,41.5121268401086));
#3176=CARTESIAN_POINT('Ctrl Pts',(40.,-8.67759544090454,41.2457288164231));
#3177=CARTESIAN_POINT('Ctrl Pts',(40.,-8.64955733036775,41.1815988754003));
#3178=CARTESIAN_POINT('Ctrl Pts',(40.,-8.45875288954011,40.6874658409963));
#3179=CARTESIAN_POINT('Ctrl Pts',(40.,-8.40791079741238,40.1884849367208));
#3180=CARTESIAN_POINT('Ctrl Pts',(40.,-8.40791079741238,39.7282312275067));
#3181=CARTESIAN_POINT('',(40.,-55.9999999999999,41.75));
#3182=CARTESIAN_POINT('',(40.,-46.5,41.75));
#3183=CARTESIAN_POINT('',(40.,-62.,35.75));
#3184=CARTESIAN_POINT('Origin',(40.,-55.9999999999999,35.75));
#3185=CARTESIAN_POINT('',(40.,-62.,-41.75));
#3186=CARTESIAN_POINT('',(40.,-62.,-19.375));
#3187=CARTESIAN_POINT('',(40.,-9.02176877249334,-41.75));
#3188=CARTESIAN_POINT('',(40.,-22.,-41.75));
#3189=CARTESIAN_POINT('',(40.,-8.4079107974124,-39.7282312275065));
#3190=CARTESIAN_POINT('Ctrl Pts',(40.,-8.40791079741238,-39.7282312275066));
#3191=CARTESIAN_POINT('Ctrl Pts',(40.,-8.40791079741238,-39.8364707664551));
#3192=CARTESIAN_POINT('Ctrl Pts',(40.,-8.41072270268604,-39.9450991219467));
#3193=CARTESIAN_POINT('Ctrl Pts',(40.,-8.43852456445267,-40.431594820783));
#3194=CARTESIAN_POINT('Ctrl Pts',(40.,-8.50287274947568,-40.8289651616238));
#3195=CARTESIAN_POINT('Ctrl Pts',(40.,-8.7632278985775,-41.4501172204613));
#3196=CARTESIAN_POINT('Ctrl Pts',(40.,-8.89955101384557,-41.6267119965431));
#3197=CARTESIAN_POINT('Ctrl Pts',(40.,-9.01859070372523,-41.7468148601361));
#3198=CARTESIAN_POINT('Ctrl Pts',(40.,-9.02017795991736,-41.748409187424));
#3199=CARTESIAN_POINT('Ctrl Pts',(40.,-9.02176877249334,-41.75));
#3200=CARTESIAN_POINT('',(40.,-8.40791079741238,-38.75));
#3201=CARTESIAN_POINT('',(40.,-8.40791079741238,2.87113328281323E-14));
#3202=CARTESIAN_POINT('',(40.,6.,-38.75));
#3203=CARTESIAN_POINT('',(40.,-17.,-38.75));
#3204=CARTESIAN_POINT('',(40.,6.,-28.75));
#3205=CARTESIAN_POINT('Origin',(40.,6.00000000000003,47.75));
#3206=CARTESIAN_POINT('Origin',(40.,-74.,47.7500000000001));
#3207=CARTESIAN_POINT('Origin',(50.,-34.,5.32907051820075E-14));
#3208=CARTESIAN_POINT('',(50.,-56.,41.75));
#3209=CARTESIAN_POINT('',(50.,-62.,35.75));
#3210=CARTESIAN_POINT('Origin',(50.,-56.,35.75));
#3211=CARTESIAN_POINT('',(50.,-13.,41.75));
#3212=CARTESIAN_POINT('',(50.,-46.5,41.75));
#3213=CARTESIAN_POINT('',(50.,-6.99999999999999,35.75));
#3214=CARTESIAN_POINT('Origin',(50.,-13.,35.75));
#3215=CARTESIAN_POINT('',(50.,-7.00000000000002,-35.75));
#3216=CARTESIAN_POINT('',(50.,-7.,19.375));
#3217=CARTESIAN_POINT('',(50.,-13.,-41.75));
#3218=CARTESIAN_POINT('Origin',(50.,-13.,-35.75));
#3219=CARTESIAN_POINT('',(50.,-56.,-41.75));
#3220=CARTESIAN_POINT('',(50.,-22.,-41.75));
#3221=CARTESIAN_POINT('',(50.,-62.,-35.75));
#3222=CARTESIAN_POINT('Origin',(50.,-56.,-35.75));
#3223=CARTESIAN_POINT('',(50.,-62.,-19.375));
#3224=CARTESIAN_POINT('Origin',(40.,-74.,-47.75));
#3225=CARTESIAN_POINT('Ctrl Pts',(40.,-62.,-41.75));
#3226=CARTESIAN_POINT('Ctrl Pts',(40.,-61.1024020989743,-41.3012010494871));
#3227=CARTESIAN_POINT('Ctrl Pts',(40.2049581786736,-59.307890971364,-40.403945485682));
#3228=CARTESIAN_POINT('Ctrl Pts',(41.065637928017,-57.1482978191977,-39.3241489095988));
#3229=CARTESIAN_POINT('Ctrl Pts',(42.1022720588646,-56.1503520977965,-38.8251760488982));
#3230=CARTESIAN_POINT('Ctrl Pts',(42.7756005247436,-56.,-38.75));
#3231=CARTESIAN_POINT('Ctrl Pts',(43.,-56.,-38.75));
#3232=CARTESIAN_POINT('Ctrl Pts',(40.,-62.,-41.75));
#3233=CARTESIAN_POINT('Ctrl Pts',(40.,-61.1878876133577,-41.2157155351037));
#3234=CARTESIAN_POINT('Ctrl Pts',(40.2863708972703,-59.5630267285395,-40.1449570555398));
#3235=CARTESIAN_POINT('Ctrl Pts',(41.3975010952037,-57.7095452019237,-39.0539258917454));
#3236=CARTESIAN_POINT('Ctrl Pts',(42.3817041386285,-56.991861284843,-38.7742125714862));
#3237=CARTESIAN_POINT('Ctrl Pts',(42.8436678204859,-56.8975979010256,-38.75));
#3238=CARTESIAN_POINT('Ctrl Pts',(43.,-56.8975979010256,-38.75));
#3239=CARTESIAN_POINT('Ctrl Pts',(40.,-62.,-41.75));
#3240=CARTESIAN_POINT('Ctrl Pts',(40.,-61.3374872635286,-41.0661158849328));
#3241=CARTESIAN_POINT('Ctrl Pts',(40.3450336476989,-60.0124783490572,-39.6984320315741));
#3242=CARTESIAN_POINT('Ctrl Pts',(41.6646459520288,-58.6953656520206,-38.3062007722658));
#3243=CARTESIAN_POINT('Ctrl Pts',(42.6240795530083,-58.4518020829176,-38.0065149391753));
#3244=CARTESIAN_POINT('Ctrl Pts',(42.902462184386,-58.451573334554,-37.9966620900437));
#3245=CARTESIAN_POINT('Ctrl Pts',(43.,-58.451573334554,-37.9966620900437));
#3246=CARTESIAN_POINT('Ctrl Pts',(40.,-62.,-41.75));
#3247=CARTESIAN_POINT('Ctrl Pts',(40.,-61.4870869136996,-40.9165162347619));
#3248=CARTESIAN_POINT('Ctrl Pts',(40.2664582275818,-60.4609365404887,-39.2506038660627));
#3249=CARTESIAN_POINT('Ctrl Pts',(41.313224699547,-59.3733687809153,-37.3212951952473));
#3250=CARTESIAN_POINT('Ctrl Pts',(42.3091905252753,-59.0369739173226,-36.5314933625045));
#3251=CARTESIAN_POINT('Ctrl Pts',(42.8259440752567,-59.,-36.4231984257692));
#3252=CARTESIAN_POINT('Ctrl Pts',(43.,-59.,-36.4231984257692));
#3253=CARTESIAN_POINT('Ctrl Pts',(40.,-62.,-41.75));
#3254=CARTESIAN_POINT('Ctrl Pts',(40.,-61.5512010494871,-40.8524020989743));
#3255=CARTESIAN_POINT('Ctrl Pts',(40.2049581786736,-60.653945485682,-39.057890971364));
#3256=CARTESIAN_POINT('Ctrl Pts',(41.065637928017,-59.5741489095988,-36.8982978191977));
#3257=CARTESIAN_POINT('Ctrl Pts',(42.1022720588647,-59.0751760488982,-35.9003520977965));
#3258=CARTESIAN_POINT('Ctrl Pts',(42.7756005247436,-59.,-35.75));
#3259=CARTESIAN_POINT('Ctrl Pts',(43.,-59.,-35.75));
#3260=CARTESIAN_POINT('',(43.,-59.,-35.75));
#3261=CARTESIAN_POINT('',(43.,-56.,-38.75));
#3262=CARTESIAN_POINT('Origin',(43.,-56.,-35.75));
#3263=CARTESIAN_POINT('Origin',(43.,-62.,-41.75));
#3264=CARTESIAN_POINT('Origin',(43.,-62.,-41.75));
#3265=CARTESIAN_POINT('Origin',(43.,-22.,-41.75));
#3266=CARTESIAN_POINT('',(43.,-13.,-38.75));
#3267=CARTESIAN_POINT('',(43.,-22.,-38.75));
#3268=CARTESIAN_POINT('',(42.8245553203368,-13.,-38.7551345331755));
#3269=CARTESIAN_POINT('Origin',(43.,-13.,-41.75));
#3270=CARTESIAN_POINT('Ctrl Pts',(40.,-9.02176877249334,-41.75));
#3271=CARTESIAN_POINT('Ctrl Pts',(40.,-9.02176877249333,-41.630141376464));
#3272=CARTESIAN_POINT('Ctrl Pts',(40.0148670654445,-9.1068862635665,-41.391941695499));
#3273=CARTESIAN_POINT('Ctrl Pts',(40.0927227025476,-9.50143127271405,-40.9580489214232));
#3274=CARTESIAN_POINT('Ctrl Pts',(40.3268032612772,-10.4253362283588,-40.2956045782589));
#3275=CARTESIAN_POINT('Ctrl Pts',(40.9061940744135,-11.8124233300516,-39.4843651259182));
#3276=CARTESIAN_POINT('Ctrl Pts',(41.7246687079835,-12.6696007079854,-38.9877536988686));
#3277=CARTESIAN_POINT('Ctrl Pts',(42.2939628813215,-12.9089004419904,-38.8325131520445));
#3278=CARTESIAN_POINT('Ctrl Pts',(42.4388064767899,-12.9522295691522,-38.8018922588215));
#3279=CARTESIAN_POINT('Ctrl Pts',(42.5565795691144,-12.9769023086765,-38.7825011589516));
#3280=CARTESIAN_POINT('Ctrl Pts',(42.6454570041784,-12.9901822919791,-38.7705711134985));
#3281=CARTESIAN_POINT('Ctrl Pts',(42.719957228674,-12.9968735273196,-38.7628361244982));
#3282=CARTESIAN_POINT('Ctrl Pts',(42.7722264122019,-12.9992172050566,-38.7585935521982));
#3283=CARTESIAN_POINT('Ctrl Pts',(42.8021226755939,-12.9998881936208,-38.7565048706929));
#3284=CARTESIAN_POINT('Ctrl Pts',(42.8170769876349,-13.,-38.7555726275406));
#3285=CARTESIAN_POINT('Ctrl Pts',(42.8245553203368,-13.,-38.7551345331755));
#3286=CARTESIAN_POINT('Origin',(40.,-10.,-38.75));
#3287=CARTESIAN_POINT('',(47.,-56.,-38.75));
#3288=CARTESIAN_POINT('',(40.,-56.,-38.75));
#3289=CARTESIAN_POINT('',(47.,-13.,-38.75));
#3290=CARTESIAN_POINT('',(47.,-22.,-38.75));
#3291=CARTESIAN_POINT('',(40.,-13.,-38.75));
#3292=CARTESIAN_POINT('Origin',(43.,-55.9999999999999,35.75));
#3293=CARTESIAN_POINT('',(43.,-59.,35.75));
#3294=CARTESIAN_POINT('Origin',(43.,-62.,35.75));
#3295=CARTESIAN_POINT('',(43.,-56.,38.75));
#3296=CARTESIAN_POINT('Origin',(43.,-55.9999999999999,41.75));
#3297=CARTESIAN_POINT('Origin',(43.,-56.,35.75));
#3298=CARTESIAN_POINT('Origin',(47.,-13.,-35.75));
#3299=CARTESIAN_POINT('',(47.,-10.,-35.75));
#3300=CARTESIAN_POINT('Origin',(47.,-7.00000000000002,-35.75));
#3301=CARTESIAN_POINT('Origin',(47.,-13.,-35.75));
#3302=CARTESIAN_POINT('Origin',(47.,-13.,-41.75));
#3303=CARTESIAN_POINT('Origin',(40.,-13.,-35.75));
#3304=CARTESIAN_POINT('',(43.,-10.,-35.75));
#3305=CARTESIAN_POINT('Origin',(43.,-13.,-35.75));
#3306=CARTESIAN_POINT('',(40.,-10.,-35.75));
#3307=CARTESIAN_POINT('Origin',(43.,-13.,-41.75));
#3308=CARTESIAN_POINT('',(42.6491106406735,-10.,-35.760269066351));
#3309=CARTESIAN_POINT('Origin',(42.6491106406735,-13.,-35.760269066351));
#3310=CARTESIAN_POINT('Origin',(43.,-10.,-41.75));
#3311=CARTESIAN_POINT('Ctrl Pts',(42.8245553203368,-13.,-38.7551345331755));
#3312=CARTESIAN_POINT('Ctrl Pts',(42.8170769876349,-13.,-38.7555726275406));
#3313=CARTESIAN_POINT('Ctrl Pts',(42.8021226755939,-12.9998881936208,-38.7565048706929));
#3314=CARTESIAN_POINT('Ctrl Pts',(42.7722264122019,-12.9992172050566,-38.7585935521982));
#3315=CARTESIAN_POINT('Ctrl Pts',(42.719957228674,-12.9968735273196,-38.7628361244982));
#3316=CARTESIAN_POINT('Ctrl Pts',(42.6454570041784,-12.9901822919791,-38.7705711134985));
#3317=CARTESIAN_POINT('Ctrl Pts',(42.5565795691144,-12.9769023086765,-38.7825011589516));
#3318=CARTESIAN_POINT('Ctrl Pts',(42.4388064767899,-12.9522295691522,-38.8018922588215));
#3319=CARTESIAN_POINT('Ctrl Pts',(42.2939628813215,-12.9089004419904,-38.8325131520445));
#3320=CARTESIAN_POINT('Ctrl Pts',(41.7246687079835,-12.6696007079854,-38.9877536988686));
#3321=CARTESIAN_POINT('Ctrl Pts',(40.9061940744135,-11.8124233300516,-39.4843651259182));
#3322=CARTESIAN_POINT('Ctrl Pts',(40.3268032612772,-10.4253362283588,-40.2956045782589));
#3323=CARTESIAN_POINT('Ctrl Pts',(40.0927227025476,-9.50143127271405,-40.9580489214232));
#3324=CARTESIAN_POINT('Ctrl Pts',(40.0148670654445,-9.1068862635665,-41.391941695499));
#3325=CARTESIAN_POINT('Ctrl Pts',(40.,-9.02176877249333,-41.630141376464));
#3326=CARTESIAN_POINT('Ctrl Pts',(40.,-9.02176877249334,-41.75));
#3327=CARTESIAN_POINT('Ctrl Pts',(42.8245553203368,-12.1024020989744,-38.7551345331755));
#3328=CARTESIAN_POINT('Ctrl Pts',(42.8193375303008,-12.1024870718874,-38.7554370575845));
#3329=CARTESIAN_POINT('Ctrl Pts',(42.8088969251389,-12.1025820215849,-38.7560677586494));
#3330=CARTESIAN_POINT('Ctrl Pts',(42.7880001108626,-12.1024796424345,-38.757413753566));
#3331=CARTESIAN_POINT('Ctrl Pts',(42.7513764341735,-12.1015252394699,-38.7600124311675));
#3332=CARTESIAN_POINT('Ctrl Pts',(42.6988745036708,-12.0979456806231,-38.7644369257474));
#3333=CARTESIAN_POINT('Ctrl Pts',(42.6354934275659,-12.0901389825883,-38.7708623188553));
#3334=CARTESIAN_POINT('Ctrl Pts',(42.550414169076,-12.0750829636025,-38.7809558280822));
#3335=CARTESIAN_POINT('Ctrl Pts',(42.4424797104348,-12.0472664598552,-38.7973432637379));
#3336=CARTESIAN_POINT('Ctrl Pts',(42.0043772813597,-11.8916780604305,-38.8776783690223));
#3337=CARTESIAN_POINT('Ctrl Pts',(41.1808103609325,-11.2596413608219,-39.2198467859554));
#3338=CARTESIAN_POINT('Ctrl Pts',(40.4358300563919,-10.0715684714252,-40.0603287164202));
#3339=CARTESIAN_POINT('Ctrl Pts',(40.1266007262602,-9.25415871485178,-40.8173150030869));
#3340=CARTESIAN_POINT('Ctrl Pts',(40.0200151333039,-8.90164666517902,-41.3263385107435));
#3341=CARTESIAN_POINT('Ctrl Pts',(40.,-8.82537577132197,-41.6082178914225));
#3342=CARTESIAN_POINT('Ctrl Pts',(40.,-8.82537577132198,-41.75));
#3343=CARTESIAN_POINT('Ctrl Pts',(42.7805100164866,-10.5482840984714,-38.003274974198));
#3344=CARTESIAN_POINT('Ctrl Pts',(42.7772472731847,-10.548504982775,-38.0036150071746));
#3345=CARTESIAN_POINT('Ctrl Pts',(42.7707134533485,-10.5489371559479,-38.0043119415825));
#3346=CARTESIAN_POINT('Ctrl Pts',(42.757605256118,-10.5497630433191,-38.005774116092));
#3347=CARTESIAN_POINT('Ctrl Pts',(42.7345275281814,-10.5510911403971,-38.0085302251831));
#3348=CARTESIAN_POINT('Ctrl Pts',(42.7011085597317,-10.5527109737494,-38.0129682965786));
#3349=CARTESIAN_POINT('Ctrl Pts',(42.6597692277995,-10.5539270207358,-38.0194142218133));
#3350=CARTESIAN_POINT('Ctrl Pts',(42.6029399297987,-10.5548518223375,-38.0291852048833));
#3351=CARTESIAN_POINT('Ctrl Pts',(42.5267403428663,-10.5528196301458,-38.0456577761797));
#3352=CARTESIAN_POINT('Ctrl Pts',(42.200436643027,-10.5368675773992,-38.1236533076658));
#3353=CARTESIAN_POINT('Ctrl Pts',(41.3626783766566,-10.2899483229998,-38.5174377574839));
#3354=CARTESIAN_POINT('Ctrl Pts',(40.4842047457433,-9.45052148570491,-39.5905955285457));
#3355=CARTESIAN_POINT('Ctrl Pts',(40.1182647097353,-8.82071681915511,-40.5566381822849));
#3356=CARTESIAN_POINT('Ctrl Pts',(39.9900037412895,-8.54223674700951,-41.2080444496515));
#3357=CARTESIAN_POINT('Ctrl Pts',(39.9661346845916,-8.48169639779932,-41.5684977923486));
#3358=CARTESIAN_POINT('Ctrl Pts',(39.9661346845916,-8.48169639779933,-41.7500000000001));
#3359=CARTESIAN_POINT('Ctrl Pts',(42.6884803347265,-10.,-36.43231530557));
#3360=CARTESIAN_POINT('Ctrl Pts',(42.6826761495191,-10.0000989016598,-36.433032049108));
#3361=CARTESIAN_POINT('Ctrl Pts',(42.6710662001706,-10.0002651124928,-36.4345486098172));
#3362=CARTESIAN_POINT('Ctrl Pts',(42.6478398577209,-10.0004757858011,-36.4379177208412));
#3363=CARTESIAN_POINT('Ctrl Pts',(42.6071742419814,-10.0005168484731,-36.4446972800654));
#3364=CARTESIAN_POINT('Ctrl Pts',(42.5490227206049,-9.99964769401727,-36.4568726591387));
#3365=CARTESIAN_POINT('Ctrl Pts',(42.4791089598577,-9.99708206442866,-36.4755564043625));
#3366=CARTESIAN_POINT('Ctrl Pts',(42.385718001257,-9.99168644443686,-36.5056981509606));
#3367=CARTESIAN_POINT('Ctrl Pts',(42.2684856248082,-9.98069124502211,-36.5536195054365));
#3368=CARTESIAN_POINT('Ctrl Pts',(41.7979872903576,-9.91746507334522,-36.7948530205899));
#3369=CARTESIAN_POINT('Ctrl Pts',(40.9807519638815,-9.6120102408494,-37.6087864275109));
#3370=CARTESIAN_POINT('Ctrl Pts',(40.2811185434499,-8.91667979884513,-39.0663981158935));
#3371=CARTESIAN_POINT('Ctrl Pts',(39.9918715805778,-8.4156599457669,-40.2833778481078));
#3372=CARTESIAN_POINT('Ctrl Pts',(39.8928716056044,-8.19707621305446,-41.0861756038044));
#3373=CARTESIAN_POINT('Ctrl Pts',(39.8741879749498,-8.14956511033053,-41.5277470321039));
#3374=CARTESIAN_POINT('Ctrl Pts',(39.8741879749498,-8.14956511033054,-41.7500000000001));
#3375=CARTESIAN_POINT('Ctrl Pts',(42.6491106406735,-10.,-35.760269066351));
#3376=CARTESIAN_POINT('Ctrl Pts',(42.6416323079717,-10.,-35.7611452550812));
#3377=CARTESIAN_POINT('Ctrl Pts',(42.6266779959307,-9.99994409681039,-35.7630097413857));
#3378=CARTESIAN_POINT('Ctrl Pts',(42.5967817325386,-9.99960860252829,-35.7671871043965));
#3379=CARTESIAN_POINT('Ctrl Pts',(42.5445125490108,-9.99843676365978,-35.7756722489965));
#3380=CARTESIAN_POINT('Ctrl Pts',(42.4700123245152,-9.99509114598957,-35.7911422269971));
#3381=CARTESIAN_POINT('Ctrl Pts',(42.3811348894511,-9.98845115433824,-35.8150023179032));
#3382=CARTESIAN_POINT('Ctrl Pts',(42.2633617971267,-9.9761147845761,-35.853784517643));
#3383=CARTESIAN_POINT('Ctrl Pts',(42.1185182016583,-9.95445022099521,-35.915026304089));
#3384=CARTESIAN_POINT('Ctrl Pts',(41.5492240283203,-9.83480035399269,-36.2255073977372));
#3385=CARTESIAN_POINT('Ctrl Pts',(40.7307493947503,-9.40621166502579,-37.2187302518365));
#3386=CARTESIAN_POINT('Ctrl Pts',(40.151358581614,-8.71266811417937,-38.8412091565178));
#3387=CARTESIAN_POINT('Ctrl Pts',(39.9172780228843,-8.25071563635693,-40.1660978428466));
#3388=CARTESIAN_POINT('Ctrl Pts',(39.8394223857813,-8.05344313178326,-41.033883390998));
#3389=CARTESIAN_POINT('Ctrl Pts',(39.8245553203368,-8.01088438624667,-41.5102827529279));
#3390=CARTESIAN_POINT('Ctrl Pts',(39.8245553203368,-8.01088438624667,-41.7500000000001));
#3391=CARTESIAN_POINT('Ctrl Pts',(42.6491106406735,-10.,-35.760269066351));
#3392=CARTESIAN_POINT('Ctrl Pts',(42.6416323079717,-10.,-35.7611452550812));
#3393=CARTESIAN_POINT('Ctrl Pts',(42.6266779959307,-9.99994409681039,-35.7630097413857));
#3394=CARTESIAN_POINT('Ctrl Pts',(42.5967817325386,-9.99960860252829,-35.7671871043965));
#3395=CARTESIAN_POINT('Ctrl Pts',(42.5445125490108,-9.99843676365978,-35.7756722489965));
#3396=CARTESIAN_POINT('Ctrl Pts',(42.4700123245152,-9.99509114598957,-35.7911422269971));
#3397=CARTESIAN_POINT('Ctrl Pts',(42.3811348894511,-9.98845115433824,-35.8150023179032));
#3398=CARTESIAN_POINT('Ctrl Pts',(42.2633617971267,-9.9761147845761,-35.853784517643));
#3399=CARTESIAN_POINT('Ctrl Pts',(42.1185182016583,-9.95445022099521,-35.915026304089));
#3400=CARTESIAN_POINT('Ctrl Pts',(41.5492240283203,-9.83480035399269,-36.2255073977372));
#3401=CARTESIAN_POINT('Ctrl Pts',(40.7307493947503,-9.40621166502579,-37.2187302518365));
#3402=CARTESIAN_POINT('Ctrl Pts',(40.2159930389145,-8.79003698162926,-38.6602120797469));
#3403=CARTESIAN_POINT('Ctrl Pts',(40.0304082448489,-8.46464461569124,-39.5601494558259));
#3404=CARTESIAN_POINT('Ctrl Pts',(40.0001969201866,-8.40789196992248,-39.7282602602022));
#3405=CARTESIAN_POINT('Origin',(47.,-56.,-35.75));
#3406=CARTESIAN_POINT('Origin',(47.,-56.,-41.75));
#3407=CARTESIAN_POINT('',(47.,-59.,-35.75));
#3408=CARTESIAN_POINT('Origin',(47.,-56.,-35.75));
#3409=CARTESIAN_POINT('Origin',(47.,-62.,-35.75));
#3410=CARTESIAN_POINT('Origin',(40.,-56.,-35.75));
#3411=CARTESIAN_POINT('',(40.,-59.,-35.75));
#3412=CARTESIAN_POINT('Origin',(47.,-13.,35.75));
#3413=CARTESIAN_POINT('',(47.,-13.,38.75));
#3414=CARTESIAN_POINT('Origin',(47.,-13.,41.75));
#3415=CARTESIAN_POINT('',(47.,-9.99999999999999,35.75));
#3416=CARTESIAN_POINT('Origin',(47.,-13.,35.75));
#3417=CARTESIAN_POINT('Origin',(47.,-6.99999999999999,35.75));
#3418=CARTESIAN_POINT('Origin',(40.,-13.,35.75));
#3419=CARTESIAN_POINT('',(43.,-13.,38.75));
#3420=CARTESIAN_POINT('',(43.,-9.99999999999999,35.75));
#3421=CARTESIAN_POINT('Origin',(43.,-13.,35.75));
#3422=CARTESIAN_POINT('',(40.,-9.99999999999999,35.75));
#3423=CARTESIAN_POINT('',(40.,-13.,38.75));
#3424=CARTESIAN_POINT('Origin',(43.,-13.,41.75));
#3425=CARTESIAN_POINT('',(42.8245553203368,-13.,38.7551345331755));
#3426=CARTESIAN_POINT('',(42.6491106406735,-9.99999999999999,35.760269066351));
#3427=CARTESIAN_POINT('Origin',(42.6491106406735,-13.,35.760269066351));
#3428=CARTESIAN_POINT('Origin',(43.,-9.99999999999999,41.75));
#3429=CARTESIAN_POINT('Origin',(43.,-13.,41.75));
#3430=CARTESIAN_POINT('Ctrl Pts',(42.6491106406735,-10.,35.760269066351));
#3431=CARTESIAN_POINT('Ctrl Pts',(42.6416331663523,-10.,35.7611451545102));
#3432=CARTESIAN_POINT('Ctrl Pts',(42.6266805719459,-9.99994411326528,35.7630095145244));
#3433=CARTESIAN_POINT('Ctrl Pts',(42.5967880462293,-9.99960871865587,35.7671864319177));
#3434=CARTESIAN_POINT('Ctrl Pts',(42.5445259414204,-9.99843717587559,35.775670489366));
#3435=CARTESIAN_POINT('Ctrl Pts',(42.4700354375256,-9.99509281492584,35.7911398324291));
#3436=CARTESIAN_POINT('Ctrl Pts',(42.3811715660084,-9.9884545171893,35.8149944513899));
#3437=CARTESIAN_POINT('Ctrl Pts',(42.2634113588064,-9.97612283393699,35.8537722443776));
#3438=CARTESIAN_POINT('Ctrl Pts',(42.1185825211745,-9.9544599541258,35.9150006884385));
#3439=CARTESIAN_POINT('Ctrl Pts',(41.5492809898744,-9.83486381176059,36.2254923535405));
#3440=CARTESIAN_POINT('Ctrl Pts',(40.7309842005502,-9.40622495123116,37.2183202596352));
#3441=CARTESIAN_POINT('Ctrl Pts',(40.1515292909568,-8.71296454475447,38.8403656438495));
#3442=CARTESIAN_POINT('Ctrl Pts',(39.9171843089257,-8.25050587869022,40.1666783059671));
#3443=CARTESIAN_POINT('Ctrl Pts',(39.8394515315026,-8.05348825200648,41.0338409103375));
#3444=CARTESIAN_POINT('Ctrl Pts',(39.8245553203368,-8.01088438624667,41.5102259310391));
#3445=CARTESIAN_POINT('Ctrl Pts',(39.8245553203368,-8.01088438624667,41.75));
#3446=CARTESIAN_POINT('Ctrl Pts',(42.7016035660775,-10.,36.656330718643));
#3447=CARTESIAN_POINT('Ctrl Pts',(42.6963892720255,-10.0001345014031,36.6569903999437));
#3448=CARTESIAN_POINT('Ctrl Pts',(42.6859562542227,-10.0003781142707,36.6583852509836));
#3449=CARTESIAN_POINT('Ctrl Pts',(42.6650778774581,-10.0007820980944,36.6614684512355));
#3450=CARTESIAN_POINT('Ctrl Pts',(42.6284942805789,-10.0012516954863,36.6676456039019));
#3451=CARTESIAN_POINT('Ctrl Pts',(42.5760693481751,-10.0012205697541,36.6786984657165));
#3452=CARTESIAN_POINT('Ctrl Pts',(42.5128182491673,-10.0001219345315,36.6955246955087));
#3453=CARTESIAN_POINT('Ctrl Pts',(42.4279519882564,-9.99716168368892,36.722635634138));
#3454=CARTESIAN_POINT('Ctrl Pts',(42.3203525857546,-9.98997250051699,36.7658267353685));
#3455=CARTESIAN_POINT('Ctrl Pts',(41.88397737367,-9.9465001507252,36.9828606183423));
#3456=CARTESIAN_POINT('Ctrl Pts',(41.0652062109882,-9.68265732187126,37.7363540527867));
#3457=CARTESIAN_POINT('Ctrl Pts',(40.3244584094449,-8.9862663082912,39.1393163433199));
#3458=CARTESIAN_POINT('Ctrl Pts',(40.0165251014829,-8.47082235755339,40.3225552773265));
#3459=CARTESIAN_POINT('Ctrl Pts',(39.9106827203595,-8.24514847892872,41.1034113939294));
#3460=CARTESIAN_POINT('Ctrl Pts',(39.8907321931542,-8.19579201835849,41.5335176075947));
#3461=CARTESIAN_POINT('Ctrl Pts',(39.8907321931542,-8.19579201835849,41.75));
#3462=CARTESIAN_POINT('Ctrl Pts',(42.7924908109965,-10.7531485811028,38.2077888290018));
#3463=CARTESIAN_POINT('Ctrl Pts',(42.7892277245127,-10.753357168026,38.2080866132452));
#3464=CARTESIAN_POINT('Ctrl Pts',(42.7826931900225,-10.7537582434233,38.2086920034586));
#3465=CARTESIAN_POINT('Ctrl Pts',(42.7695829275911,-10.7544939363933,38.2099432305651));
#3466=CARTESIAN_POINT('Ctrl Pts',(42.7465000436669,-10.7555922561528,38.2122581749902));
#3467=CARTESIAN_POINT('Ctrl Pts',(42.7130715237945,-10.756685222519,38.2158552708083));
#3468=CARTESIAN_POINT('Ctrl Pts',(42.6717089235392,-10.7569384337526,38.2209816146765));
#3469=CARTESIAN_POINT('Ctrl Pts',(42.6148439905659,-10.7561749753712,38.2285569912059));
#3470=CARTESIAN_POINT('Ctrl Pts',(42.5385673906375,-10.7512935911453,38.2416216158066));
#3471=CARTESIAN_POINT('Ctrl Pts',(42.2119775054266,-10.720409673994,38.3018091569138));
#3472=CARTESIAN_POINT('Ctrl Pts',(41.3729571096741,-10.4262832778466,38.6460714145245));
#3473=CARTESIAN_POINT('Ctrl Pts',(40.4935989581632,-9.53906782928094,39.6644735064096));
#3474=CARTESIAN_POINT('Ctrl Pts',(40.1267869497949,-8.88221090420219,40.596128101698));
#3475=CARTESIAN_POINT('Ctrl Pts',(39.9985959084953,-8.59359022764726,41.2254061284747));
#3476=CARTESIAN_POINT('Ctrl Pts',(39.9746540784066,-8.53078379221019,41.574276374438));
#3477=CARTESIAN_POINT('Ctrl Pts',(39.9746540784066,-8.53078379221019,41.75));
#3478=CARTESIAN_POINT('Ctrl Pts',(42.8245553203368,-12.3268015742308,38.7551345331755));
#3479=CARTESIAN_POINT('Ctrl Pts',(42.8187496184,-12.3268631374311,38.7554735509875));
#3480=CARTESIAN_POINT('Ctrl Pts',(42.8071362384863,-12.3269037009917,38.7561834824876));
#3481=CARTESIAN_POINT('Ctrl Pts',(42.7839009770426,-12.3266501820786,38.7577261350031));
#3482=CARTESIAN_POINT('Ctrl Pts',(42.7432145742554,-12.3253292244171,38.7607582699759));
#3483=CARTESIAN_POINT('Ctrl Pts',(42.6850194591467,-12.3209651317585,38.7660270666529));
#3484=CARTESIAN_POINT('Ctrl Pts',(42.6150257788994,-12.3117037266862,38.7739152972117));
#3485=CARTESIAN_POINT('Ctrl Pts',(42.521496423822,-12.2941558712163,38.7864338833999));
#3486=CARTESIAN_POINT('Ctrl Pts',(42.4040287214022,-12.2622558646853,38.8065693973833));
#3487=CARTESIAN_POINT('Ctrl Pts',(41.9323084625116,-12.0851311597088,38.9064045192701));
#3488=CARTESIAN_POINT('Ctrl Pts',(41.1115661128595,-11.3960884856108,39.2872700042532));
#3489=CARTESIAN_POINT('Ctrl Pts',(40.4088817299287,-10.1595044551818,40.1196411322716));
#3490=CARTESIAN_POINT('Ctrl Pts',(40.1180539595575,-9.3152449468395,40.8531211410174));
#3491=CARTESIAN_POINT('Ctrl Pts',(40.0187949265995,-8.95291663237323,41.3428276684873));
#3492=CARTESIAN_POINT('Ctrl Pts',(40.,-8.87447402161482,41.6136661538752));
#3493=CARTESIAN_POINT('Ctrl Pts',(40.,-8.87447402161482,41.75));
#3494=CARTESIAN_POINT('Ctrl Pts',(42.8245553203368,-13.,38.7551345331755));
#3495=CARTESIAN_POINT('Ctrl Pts',(42.8170778460156,-13.,38.7555725772551));
#3496=CARTESIAN_POINT('Ctrl Pts',(42.8021252516092,-12.9998882265306,38.7565047572622));
#3497=CARTESIAN_POINT('Ctrl Pts',(42.7722327258926,-12.9992174373117,38.7585932159589));
#3498=CARTESIAN_POINT('Ctrl Pts',(42.7199706210836,-12.9968743517512,38.762835244683));
#3499=CARTESIAN_POINT('Ctrl Pts',(42.6454801171889,-12.9901856298517,38.7705699162146));
#3500=CARTESIAN_POINT('Ctrl Pts',(42.5566162456716,-12.9769090343786,38.782497225695));
#3501=CARTESIAN_POINT('Ctrl Pts',(42.4388560384696,-12.952245667874,38.8018861221888));
#3502=CARTESIAN_POINT('Ctrl Pts',(42.2940272008377,-12.9089199082516,38.8325003442193));
#3503=CARTESIAN_POINT('Ctrl Pts',(41.7247256695377,-12.6697276235212,38.9877461767703));
#3504=CARTESIAN_POINT('Ctrl Pts',(40.9064288802135,-11.8124499024624,39.4841601298175));
#3505=CARTESIAN_POINT('Ctrl Pts',(40.3269739706201,-10.4259290895089,40.2951828219248));
#3506=CARTESIAN_POINT('Ctrl Pts',(40.0926289885889,-9.50101175738049,40.9583391529834));
#3507=CARTESIAN_POINT('Ctrl Pts',(40.0148962111658,-9.10697650401295,41.3919204551688));
#3508=CARTESIAN_POINT('Ctrl Pts',(40.,-9.02176877249333,41.6301129655196));
#3509=CARTESIAN_POINT('Ctrl Pts',(40.,-9.02176877249334,41.75));
#3510=CARTESIAN_POINT('Ctrl Pts',(40.0002121953256,-8.40788614592553,39.7282610432085));
#3511=CARTESIAN_POINT('Ctrl Pts',(40.0304420014998,-8.46466853864822,39.5600660034314));
#3512=CARTESIAN_POINT('Ctrl Pts',(40.2161799814299,-8.79031269249529,38.6593915036154));
#3513=CARTESIAN_POINT('Ctrl Pts',(40.7309842005502,-9.40622495123116,37.2183202596352));
#3514=CARTESIAN_POINT('Ctrl Pts',(41.5492809898744,-9.83486381176059,36.2254923535405));
#3515=CARTESIAN_POINT('Ctrl Pts',(42.1185825211745,-9.9544599541258,35.9150006884385));
#3516=CARTESIAN_POINT('Ctrl Pts',(42.2634113588064,-9.97612283393699,35.8537722443776));
#3517=CARTESIAN_POINT('Ctrl Pts',(42.3811715660084,-9.9884545171893,35.8149944513899));
#3518=CARTESIAN_POINT('Ctrl Pts',(42.4700354375256,-9.99509281492584,35.7911398324291));
#3519=CARTESIAN_POINT('Ctrl Pts',(42.5445259414204,-9.99843717587559,35.775670489366));
#3520=CARTESIAN_POINT('Ctrl Pts',(42.5967880462293,-9.99960871865587,35.7671864319177));
#3521=CARTESIAN_POINT('Ctrl Pts',(42.6266805719459,-9.99994411326528,35.7630095145244));
#3522=CARTESIAN_POINT('Ctrl Pts',(42.6416331663523,-10.,35.7611451545102));
#3523=CARTESIAN_POINT('Ctrl Pts',(42.6491106406735,-10.,35.760269066351));
#3524=CARTESIAN_POINT('Ctrl Pts',(42.8245553203368,-13.,38.7551345331755));
#3525=CARTESIAN_POINT('Ctrl Pts',(42.8170778460156,-13.,38.7555725772551));
#3526=CARTESIAN_POINT('Ctrl Pts',(42.8021252516092,-12.9998882265306,38.7565047572622));
#3527=CARTESIAN_POINT('Ctrl Pts',(42.7722327258926,-12.9992174373117,38.7585932159589));
#3528=CARTESIAN_POINT('Ctrl Pts',(42.7199706210836,-12.9968743517512,38.762835244683));
#3529=CARTESIAN_POINT('Ctrl Pts',(42.6454801171889,-12.9901856298517,38.7705699162146));
#3530=CARTESIAN_POINT('Ctrl Pts',(42.5566162456716,-12.9769090343786,38.782497225695));
#3531=CARTESIAN_POINT('Ctrl Pts',(42.4388560384696,-12.952245667874,38.8018861221888));
#3532=CARTESIAN_POINT('Ctrl Pts',(42.2940272008377,-12.9089199082516,38.8325003442193));
#3533=CARTESIAN_POINT('Ctrl Pts',(41.7247256695377,-12.6697276235212,38.9877461767703));
#3534=CARTESIAN_POINT('Ctrl Pts',(40.9064288802135,-11.8124499024624,39.4841601298175));
#3535=CARTESIAN_POINT('Ctrl Pts',(40.3269739706201,-10.4259290895089,40.2951828219248));
#3536=CARTESIAN_POINT('Ctrl Pts',(40.0926289885889,-9.50101175738049,40.9583391529834));
#3537=CARTESIAN_POINT('Ctrl Pts',(40.0148962111658,-9.10697650401295,41.3919204551688));
#3538=CARTESIAN_POINT('Ctrl Pts',(40.,-9.02176877249333,41.6301129655196));
#3539=CARTESIAN_POINT('Ctrl Pts',(40.,-9.02176877249334,41.75));
#3540=CARTESIAN_POINT('Origin',(47.,-7.,19.375));
#3541=CARTESIAN_POINT('',(47.,-10.,19.375));
#3542=CARTESIAN_POINT('Origin',(47.,-56.,35.75));
#3543=CARTESIAN_POINT('',(47.,-59.,35.75));
#3544=CARTESIAN_POINT('Origin',(47.,-62.,35.75));
#3545=CARTESIAN_POINT('',(47.,-56.,38.75));
#3546=CARTESIAN_POINT('Origin',(47.,-56.,35.75));
#3547=CARTESIAN_POINT('Origin',(47.,-56.,41.75));
#3548=CARTESIAN_POINT('Origin',(40.,-56.,35.75));
#3549=CARTESIAN_POINT('',(40.,-56.,38.75));
#3550=CARTESIAN_POINT('',(40.,-59.,35.75));
#3551=CARTESIAN_POINT('Origin',(47.,-46.5,41.75));
#3552=CARTESIAN_POINT('',(47.,-46.5,38.75));
#3553=CARTESIAN_POINT('Origin',(47.,-62.,-19.375));
#3554=CARTESIAN_POINT('',(47.,-59.,-19.375));
#3555=CARTESIAN_POINT('Origin',(47.,-22.,-41.75));
#3556=CARTESIAN_POINT('Origin',(43.,-62.,-19.375));
#3557=CARTESIAN_POINT('',(43.,-59.,-19.375));
#3558=CARTESIAN_POINT('Origin',(42.6491106406735,-7.00000000000001,2.87113328281323E-14));
#3559=CARTESIAN_POINT('',(39.7300851082104,-7.6923076923077,36.4423076923077));
#3560=CARTESIAN_POINT('Ctrl Pts',(40.,-8.40791079741237,38.75));
#3561=CARTESIAN_POINT('Ctrl Pts',(40.,-8.40791079741237,38.3280528872374));
#3562=CARTESIAN_POINT('Ctrl Pts',(39.9703749088127,-8.35725737336338,37.872046324648));
#3563=CARTESIAN_POINT('Ctrl Pts',(39.8879823162886,-8.17499775771235,37.2424874407614));
#3564=CARTESIAN_POINT('Ctrl Pts',(39.8548456089904,-8.09696200685582,37.0421512044351));
#3565=CARTESIAN_POINT('Ctrl Pts',(39.7900796120207,-7.91314707901227,36.7058060617167));
#3566=CARTESIAN_POINT('Ctrl Pts',(39.7590665511713,-7.81450418515388,36.5645041851539));
#3567=CARTESIAN_POINT('Ctrl Pts',(39.7300851082104,-7.6923076923077,36.4423076923077));
#3568=CARTESIAN_POINT('',(39.7300851082104,-7.6923076923077,-36.4423076923077));
#3569=CARTESIAN_POINT('',(39.7300851082104,-7.6923076923077,2.87113328281323E-14));
#3570=CARTESIAN_POINT('Ctrl Pts',(39.7300851082104,-7.6923076923077,-36.4423076923077));
#3571=CARTESIAN_POINT('Ctrl Pts',(39.7590665511713,-7.81450418515388,-36.5645041851539));
#3572=CARTESIAN_POINT('Ctrl Pts',(39.7900796120207,-7.91314707901227,-36.7058060617167));
#3573=CARTESIAN_POINT('Ctrl Pts',(39.8548456089904,-8.09696200685582,-37.0421512044351));
#3574=CARTESIAN_POINT('Ctrl Pts',(39.8879823162886,-8.17499775771235,-37.2424874407614));
#3575=CARTESIAN_POINT('Ctrl Pts',(39.9703749088127,-8.35725737336338,-37.872046324648));
#3576=CARTESIAN_POINT('Ctrl Pts',(40.,-8.40791079741237,-38.3280528872374));
#3577=CARTESIAN_POINT('Ctrl Pts',(40.,-8.40791079741237,-38.75));
#3578=CARTESIAN_POINT('',(42.6491106406735,-10.,3.00436004576825E-14));
#3579=CARTESIAN_POINT('Origin',(40.,-59.,38.75));
#3580=CARTESIAN_POINT('',(43.,-46.5,38.75));
#3581=CARTESIAN_POINT('Origin',(43.,-46.5,41.75));
#3582=CARTESIAN_POINT('Origin',(30.,-17.,-38.75));
#3583=CARTESIAN_POINT('Origin',(30.,-10.,-38.75));
#3584=CARTESIAN_POINT('Origin',(30.,6.,-38.75));
#3585=CARTESIAN_POINT('Origin',(30.,-10.,2.87113328281323E-14));
#3586=CARTESIAN_POINT('Origin',(30.,-10.,38.75));
#3587=CARTESIAN_POINT('Origin',(30.,-17.,38.75));
#3588=CARTESIAN_POINT('Origin',(30.,6.,38.75));
#3589=CARTESIAN_POINT('Origin',(40.,-59.,-38.75));
#3590=CARTESIAN_POINT('Origin',(40.,-9.99999999999999,38.75));
#3591=CARTESIAN_POINT('Origin',(-17.051351468996,0.,-17.049867593443));
#3592=CARTESIAN_POINT('',(-19.951351468996,6.,-17.049867593443));
#3593=CARTESIAN_POINT('Origin',(-17.051351468996,6.,-17.049867593443));
#3594=CARTESIAN_POINT('',(-19.951351468996,0.,-17.049867593443));
#3595=CARTESIAN_POINT('Origin',(17.051351468996,0.,17.049867593443));
#3596=CARTESIAN_POINT('',(14.151351468996,6.,17.049867593443));
#3597=CARTESIAN_POINT('Origin',(17.051351468996,6.,17.049867593443));
#3598=CARTESIAN_POINT('',(14.151351468996,0.,17.049867593443));
#3599=CARTESIAN_POINT('Origin',(-17.051351468996,0.,17.049867593443));
#3600=CARTESIAN_POINT('',(-19.951351468996,6.,17.049867593443));
#3601=CARTESIAN_POINT('Origin',(-17.051351468996,6.,17.049867593443));
#3602=CARTESIAN_POINT('',(-19.951351468996,0.,17.049867593443));
#3603=CARTESIAN_POINT('Origin',(17.051351468996,0.,-17.049867593443));
#3604=CARTESIAN_POINT('',(14.151351468996,6.,-17.049867593443));
#3605=CARTESIAN_POINT('Origin',(17.051351468996,6.,-17.049867593443));
#3606=CARTESIAN_POINT('',(14.151351468996,0.,-17.049867593443));
#3607=CARTESIAN_POINT('Origin',(0.,6.,4.44089209850063E-15));
#3608=UNCERTAINTY_MEASURE_WITH_UNIT(LENGTH_MEASURE(0.01),#3612,
'DISTANCE_ACCURACY_VALUE',
'Maximum model space distance between geometric entities at asserted c
onnectivities');
#3609=UNCERTAINTY_MEASURE_WITH_UNIT(LENGTH_MEASURE(0.01),#3612,
'DISTANCE_ACCURACY_VALUE',
'Maximum model space distance between geometric entities at asserted c
onnectivities');
#3610=(
GEOMETRIC_REPRESENTATION_CONTEXT(3)
GLOBAL_UNCERTAINTY_ASSIGNED_CONTEXT((#3608))
GLOBAL_UNIT_ASSIGNED_CONTEXT((#3612,#3614,#3615))
REPRESENTATION_CONTEXT('','3D')
);
#3611=(
GEOMETRIC_REPRESENTATION_CONTEXT(3)
GLOBAL_UNCERTAINTY_ASSIGNED_CONTEXT((#3609))
GLOBAL_UNIT_ASSIGNED_CONTEXT((#3612,#3614,#3615))
REPRESENTATION_CONTEXT('','3D')
);
#3612=(
LENGTH_UNIT()
NAMED_UNIT(*)
SI_UNIT(.MILLI.,.METRE.)
);
#3613=(
LENGTH_UNIT()
NAMED_UNIT(*)
SI_UNIT($,.METRE.)
);
#3614=(
NAMED_UNIT(*)
PLANE_ANGLE_UNIT()
SI_UNIT($,.RADIAN.)
);
#3615=(
NAMED_UNIT(*)
SI_UNIT($,.STERADIAN.)
SOLID_ANGLE_UNIT()
);
#3616=SHAPE_DEFINITION_REPRESENTATION(#3617,#3618);
#3617=PRODUCT_DEFINITION_SHAPE('',$,#3620);
#3618=SHAPE_REPRESENTATION('',(#1756),#3610);
#3619=PRODUCT_DEFINITION_CONTEXT('part definition',#3624,'design');
#3620=PRODUCT_DEFINITION('handle','handle v4',#3621,#3619);
#3621=PRODUCT_DEFINITION_FORMATION('',$,#3626);
#3622=PRODUCT_RELATED_PRODUCT_CATEGORY('handle v4','handle v4',(#3626));
#3623=APPLICATION_PROTOCOL_DEFINITION('international standard',
'automotive_design',2009,#3624);
#3624=APPLICATION_CONTEXT(
'Core Data for Automotive Mechanical Design Process');
#3625=PRODUCT_CONTEXT('part definition',#3624,'mechanical');
#3626=PRODUCT('handle','handle v4',$,(#3625));
#3627=PRESENTATION_STYLE_ASSIGNMENT((#3628));
#3628=SURFACE_STYLE_USAGE(.BOTH.,#3629);
#3629=SURFACE_SIDE_STYLE('',(#3630));
#3630=SURFACE_STYLE_FILL_AREA(#3631);
#3631=FILL_AREA_STYLE('Steel - Satin',(#3632));
#3632=FILL_AREA_STYLE_COLOUR('Steel - Satin',#3633);
#3633=COLOUR_RGB('Steel - Satin',0.627450980392157,0.627450980392157,0.627450980392157);
ENDSEC;
END-ISO-10303-21;
