ISO-10303-21;
HEADER;
/* Generated by software containing ST-Developer
 * from STEP Tools, Inc. (www.steptools.com) 
 */

FILE_DESCRIPTION(
/* description */ (''),
/* implementation_level */ '2;1');

FILE_NAME(
/* name */ 'Joystick cage v3.step',
/* time_stamp */ '2025-04-23T18:06:01-06:00',
/* author */ (''),
/* organization */ (''),
/* preprocessor_version */ 'ST-DEVELOPER v20.1',
/* originating_system */ 'Autodesk Translation Framework v14.4.0.0',
/* authorisation */ '');

FILE_SCHEMA (('AUTOMOTIVE_DESIGN { 1 0 10303 214 3 1 1 }'));
ENDSEC;

DATA;
#10=MECHANICAL_DESIGN_GEOMETRIC_PRESENTATION_REPRESENTATION('',(#13),#11281);
#11=SHAPE_REPRESENTATION_RELATIONSHIP('SRR','None',#11288,#12);
#12=ADVANCED_BREP_SHAPE_REPRESENTATION('',(#14),#11280);
#13=STYLED_ITEM('',(#11297),#14);
#14=MANIFOLD_SOLID_BREP('Body21',#4927);
#15=FACE_BOUND('',#1439,.T.);
#16=FACE_BOUND('',#1444,.T.);
#17=FACE_BOUND('',#1448,.T.);
#18=FACE_BOUND('',#1452,.T.);
#19=FACE_BOUND('',#1456,.T.);
#20=FACE_BOUND('',#1461,.T.);
#21=FACE_BOUND('',#1480,.T.);
#22=FACE_BOUND('',#1491,.T.);
#23=FACE_BOUND('',#1499,.T.);
#24=PLANE('',#5541);
#25=PLANE('',#5542);
#26=PLANE('',#5543);
#27=PLANE('',#5545);
#28=PLANE('',#5546);
#29=PLANE('',#5547);
#30=PLANE('',#5548);
#31=PLANE('',#5550);
#32=PLANE('',#5551);
#33=PLANE('',#5552);
#34=PLANE('',#5554);
#35=PLANE('',#5555);
#36=PLANE('',#5556);
#37=PLANE('',#5558);
#38=PLANE('',#5559);
#39=PLANE('',#5560);
#40=PLANE('',#5562);
#41=PLANE('',#5563);
#42=PLANE('',#5564);
#43=PLANE('',#5565);
#44=PLANE('',#5566);
#45=PLANE('',#5567);
#46=PLANE('',#5568);
#47=PLANE('',#5569);
#48=PLANE('',#5570);
#49=PLANE('',#5571);
#50=PLANE('',#5572);
#51=PLANE('',#5573);
#52=PLANE('',#5574);
#53=PLANE('',#5575);
#54=PLANE('',#5576);
#55=PLANE('',#5577);
#56=PLANE('',#5578);
#57=PLANE('',#5579);
#58=PLANE('',#5580);
#59=PLANE('',#5581);
#60=PLANE('',#5582);
#61=PLANE('',#5583);
#62=PLANE('',#5585);
#63=PLANE('',#5586);
#64=PLANE('',#5587);
#65=PLANE('',#5589);
#66=PLANE('',#5592);
#67=PLANE('',#5593);
#68=PLANE('',#5594);
#69=PLANE('',#5595);
#70=PLANE('',#5597);
#71=PLANE('',#5600);
#72=PLANE('',#5601);
#73=PLANE('',#5602);
#74=PLANE('',#5603);
#75=SPHERICAL_SURFACE('',#5048,1.);
#76=SPHERICAL_SURFACE('',#5060,0.999999999999996);
#77=SPHERICAL_SURFACE('',#5066,1.);
#78=SPHERICAL_SURFACE('',#5071,1.);
#79=SPHERICAL_SURFACE('',#5081,1.);
#80=SPHERICAL_SURFACE('',#5092,0.999999999999996);
#81=SPHERICAL_SURFACE('',#5097,0.999999999999996);
#82=SPHERICAL_SURFACE('',#5101,0.999999999999996);
#83=SPHERICAL_SURFACE('',#5106,1.);
#84=SPHERICAL_SURFACE('',#5119,0.999999999999996);
#85=SPHERICAL_SURFACE('',#5125,1.);
#86=SPHERICAL_SURFACE('',#5130,1.);
#87=SPHERICAL_SURFACE('',#5141,1.);
#88=SPHERICAL_SURFACE('',#5150,0.999999999999996);
#89=SPHERICAL_SURFACE('',#5156,1.);
#90=SPHERICAL_SURFACE('',#5198,1.);
#91=SPHERICAL_SURFACE('',#5204,1.);
#92=SPHERICAL_SURFACE('',#5209,1.);
#93=SPHERICAL_SURFACE('',#5309,1.);
#94=SPHERICAL_SURFACE('',#5316,1.);
#95=SPHERICAL_SURFACE('',#5322,1.);
#96=SPHERICAL_SURFACE('',#5326,1.);
#97=SPHERICAL_SURFACE('',#5392,1.);
#98=SPHERICAL_SURFACE('',#5398,1.);
#99=SPHERICAL_SURFACE('',#5457,1.);
#100=SPHERICAL_SURFACE('',#5464,1.);
#101=LINE('',#9919,#389);
#102=LINE('',#9920,#390);
#103=LINE('',#9934,#391);
#104=LINE('',#9935,#392);
#105=LINE('',#9944,#393);
#106=LINE('',#9945,#394);
#107=LINE('',#9959,#395);
#108=LINE('',#9960,#396);
#109=LINE('',#9972,#397);
#110=LINE('',#9973,#398);
#111=LINE('',#9982,#399);
#112=LINE('',#9983,#400);
#113=LINE('',#9992,#401);
#114=LINE('',#9993,#402);
#115=LINE('',#10014,#403);
#116=LINE('',#10015,#404);
#117=LINE('',#10033,#405);
#118=LINE('',#10034,#406);
#119=LINE('',#10050,#407);
#120=LINE('',#10051,#408);
#121=LINE('',#10063,#409);
#122=LINE('',#10064,#410);
#123=LINE('',#10066,#411);
#124=LINE('',#10067,#412);
#125=LINE('',#10078,#413);
#126=LINE('',#10079,#414);
#127=LINE('',#10088,#415);
#128=LINE('',#10089,#416);
#129=LINE('',#10091,#417);
#130=LINE('',#10092,#418);
#131=LINE('',#10101,#419);
#132=LINE('',#10102,#420);
#133=LINE('',#10111,#421);
#134=LINE('',#10112,#422);
#135=LINE('',#10114,#423);
#136=LINE('',#10115,#424);
#137=LINE('',#10152,#425);
#138=LINE('',#10153,#426);
#139=LINE('',#10162,#427);
#140=LINE('',#10163,#428);
#141=LINE('',#10165,#429);
#142=LINE('',#10166,#430);
#143=LINE('',#10222,#431);
#144=LINE('',#10223,#432);
#145=LINE('',#10244,#433);
#146=LINE('',#10245,#434);
#147=LINE('',#10254,#435);
#148=LINE('',#10255,#436);
#149=LINE('',#10300,#437);
#150=LINE('',#10301,#438);
#151=LINE('',#10321,#439);
#152=LINE('',#10322,#440);
#153=LINE('',#10342,#441);
#154=LINE('',#10343,#442);
#155=LINE('',#10345,#443);
#156=LINE('',#10346,#444);
#157=LINE('',#10357,#445);
#158=LINE('',#10358,#446);
#159=LINE('',#10378,#447);
#160=LINE('',#10379,#448);
#161=LINE('',#10390,#449);
#162=LINE('',#10391,#450);
#163=LINE('',#10393,#451);
#164=LINE('',#10394,#452);
#165=LINE('',#10414,#453);
#166=LINE('',#10415,#454);
#167=LINE('',#10417,#455);
#168=LINE('',#10418,#456);
#169=LINE('',#10429,#457);
#170=LINE('',#10430,#458);
#171=LINE('',#10484,#459);
#172=LINE('',#10485,#460);
#173=LINE('',#10487,#461);
#174=LINE('',#10488,#462);
#175=LINE('',#10499,#463);
#176=LINE('',#10500,#464);
#177=LINE('',#10512,#465);
#178=LINE('',#10513,#466);
#179=LINE('',#10515,#467);
#180=LINE('',#10516,#468);
#181=LINE('',#10525,#469);
#182=LINE('',#10526,#470);
#183=LINE('',#10528,#471);
#184=LINE('',#10529,#472);
#185=LINE('',#10545,#473);
#186=LINE('',#10546,#474);
#187=LINE('',#10560,#475);
#188=LINE('',#10561,#476);
#189=LINE('',#10572,#477);
#190=LINE('',#10573,#478);
#191=LINE('',#10575,#479);
#192=LINE('',#10576,#480);
#193=LINE('',#10587,#481);
#194=LINE('',#10588,#482);
#195=LINE('',#10599,#483);
#196=LINE('',#10600,#484);
#197=LINE('',#10611,#485);
#198=LINE('',#10612,#486);
#199=LINE('',#10614,#487);
#200=LINE('',#10615,#488);
#201=LINE('',#10626,#489);
#202=LINE('',#10627,#490);
#203=LINE('',#10751,#491);
#204=LINE('',#10752,#492);
#205=LINE('',#10754,#493);
#206=LINE('',#10755,#494);
#207=LINE('',#10757,#495);
#208=LINE('',#10758,#496);
#209=LINE('',#10776,#497);
#210=LINE('',#10777,#498);
#211=LINE('',#10779,#499);
#212=LINE('',#10780,#500);
#213=LINE('',#10789,#501);
#214=LINE('',#10790,#502);
#215=LINE('',#10801,#503);
#216=LINE('',#10802,#504);
#217=LINE('',#10804,#505);
#218=LINE('',#10805,#506);
#219=LINE('',#10816,#507);
#220=LINE('',#10817,#508);
#221=LINE('',#10871,#509);
#222=LINE('',#10872,#510);
#223=LINE('',#10892,#511);
#224=LINE('',#10893,#512);
#225=LINE('',#10895,#513);
#226=LINE('',#10896,#514);
#227=LINE('',#10943,#515);
#228=LINE('',#10944,#516);
#229=LINE('',#10956,#517);
#230=LINE('',#10957,#518);
#231=LINE('',#10959,#519);
#232=LINE('',#10960,#520);
#233=LINE('',#10972,#521);
#234=LINE('',#10973,#522);
#235=LINE('',#10975,#523);
#236=LINE('',#10976,#524);
#237=LINE('',#10978,#525);
#238=LINE('',#10979,#526);
#239=LINE('',#10981,#527);
#240=LINE('',#10982,#528);
#241=LINE('',#10984,#529);
#242=LINE('',#10985,#530);
#243=LINE('',#10987,#531);
#244=LINE('',#10988,#532);
#245=LINE('',#10990,#533);
#246=LINE('',#10991,#534);
#247=LINE('',#10993,#535);
#248=LINE('',#10994,#536);
#249=LINE('',#10996,#537);
#250=LINE('',#10997,#538);
#251=LINE('',#10999,#539);
#252=LINE('',#11000,#540);
#253=LINE('',#11002,#541);
#254=LINE('',#11003,#542);
#255=LINE('',#11005,#543);
#256=LINE('',#11006,#544);
#257=LINE('',#11008,#545);
#258=LINE('',#11009,#546);
#259=LINE('',#11011,#547);
#260=LINE('',#11012,#548);
#261=LINE('',#11014,#549);
#262=LINE('',#11015,#550);
#263=LINE('',#11017,#551);
#264=LINE('',#11018,#552);
#265=LINE('',#11020,#553);
#266=LINE('',#11021,#554);
#267=LINE('',#11023,#555);
#268=LINE('',#11024,#556);
#269=LINE('',#11026,#557);
#270=LINE('',#11027,#558);
#271=LINE('',#11029,#559);
#272=LINE('',#11030,#560);
#273=LINE('',#11032,#561);
#274=LINE('',#11033,#562);
#275=LINE('',#11035,#563);
#276=LINE('',#11036,#564);
#277=LINE('',#11038,#565);
#278=LINE('',#11039,#566);
#279=LINE('',#11041,#567);
#280=LINE('',#11042,#568);
#281=LINE('',#11044,#569);
#282=LINE('',#11045,#570);
#283=LINE('',#11047,#571);
#284=LINE('',#11048,#572);
#285=LINE('',#11050,#573);
#286=LINE('',#11051,#574);
#287=LINE('',#11053,#575);
#288=LINE('',#11054,#576);
#289=LINE('',#11056,#577);
#290=LINE('',#11057,#578);
#291=LINE('',#11059,#579);
#292=LINE('',#11060,#580);
#293=LINE('',#11062,#581);
#294=LINE('',#11063,#582);
#295=LINE('',#11065,#583);
#296=LINE('',#11066,#584);
#297=LINE('',#11068,#585);
#298=LINE('',#11069,#586);
#299=LINE('',#11071,#587);
#300=LINE('',#11072,#588);
#301=LINE('',#11074,#589);
#302=LINE('',#11075,#590);
#303=LINE('',#11077,#591);
#304=LINE('',#11078,#592);
#305=LINE('',#11080,#593);
#306=LINE('',#11081,#594);
#307=LINE('',#11083,#595);
#308=LINE('',#11084,#596);
#309=LINE('',#11086,#597);
#310=LINE('',#11087,#598);
#311=LINE('',#11089,#599);
#312=LINE('',#11090,#600);
#313=LINE('',#11092,#601);
#314=LINE('',#11093,#602);
#315=LINE('',#11095,#603);
#316=LINE('',#11096,#604);
#317=LINE('',#11098,#605);
#318=LINE('',#11099,#606);
#319=LINE('',#11101,#607);
#320=LINE('',#11102,#608);
#321=LINE('',#11104,#609);
#322=LINE('',#11105,#610);
#323=LINE('',#11107,#611);
#324=LINE('',#11108,#612);
#325=LINE('',#11110,#613);
#326=LINE('',#11111,#614);
#327=LINE('',#11113,#615);
#328=LINE('',#11114,#616);
#329=LINE('',#11119,#617);
#330=LINE('',#11120,#618);
#331=LINE('',#11122,#619);
#332=LINE('',#11123,#620);
#333=LINE('',#11125,#621);
#334=LINE('',#11126,#622);
#335=LINE('',#11128,#623);
#336=LINE('',#11129,#624);
#337=LINE('',#11131,#625);
#338=LINE('',#11132,#626);
#339=LINE('',#11134,#627);
#340=LINE('',#11135,#628);
#341=LINE('',#11137,#629);
#342=LINE('',#11138,#630);
#343=LINE('',#11140,#631);
#344=LINE('',#11141,#632);
#345=LINE('',#11143,#633);
#346=LINE('',#11144,#634);
#347=LINE('',#11146,#635);
#348=LINE('',#11147,#636);
#349=LINE('',#11149,#637);
#350=LINE('',#11150,#638);
#351=LINE('',#11152,#639);
#352=LINE('',#11153,#640);
#353=LINE('',#11155,#641);
#354=LINE('',#11156,#642);
#355=LINE('',#11158,#643);
#356=LINE('',#11159,#644);
#357=LINE('',#11164,#645);
#358=LINE('',#11165,#646);
#359=LINE('',#11167,#647);
#360=LINE('',#11168,#648);
#361=LINE('',#11173,#649);
#362=LINE('',#11174,#650);
#363=LINE('',#11176,#651);
#364=LINE('',#11177,#652);
#365=LINE('',#11179,#653);
#366=LINE('',#11180,#654);
#367=LINE('',#11185,#655);
#368=LINE('',#11186,#656);
#369=LINE('',#11188,#657);
#370=LINE('',#11190,#658);
#371=LINE('',#11192,#659);
#372=LINE('',#11193,#660);
#373=LINE('',#11197,#661);
#374=LINE('',#11199,#662);
#375=LINE('',#11201,#663);
#376=LINE('',#11203,#664);
#377=LINE('',#11204,#665);
#378=LINE('',#11208,#666);
#379=LINE('',#11251,#667);
#380=LINE('',#11255,#668);
#381=LINE('',#11258,#669);
#382=LINE('',#11260,#670);
#383=LINE('',#11262,#671);
#384=LINE('',#11265,#672);
#385=LINE('',#11269,#673);
#386=LINE('',#11272,#674);
#387=LINE('',#11274,#675);
#388=LINE('',#11276,#676);
#389=VECTOR('',#5806,10.);
#390=VECTOR('',#5807,10.);
#391=VECTOR('',#5822,10.);
#392=VECTOR('',#5823,10.);
#393=VECTOR('',#5834,10.);
#394=VECTOR('',#5835,10.);
#395=VECTOR('',#5850,10.);
#396=VECTOR('',#5851,10.);
#397=VECTOR('',#5864,10.);
#398=VECTOR('',#5865,10.);
#399=VECTOR('',#5876,10.);
#400=VECTOR('',#5877,10.);
#401=VECTOR('',#5888,10.);
#402=VECTOR('',#5889,10.);
#403=VECTOR('',#5912,10.);
#404=VECTOR('',#5913,10.);
#405=VECTOR('',#5934,10.);
#406=VECTOR('',#5935,10.);
#407=VECTOR('',#5954,10.);
#408=VECTOR('',#5955,10.);
#409=VECTOR('',#5968,10.);
#410=VECTOR('',#5969,10.);
#411=VECTOR('',#5972,10.);
#412=VECTOR('',#5973,10.);
#413=VECTOR('',#5986,10.);
#414=VECTOR('',#5987,10.);
#415=VECTOR('',#5998,10.);
#416=VECTOR('',#5999,10.);
#417=VECTOR('',#6002,10.);
#418=VECTOR('',#6003,10.);
#419=VECTOR('',#6014,10.);
#420=VECTOR('',#6015,10.);
#421=VECTOR('',#6026,10.);
#422=VECTOR('',#6027,10.);
#423=VECTOR('',#6030,10.);
#424=VECTOR('',#6031,10.);
#425=VECTOR('',#6072,10.);
#426=VECTOR('',#6073,10.);
#427=VECTOR('',#6084,10.);
#428=VECTOR('',#6085,10.);
#429=VECTOR('',#6088,10.);
#430=VECTOR('',#6089,10.);
#431=VECTOR('',#6152,10.);
#432=VECTOR('',#6153,10.);
#433=VECTOR('',#6176,10.);
#434=VECTOR('',#6177,10.);
#435=VECTOR('',#6188,10.);
#436=VECTOR('',#6189,10.);
#437=VECTOR('',#6240,10.);
#438=VECTOR('',#6241,10.);
#439=VECTOR('',#6264,10.);
#440=VECTOR('',#6265,10.);
#441=VECTOR('',#6288,10.);
#442=VECTOR('',#6289,10.);
#443=VECTOR('',#6292,10.);
#444=VECTOR('',#6293,10.);
#445=VECTOR('',#6306,10.);
#446=VECTOR('',#6307,10.);
#447=VECTOR('',#6330,10.);
#448=VECTOR('',#6331,10.);
#449=VECTOR('',#6344,10.);
#450=VECTOR('',#6345,10.);
#451=VECTOR('',#6348,10.);
#452=VECTOR('',#6349,10.);
#453=VECTOR('',#6372,10.);
#454=VECTOR('',#6373,10.);
#455=VECTOR('',#6376,10.);
#456=VECTOR('',#6377,10.);
#457=VECTOR('',#6390,10.);
#458=VECTOR('',#6391,10.);
#459=VECTOR('',#6398,10.);
#460=VECTOR('',#6399,10.);
#461=VECTOR('',#6402,10.);
#462=VECTOR('',#6403,10.);
#463=VECTOR('',#6416,10.);
#464=VECTOR('',#6417,10.);
#465=VECTOR('',#6430,10.);
#466=VECTOR('',#6431,10.);
#467=VECTOR('',#6434,10.);
#468=VECTOR('',#6435,10.);
#469=VECTOR('',#6446,10.);
#470=VECTOR('',#6447,10.);
#471=VECTOR('',#6450,10.);
#472=VECTOR('',#6451,10.);
#473=VECTOR('',#6470,10.);
#474=VECTOR('',#6471,10.);
#475=VECTOR('',#6486,10.);
#476=VECTOR('',#6487,10.);
#477=VECTOR('',#6500,10.);
#478=VECTOR('',#6501,10.);
#479=VECTOR('',#6504,10.);
#480=VECTOR('',#6505,10.);
#481=VECTOR('',#6518,10.);
#482=VECTOR('',#6519,10.);
#483=VECTOR('',#6532,10.);
#484=VECTOR('',#6533,10.);
#485=VECTOR('',#6546,10.);
#486=VECTOR('',#6547,10.);
#487=VECTOR('',#6550,10.);
#488=VECTOR('',#6551,10.);
#489=VECTOR('',#6564,10.);
#490=VECTOR('',#6565,10.);
#491=VECTOR('',#6596,10.);
#492=VECTOR('',#6597,10.);
#493=VECTOR('',#6600,10.);
#494=VECTOR('',#6601,10.);
#495=VECTOR('',#6604,10.);
#496=VECTOR('',#6605,10.);
#497=VECTOR('',#6626,10.);
#498=VECTOR('',#6627,10.);
#499=VECTOR('',#6630,10.);
#500=VECTOR('',#6631,10.);
#501=VECTOR('',#6642,10.);
#502=VECTOR('',#6643,10.);
#503=VECTOR('',#6656,10.);
#504=VECTOR('',#6657,10.);
#505=VECTOR('',#6660,10.);
#506=VECTOR('',#6661,10.);
#507=VECTOR('',#6674,10.);
#508=VECTOR('',#6675,10.);
#509=VECTOR('',#6682,10.);
#510=VECTOR('',#6683,10.);
#511=VECTOR('',#6706,10.);
#512=VECTOR('',#6707,10.);
#513=VECTOR('',#6710,10.);
#514=VECTOR('',#6711,10.);
#515=VECTOR('',#6764,10.);
#516=VECTOR('',#6765,10.);
#517=VECTOR('',#6778,10.);
#518=VECTOR('',#6779,10.);
#519=VECTOR('',#6782,10.);
#520=VECTOR('',#6783,10.);
#521=VECTOR('',#6796,10.);
#522=VECTOR('',#6797,10.);
#523=VECTOR('',#6800,10.);
#524=VECTOR('',#6801,10.);
#525=VECTOR('',#6804,10.);
#526=VECTOR('',#6805,10.);
#527=VECTOR('',#6808,10.);
#528=VECTOR('',#6809,10.);
#529=VECTOR('',#6812,10.);
#530=VECTOR('',#6813,10.);
#531=VECTOR('',#6816,10.);
#532=VECTOR('',#6817,10.);
#533=VECTOR('',#6820,10.);
#534=VECTOR('',#6821,10.);
#535=VECTOR('',#6824,10.);
#536=VECTOR('',#6825,10.);
#537=VECTOR('',#6828,10.);
#538=VECTOR('',#6829,10.);
#539=VECTOR('',#6832,10.);
#540=VECTOR('',#6833,10.);
#541=VECTOR('',#6836,10.);
#542=VECTOR('',#6837,10.);
#543=VECTOR('',#6840,10.);
#544=VECTOR('',#6841,10.);
#545=VECTOR('',#6844,10.);
#546=VECTOR('',#6845,10.);
#547=VECTOR('',#6848,10.);
#548=VECTOR('',#6849,10.);
#549=VECTOR('',#6852,10.);
#550=VECTOR('',#6853,10.);
#551=VECTOR('',#6856,10.);
#552=VECTOR('',#6857,10.);
#553=VECTOR('',#6860,10.);
#554=VECTOR('',#6861,10.);
#555=VECTOR('',#6864,10.);
#556=VECTOR('',#6865,10.);
#557=VECTOR('',#6868,10.);
#558=VECTOR('',#6869,10.);
#559=VECTOR('',#6872,10.);
#560=VECTOR('',#6873,10.);
#561=VECTOR('',#6876,10.);
#562=VECTOR('',#6877,10.);
#563=VECTOR('',#6880,10.);
#564=VECTOR('',#6881,10.);
#565=VECTOR('',#6884,10.);
#566=VECTOR('',#6885,10.);
#567=VECTOR('',#6888,10.);
#568=VECTOR('',#6889,10.);
#569=VECTOR('',#6892,10.);
#570=VECTOR('',#6893,10.);
#571=VECTOR('',#6896,10.);
#572=VECTOR('',#6897,10.);
#573=VECTOR('',#6900,10.);
#574=VECTOR('',#6901,10.);
#575=VECTOR('',#6904,10.);
#576=VECTOR('',#6905,10.);
#577=VECTOR('',#6908,10.);
#578=VECTOR('',#6909,10.);
#579=VECTOR('',#6912,10.);
#580=VECTOR('',#6913,10.);
#581=VECTOR('',#6916,10.);
#582=VECTOR('',#6917,10.);
#583=VECTOR('',#6920,10.);
#584=VECTOR('',#6921,10.);
#585=VECTOR('',#6924,10.);
#586=VECTOR('',#6925,10.);
#587=VECTOR('',#6928,10.);
#588=VECTOR('',#6929,10.);
#589=VECTOR('',#6932,10.);
#590=VECTOR('',#6933,10.);
#591=VECTOR('',#6936,10.);
#592=VECTOR('',#6937,10.);
#593=VECTOR('',#6940,10.);
#594=VECTOR('',#6941,10.);
#595=VECTOR('',#6944,10.);
#596=VECTOR('',#6945,10.);
#597=VECTOR('',#6948,10.);
#598=VECTOR('',#6949,10.);
#599=VECTOR('',#6952,10.);
#600=VECTOR('',#6953,10.);
#601=VECTOR('',#6956,10.);
#602=VECTOR('',#6957,10.);
#603=VECTOR('',#6960,10.);
#604=VECTOR('',#6961,10.);
#605=VECTOR('',#6964,10.);
#606=VECTOR('',#6965,10.);
#607=VECTOR('',#6968,10.);
#608=VECTOR('',#6969,10.);
#609=VECTOR('',#6972,10.);
#610=VECTOR('',#6973,10.);
#611=VECTOR('',#6976,10.);
#612=VECTOR('',#6977,10.);
#613=VECTOR('',#6980,10.);
#614=VECTOR('',#6981,10.);
#615=VECTOR('',#6984,10.);
#616=VECTOR('',#6985,10.);
#617=VECTOR('',#6990,10.);
#618=VECTOR('',#6991,10.);
#619=VECTOR('',#6994,10.);
#620=VECTOR('',#6995,10.);
#621=VECTOR('',#6998,10.);
#622=VECTOR('',#6999,10.);
#623=VECTOR('',#7002,10.);
#624=VECTOR('',#7003,10.);
#625=VECTOR('',#7006,10.);
#626=VECTOR('',#7007,10.);
#627=VECTOR('',#7010,10.);
#628=VECTOR('',#7011,10.);
#629=VECTOR('',#7014,10.);
#630=VECTOR('',#7015,10.);
#631=VECTOR('',#7018,10.);
#632=VECTOR('',#7019,10.);
#633=VECTOR('',#7022,10.);
#634=VECTOR('',#7023,10.);
#635=VECTOR('',#7026,10.);
#636=VECTOR('',#7027,10.);
#637=VECTOR('',#7030,10.);
#638=VECTOR('',#7031,10.);
#639=VECTOR('',#7034,10.);
#640=VECTOR('',#7035,10.);
#641=VECTOR('',#7038,10.);
#642=VECTOR('',#7039,10.);
#643=VECTOR('',#7042,10.);
#644=VECTOR('',#7043,10.);
#645=VECTOR('',#7048,10.);
#646=VECTOR('',#7049,10.);
#647=VECTOR('',#7052,10.);
#648=VECTOR('',#7053,10.);
#649=VECTOR('',#7058,10.);
#650=VECTOR('',#7059,10.);
#651=VECTOR('',#7062,10.);
#652=VECTOR('',#7063,10.);
#653=VECTOR('',#7066,10.);
#654=VECTOR('',#7067,10.);
#655=VECTOR('',#7072,10.);
#656=VECTOR('',#7073,10.);
#657=VECTOR('',#7076,10.);
#658=VECTOR('',#7079,10.);
#659=VECTOR('',#7082,10.);
#660=VECTOR('',#7083,10.);
#661=VECTOR('',#7088,10.);
#662=VECTOR('',#7091,10.);
#663=VECTOR('',#7094,10.);
#664=VECTOR('',#7097,10.);
#665=VECTOR('',#7098,10.);
#666=VECTOR('',#7103,10.);
#667=VECTOR('',#7180,0.899999999999999);
#668=VECTOR('',#7185,0.899999999999999);
#669=VECTOR('',#7190,10.);
#670=VECTOR('',#7193,10.);
#671=VECTOR('',#7196,10.);
#672=VECTOR('',#7201,0.9);
#673=VECTOR('',#7206,0.9);
#674=VECTOR('',#7211,10.);
#675=VECTOR('',#7214,10.);
#676=VECTOR('',#7217,10.);
#677=CYLINDRICAL_SURFACE('',#5039,1.);
#678=CYLINDRICAL_SURFACE('',#5046,1.);
#679=CYLINDRICAL_SURFACE('',#5052,1.);
#680=CYLINDRICAL_SURFACE('',#5058,1.);
#681=CYLINDRICAL_SURFACE('',#5064,1.);
#682=CYLINDRICAL_SURFACE('',#5070,1.);
#683=CYLINDRICAL_SURFACE('',#5075,1.);
#684=CYLINDRICAL_SURFACE('',#5085,1.);
#685=CYLINDRICAL_SURFACE('',#5096,1.);
#686=CYLINDRICAL_SURFACE('',#5105,1.);
#687=CYLINDRICAL_SURFACE('',#5110,1.);
#688=CYLINDRICAL_SURFACE('',#5112,1.);
#689=CYLINDRICAL_SURFACE('',#5118,1.);
#690=CYLINDRICAL_SURFACE('',#5123,1.);
#691=CYLINDRICAL_SURFACE('',#5124,1.);
#692=CYLINDRICAL_SURFACE('',#5129,1.);
#693=CYLINDRICAL_SURFACE('',#5134,1.);
#694=CYLINDRICAL_SURFACE('',#5135,1.);
#695=CYLINDRICAL_SURFACE('',#5154,1.);
#696=CYLINDRICAL_SURFACE('',#5160,1.);
#697=CYLINDRICAL_SURFACE('',#5161,1.);
#698=CYLINDRICAL_SURFACE('',#5192,1.);
#699=CYLINDRICAL_SURFACE('',#5202,1.);
#700=CYLINDRICAL_SURFACE('',#5208,1.);
#701=CYLINDRICAL_SURFACE('',#5233,1.);
#702=CYLINDRICAL_SURFACE('',#5244,1.);
#703=CYLINDRICAL_SURFACE('',#5255,1.);
#704=CYLINDRICAL_SURFACE('',#5256,1.);
#705=CYLINDRICAL_SURFACE('',#5262,1.);
#706=CYLINDRICAL_SURFACE('',#5273,1.);
#707=CYLINDRICAL_SURFACE('',#5279,1.);
#708=CYLINDRICAL_SURFACE('',#5280,1.);
#709=CYLINDRICAL_SURFACE('',#5291,1.);
#710=CYLINDRICAL_SURFACE('',#5292,1.);
#711=CYLINDRICAL_SURFACE('',#5298,1.);
#712=CYLINDRICAL_SURFACE('',#5301,1.);
#713=CYLINDRICAL_SURFACE('',#5302,1.);
#714=CYLINDRICAL_SURFACE('',#5308,1.);
#715=CYLINDRICAL_SURFACE('',#5313,1.);
#716=CYLINDRICAL_SURFACE('',#5315,1.);
#717=CYLINDRICAL_SURFACE('',#5320,1.);
#718=CYLINDRICAL_SURFACE('',#5321,1.);
#719=CYLINDRICAL_SURFACE('',#5330,1.);
#720=CYLINDRICAL_SURFACE('',#5336,1.);
#721=CYLINDRICAL_SURFACE('',#5343,1.);
#722=CYLINDRICAL_SURFACE('',#5344,1.);
#723=CYLINDRICAL_SURFACE('',#5350,1.);
#724=CYLINDRICAL_SURFACE('',#5356,1.);
#725=CYLINDRICAL_SURFACE('',#5362,1.);
#726=CYLINDRICAL_SURFACE('',#5363,1.);
#727=CYLINDRICAL_SURFACE('',#5369,1.);
#728=CYLINDRICAL_SURFACE('',#5384,1.);
#729=CYLINDRICAL_SURFACE('',#5385,1.);
#730=CYLINDRICAL_SURFACE('',#5386,1.);
#731=CYLINDRICAL_SURFACE('',#5396,1.);
#732=CYLINDRICAL_SURFACE('',#5397,1.);
#733=CYLINDRICAL_SURFACE('',#5402,1.);
#734=CYLINDRICAL_SURFACE('',#5408,1.);
#735=CYLINDRICAL_SURFACE('',#5409,1.);
#736=CYLINDRICAL_SURFACE('',#5415,1.);
#737=CYLINDRICAL_SURFACE('',#5418,1.);
#738=CYLINDRICAL_SURFACE('',#5429,1.);
#739=CYLINDRICAL_SURFACE('',#5430,1.);
#740=CYLINDRICAL_SURFACE('',#5456,1.);
#741=CYLINDRICAL_SURFACE('',#5461,1.);
#742=CYLINDRICAL_SURFACE('',#5463,1.);
#743=CYLINDRICAL_SURFACE('',#5468,1.);
#744=CYLINDRICAL_SURFACE('',#5470,1.);
#745=CYLINDRICAL_SURFACE('',#5471,1.);
#746=CYLINDRICAL_SURFACE('',#5472,1.);
#747=CYLINDRICAL_SURFACE('',#5473,1.);
#748=CYLINDRICAL_SURFACE('',#5474,1.);
#749=CYLINDRICAL_SURFACE('',#5475,1.);
#750=CYLINDRICAL_SURFACE('',#5476,1.);
#751=CYLINDRICAL_SURFACE('',#5477,1.);
#752=CYLINDRICAL_SURFACE('',#5478,1.);
#753=CYLINDRICAL_SURFACE('',#5479,1.);
#754=CYLINDRICAL_SURFACE('',#5480,1.);
#755=CYLINDRICAL_SURFACE('',#5481,1.);
#756=CYLINDRICAL_SURFACE('',#5482,1.);
#757=CYLINDRICAL_SURFACE('',#5483,1.);
#758=CYLINDRICAL_SURFACE('',#5484,1.);
#759=CYLINDRICAL_SURFACE('',#5485,1.);
#760=CYLINDRICAL_SURFACE('',#5486,1.);
#761=CYLINDRICAL_SURFACE('',#5487,1.);
#762=CYLINDRICAL_SURFACE('',#5488,1.);
#763=CYLINDRICAL_SURFACE('',#5489,1.);
#764=CYLINDRICAL_SURFACE('',#5490,1.);
#765=CYLINDRICAL_SURFACE('',#5491,1.);
#766=CYLINDRICAL_SURFACE('',#5492,1.);
#767=CYLINDRICAL_SURFACE('',#5493,1.);
#768=CYLINDRICAL_SURFACE('',#5494,1.);
#769=CYLINDRICAL_SURFACE('',#5495,1.);
#770=CYLINDRICAL_SURFACE('',#5496,1.);
#771=CYLINDRICAL_SURFACE('',#5497,1.);
#772=CYLINDRICAL_SURFACE('',#5498,1.);
#773=CYLINDRICAL_SURFACE('',#5499,1.);
#774=CYLINDRICAL_SURFACE('',#5500,1.);
#775=CYLINDRICAL_SURFACE('',#5501,1.);
#776=CYLINDRICAL_SURFACE('',#5502,1.);
#777=CYLINDRICAL_SURFACE('',#5503,1.);
#778=CYLINDRICAL_SURFACE('',#5504,1.);
#779=CYLINDRICAL_SURFACE('',#5505,1.);
#780=CYLINDRICAL_SURFACE('',#5506,1.);
#781=CYLINDRICAL_SURFACE('',#5507,1.);
#782=CYLINDRICAL_SURFACE('',#5508,1.);
#783=CYLINDRICAL_SURFACE('',#5509,1.);
#784=CYLINDRICAL_SURFACE('',#5510,1.);
#785=CYLINDRICAL_SURFACE('',#5511,1.);
#786=CYLINDRICAL_SURFACE('',#5512,1.);
#787=CYLINDRICAL_SURFACE('',#5513,1.);
#788=CYLINDRICAL_SURFACE('',#5514,1.);
#789=CYLINDRICAL_SURFACE('',#5515,1.);
#790=CYLINDRICAL_SURFACE('',#5516,1.);
#791=CYLINDRICAL_SURFACE('',#5517,1.);
#792=CYLINDRICAL_SURFACE('',#5519,1.);
#793=CYLINDRICAL_SURFACE('',#5520,1.);
#794=CYLINDRICAL_SURFACE('',#5521,1.);
#795=CYLINDRICAL_SURFACE('',#5522,1.);
#796=CYLINDRICAL_SURFACE('',#5523,1.);
#797=CYLINDRICAL_SURFACE('',#5524,1.);
#798=CYLINDRICAL_SURFACE('',#5525,1.);
#799=CYLINDRICAL_SURFACE('',#5526,1.);
#800=CYLINDRICAL_SURFACE('',#5527,1.);
#801=CYLINDRICAL_SURFACE('',#5528,1.);
#802=CYLINDRICAL_SURFACE('',#5529,1.);
#803=CYLINDRICAL_SURFACE('',#5530,1.);
#804=CYLINDRICAL_SURFACE('',#5531,1.);
#805=CYLINDRICAL_SURFACE('',#5532,1.);
#806=CYLINDRICAL_SURFACE('',#5534,1.);
#807=CYLINDRICAL_SURFACE('',#5535,1.);
#808=CYLINDRICAL_SURFACE('',#5537,1.);
#809=CYLINDRICAL_SURFACE('',#5538,1.);
#810=CYLINDRICAL_SURFACE('',#5539,1.);
#811=CYLINDRICAL_SURFACE('',#5588,0.899999999999999);
#812=CYLINDRICAL_SURFACE('',#5590,0.899999999999999);
#813=CYLINDRICAL_SURFACE('',#5596,0.9);
#814=CYLINDRICAL_SURFACE('',#5598,0.9);
#815=TOROIDAL_SURFACE('',#5029,2.,1.);
#816=TOROIDAL_SURFACE('',#5034,2.,1.);
#817=TOROIDAL_SURFACE('',#5041,2.,1.);
#818=TOROIDAL_SURFACE('',#5053,2.,1.);
#819=TOROIDAL_SURFACE('',#5076,2.,1.);
#820=TOROIDAL_SURFACE('',#5087,2.,1.);
#821=TOROIDAL_SURFACE('',#5113,2.,1.);
#822=TOROIDAL_SURFACE('',#5136,1.99999999999999,0.999999999999996);
#823=TOROIDAL_SURFACE('',#5145,2.,1.);
#824=TOROIDAL_SURFACE('',#5162,2.,1.);
#825=TOROIDAL_SURFACE('',#5167,2.,1.);
#826=TOROIDAL_SURFACE('',#5172,2.,1.);
#827=TOROIDAL_SURFACE('',#5177,2.,1.);
#828=TOROIDAL_SURFACE('',#5182,1.99999999999999,0.999999999999996);
#829=TOROIDAL_SURFACE('',#5187,1.99999999999999,0.999999999999996);
#830=TOROIDAL_SURFACE('',#5193,2.,1.);
#831=TOROIDAL_SURFACE('',#5213,2.,0.999999999999999);
#832=TOROIDAL_SURFACE('',#5218,2.,1.);
#833=TOROIDAL_SURFACE('',#5223,2.,1.);
#834=TOROIDAL_SURFACE('',#5228,2.,0.999999999999999);
#835=TOROIDAL_SURFACE('',#5234,2.,1.);
#836=TOROIDAL_SURFACE('',#5239,2.,1.);
#837=TOROIDAL_SURFACE('',#5245,2.,1.);
#838=TOROIDAL_SURFACE('',#5250,2.,1.);
#839=TOROIDAL_SURFACE('',#5257,2.,1.);
#840=TOROIDAL_SURFACE('',#5263,1.99999999999999,0.999999999999996);
#841=TOROIDAL_SURFACE('',#5268,1.99999999999999,0.999999999999996);
#842=TOROIDAL_SURFACE('',#5274,1.99999999999999,0.999999999999996);
#843=TOROIDAL_SURFACE('',#5281,2.,0.999999999999996);
#844=TOROIDAL_SURFACE('',#5286,2.,1.);
#845=TOROIDAL_SURFACE('',#5293,2.,1.);
#846=TOROIDAL_SURFACE('',#5303,2.,1.);
#847=TOROIDAL_SURFACE('',#5331,2.,1.);
#848=TOROIDAL_SURFACE('',#5338,2.,1.);
#849=TOROIDAL_SURFACE('',#5345,2.,1.);
#850=TOROIDAL_SURFACE('',#5351,2.,1.);
#851=TOROIDAL_SURFACE('',#5357,2.,1.);
#852=TOROIDAL_SURFACE('',#5364,2.,0.999999999999996);
#853=TOROIDAL_SURFACE('',#5370,2.,1.);
#854=TOROIDAL_SURFACE('',#5375,2.,1.);
#855=TOROIDAL_SURFACE('',#5387,2.,1.);
#856=TOROIDAL_SURFACE('',#5403,2.,1.);
#857=TOROIDAL_SURFACE('',#5410,2.,1.);
#858=TOROIDAL_SURFACE('',#5419,2.,1.);
#859=TOROIDAL_SURFACE('',#5424,2.,1.);
#860=TOROIDAL_SURFACE('',#5431,2.,1.);
#861=TOROIDAL_SURFACE('',#5436,1.99999999999999,0.999999999999996);
#862=TOROIDAL_SURFACE('',#5441,2.,1.);
#863=TOROIDAL_SURFACE('',#5446,2.,1.);
#864=TOROIDAL_SURFACE('',#5451,2.,1.);
#865=FACE_OUTER_BOUND('',#1178,.T.);
#866=FACE_OUTER_BOUND('',#1179,.T.);
#867=FACE_OUTER_BOUND('',#1180,.T.);
#868=FACE_OUTER_BOUND('',#1181,.T.);
#869=FACE_OUTER_BOUND('',#1182,.T.);
#870=FACE_OUTER_BOUND('',#1183,.T.);
#871=FACE_OUTER_BOUND('',#1184,.T.);
#872=FACE_OUTER_BOUND('',#1185,.T.);
#873=FACE_OUTER_BOUND('',#1186,.T.);
#874=FACE_OUTER_BOUND('',#1187,.T.);
#875=FACE_OUTER_BOUND('',#1188,.T.);
#876=FACE_OUTER_BOUND('',#1189,.T.);
#877=FACE_OUTER_BOUND('',#1190,.T.);
#878=FACE_OUTER_BOUND('',#1191,.T.);
#879=FACE_OUTER_BOUND('',#1192,.T.);
#880=FACE_OUTER_BOUND('',#1193,.T.);
#881=FACE_OUTER_BOUND('',#1194,.T.);
#882=FACE_OUTER_BOUND('',#1195,.T.);
#883=FACE_OUTER_BOUND('',#1196,.T.);
#884=FACE_OUTER_BOUND('',#1197,.T.);
#885=FACE_OUTER_BOUND('',#1198,.T.);
#886=FACE_OUTER_BOUND('',#1199,.T.);
#887=FACE_OUTER_BOUND('',#1200,.T.);
#888=FACE_OUTER_BOUND('',#1201,.T.);
#889=FACE_OUTER_BOUND('',#1202,.T.);
#890=FACE_OUTER_BOUND('',#1203,.T.);
#891=FACE_OUTER_BOUND('',#1204,.T.);
#892=FACE_OUTER_BOUND('',#1205,.T.);
#893=FACE_OUTER_BOUND('',#1206,.T.);
#894=FACE_OUTER_BOUND('',#1207,.T.);
#895=FACE_OUTER_BOUND('',#1208,.T.);
#896=FACE_OUTER_BOUND('',#1209,.T.);
#897=FACE_OUTER_BOUND('',#1210,.T.);
#898=FACE_OUTER_BOUND('',#1211,.T.);
#899=FACE_OUTER_BOUND('',#1212,.T.);
#900=FACE_OUTER_BOUND('',#1213,.T.);
#901=FACE_OUTER_BOUND('',#1214,.T.);
#902=FACE_OUTER_BOUND('',#1215,.T.);
#903=FACE_OUTER_BOUND('',#1216,.T.);
#904=FACE_OUTER_BOUND('',#1217,.T.);
#905=FACE_OUTER_BOUND('',#1218,.T.);
#906=FACE_OUTER_BOUND('',#1219,.T.);
#907=FACE_OUTER_BOUND('',#1220,.T.);
#908=FACE_OUTER_BOUND('',#1221,.T.);
#909=FACE_OUTER_BOUND('',#1222,.T.);
#910=FACE_OUTER_BOUND('',#1223,.T.);
#911=FACE_OUTER_BOUND('',#1224,.T.);
#912=FACE_OUTER_BOUND('',#1225,.T.);
#913=FACE_OUTER_BOUND('',#1226,.T.);
#914=FACE_OUTER_BOUND('',#1227,.T.);
#915=FACE_OUTER_BOUND('',#1228,.T.);
#916=FACE_OUTER_BOUND('',#1229,.T.);
#917=FACE_OUTER_BOUND('',#1230,.T.);
#918=FACE_OUTER_BOUND('',#1231,.T.);
#919=FACE_OUTER_BOUND('',#1232,.T.);
#920=FACE_OUTER_BOUND('',#1233,.T.);
#921=FACE_OUTER_BOUND('',#1234,.T.);
#922=FACE_OUTER_BOUND('',#1235,.T.);
#923=FACE_OUTER_BOUND('',#1236,.T.);
#924=FACE_OUTER_BOUND('',#1237,.T.);
#925=FACE_OUTER_BOUND('',#1238,.T.);
#926=FACE_OUTER_BOUND('',#1239,.T.);
#927=FACE_OUTER_BOUND('',#1240,.T.);
#928=FACE_OUTER_BOUND('',#1241,.T.);
#929=FACE_OUTER_BOUND('',#1242,.T.);
#930=FACE_OUTER_BOUND('',#1243,.T.);
#931=FACE_OUTER_BOUND('',#1244,.T.);
#932=FACE_OUTER_BOUND('',#1245,.T.);
#933=FACE_OUTER_BOUND('',#1246,.T.);
#934=FACE_OUTER_BOUND('',#1247,.T.);
#935=FACE_OUTER_BOUND('',#1248,.T.);
#936=FACE_OUTER_BOUND('',#1249,.T.);
#937=FACE_OUTER_BOUND('',#1250,.T.);
#938=FACE_OUTER_BOUND('',#1251,.T.);
#939=FACE_OUTER_BOUND('',#1252,.T.);
#940=FACE_OUTER_BOUND('',#1253,.T.);
#941=FACE_OUTER_BOUND('',#1254,.T.);
#942=FACE_OUTER_BOUND('',#1255,.T.);
#943=FACE_OUTER_BOUND('',#1256,.T.);
#944=FACE_OUTER_BOUND('',#1257,.T.);
#945=FACE_OUTER_BOUND('',#1258,.T.);
#946=FACE_OUTER_BOUND('',#1259,.T.);
#947=FACE_OUTER_BOUND('',#1260,.T.);
#948=FACE_OUTER_BOUND('',#1261,.T.);
#949=FACE_OUTER_BOUND('',#1262,.T.);
#950=FACE_OUTER_BOUND('',#1263,.T.);
#951=FACE_OUTER_BOUND('',#1264,.T.);
#952=FACE_OUTER_BOUND('',#1265,.T.);
#953=FACE_OUTER_BOUND('',#1266,.T.);
#954=FACE_OUTER_BOUND('',#1267,.T.);
#955=FACE_OUTER_BOUND('',#1268,.T.);
#956=FACE_OUTER_BOUND('',#1269,.T.);
#957=FACE_OUTER_BOUND('',#1270,.T.);
#958=FACE_OUTER_BOUND('',#1271,.T.);
#959=FACE_OUTER_BOUND('',#1272,.T.);
#960=FACE_OUTER_BOUND('',#1273,.T.);
#961=FACE_OUTER_BOUND('',#1274,.T.);
#962=FACE_OUTER_BOUND('',#1275,.T.);
#963=FACE_OUTER_BOUND('',#1276,.T.);
#964=FACE_OUTER_BOUND('',#1277,.T.);
#965=FACE_OUTER_BOUND('',#1278,.T.);
#966=FACE_OUTER_BOUND('',#1279,.T.);
#967=FACE_OUTER_BOUND('',#1280,.T.);
#968=FACE_OUTER_BOUND('',#1281,.T.);
#969=FACE_OUTER_BOUND('',#1282,.T.);
#970=FACE_OUTER_BOUND('',#1283,.T.);
#971=FACE_OUTER_BOUND('',#1284,.T.);
#972=FACE_OUTER_BOUND('',#1285,.T.);
#973=FACE_OUTER_BOUND('',#1286,.T.);
#974=FACE_OUTER_BOUND('',#1287,.T.);
#975=FACE_OUTER_BOUND('',#1288,.T.);
#976=FACE_OUTER_BOUND('',#1289,.T.);
#977=FACE_OUTER_BOUND('',#1290,.T.);
#978=FACE_OUTER_BOUND('',#1291,.T.);
#979=FACE_OUTER_BOUND('',#1292,.T.);
#980=FACE_OUTER_BOUND('',#1293,.T.);
#981=FACE_OUTER_BOUND('',#1294,.T.);
#982=FACE_OUTER_BOUND('',#1295,.T.);
#983=FACE_OUTER_BOUND('',#1296,.T.);
#984=FACE_OUTER_BOUND('',#1297,.T.);
#985=FACE_OUTER_BOUND('',#1298,.T.);
#986=FACE_OUTER_BOUND('',#1299,.T.);
#987=FACE_OUTER_BOUND('',#1300,.T.);
#988=FACE_OUTER_BOUND('',#1301,.T.);
#989=FACE_OUTER_BOUND('',#1302,.T.);
#990=FACE_OUTER_BOUND('',#1303,.T.);
#991=FACE_OUTER_BOUND('',#1304,.T.);
#992=FACE_OUTER_BOUND('',#1305,.T.);
#993=FACE_OUTER_BOUND('',#1306,.T.);
#994=FACE_OUTER_BOUND('',#1307,.T.);
#995=FACE_OUTER_BOUND('',#1308,.T.);
#996=FACE_OUTER_BOUND('',#1309,.T.);
#997=FACE_OUTER_BOUND('',#1310,.T.);
#998=FACE_OUTER_BOUND('',#1311,.T.);
#999=FACE_OUTER_BOUND('',#1312,.T.);
#1000=FACE_OUTER_BOUND('',#1313,.T.);
#1001=FACE_OUTER_BOUND('',#1314,.T.);
#1002=FACE_OUTER_BOUND('',#1315,.T.);
#1003=FACE_OUTER_BOUND('',#1316,.T.);
#1004=FACE_OUTER_BOUND('',#1317,.T.);
#1005=FACE_OUTER_BOUND('',#1318,.T.);
#1006=FACE_OUTER_BOUND('',#1319,.T.);
#1007=FACE_OUTER_BOUND('',#1320,.T.);
#1008=FACE_OUTER_BOUND('',#1321,.T.);
#1009=FACE_OUTER_BOUND('',#1322,.T.);
#1010=FACE_OUTER_BOUND('',#1323,.T.);
#1011=FACE_OUTER_BOUND('',#1324,.T.);
#1012=FACE_OUTER_BOUND('',#1325,.T.);
#1013=FACE_OUTER_BOUND('',#1326,.T.);
#1014=FACE_OUTER_BOUND('',#1327,.T.);
#1015=FACE_OUTER_BOUND('',#1328,.T.);
#1016=FACE_OUTER_BOUND('',#1329,.T.);
#1017=FACE_OUTER_BOUND('',#1330,.T.);
#1018=FACE_OUTER_BOUND('',#1331,.T.);
#1019=FACE_OUTER_BOUND('',#1332,.T.);
#1020=FACE_OUTER_BOUND('',#1333,.T.);
#1021=FACE_OUTER_BOUND('',#1334,.T.);
#1022=FACE_OUTER_BOUND('',#1335,.T.);
#1023=FACE_OUTER_BOUND('',#1336,.T.);
#1024=FACE_OUTER_BOUND('',#1337,.T.);
#1025=FACE_OUTER_BOUND('',#1338,.T.);
#1026=FACE_OUTER_BOUND('',#1339,.T.);
#1027=FACE_OUTER_BOUND('',#1340,.T.);
#1028=FACE_OUTER_BOUND('',#1341,.T.);
#1029=FACE_OUTER_BOUND('',#1342,.T.);
#1030=FACE_OUTER_BOUND('',#1343,.T.);
#1031=FACE_OUTER_BOUND('',#1344,.T.);
#1032=FACE_OUTER_BOUND('',#1345,.T.);
#1033=FACE_OUTER_BOUND('',#1346,.T.);
#1034=FACE_OUTER_BOUND('',#1347,.T.);
#1035=FACE_OUTER_BOUND('',#1348,.T.);
#1036=FACE_OUTER_BOUND('',#1349,.T.);
#1037=FACE_OUTER_BOUND('',#1350,.T.);
#1038=FACE_OUTER_BOUND('',#1351,.T.);
#1039=FACE_OUTER_BOUND('',#1352,.T.);
#1040=FACE_OUTER_BOUND('',#1353,.T.);
#1041=FACE_OUTER_BOUND('',#1354,.T.);
#1042=FACE_OUTER_BOUND('',#1355,.T.);
#1043=FACE_OUTER_BOUND('',#1356,.T.);
#1044=FACE_OUTER_BOUND('',#1357,.T.);
#1045=FACE_OUTER_BOUND('',#1358,.T.);
#1046=FACE_OUTER_BOUND('',#1359,.T.);
#1047=FACE_OUTER_BOUND('',#1360,.T.);
#1048=FACE_OUTER_BOUND('',#1361,.T.);
#1049=FACE_OUTER_BOUND('',#1362,.T.);
#1050=FACE_OUTER_BOUND('',#1363,.T.);
#1051=FACE_OUTER_BOUND('',#1364,.T.);
#1052=FACE_OUTER_BOUND('',#1365,.T.);
#1053=FACE_OUTER_BOUND('',#1366,.T.);
#1054=FACE_OUTER_BOUND('',#1367,.T.);
#1055=FACE_OUTER_BOUND('',#1368,.T.);
#1056=FACE_OUTER_BOUND('',#1369,.T.);
#1057=FACE_OUTER_BOUND('',#1370,.T.);
#1058=FACE_OUTER_BOUND('',#1371,.T.);
#1059=FACE_OUTER_BOUND('',#1372,.T.);
#1060=FACE_OUTER_BOUND('',#1373,.T.);
#1061=FACE_OUTER_BOUND('',#1374,.T.);
#1062=FACE_OUTER_BOUND('',#1375,.T.);
#1063=FACE_OUTER_BOUND('',#1376,.T.);
#1064=FACE_OUTER_BOUND('',#1377,.T.);
#1065=FACE_OUTER_BOUND('',#1378,.T.);
#1066=FACE_OUTER_BOUND('',#1379,.T.);
#1067=FACE_OUTER_BOUND('',#1380,.T.);
#1068=FACE_OUTER_BOUND('',#1381,.T.);
#1069=FACE_OUTER_BOUND('',#1382,.T.);
#1070=FACE_OUTER_BOUND('',#1383,.T.);
#1071=FACE_OUTER_BOUND('',#1384,.T.);
#1072=FACE_OUTER_BOUND('',#1385,.T.);
#1073=FACE_OUTER_BOUND('',#1386,.T.);
#1074=FACE_OUTER_BOUND('',#1387,.T.);
#1075=FACE_OUTER_BOUND('',#1388,.T.);
#1076=FACE_OUTER_BOUND('',#1389,.T.);
#1077=FACE_OUTER_BOUND('',#1390,.T.);
#1078=FACE_OUTER_BOUND('',#1391,.T.);
#1079=FACE_OUTER_BOUND('',#1392,.T.);
#1080=FACE_OUTER_BOUND('',#1393,.T.);
#1081=FACE_OUTER_BOUND('',#1394,.T.);
#1082=FACE_OUTER_BOUND('',#1395,.T.);
#1083=FACE_OUTER_BOUND('',#1396,.T.);
#1084=FACE_OUTER_BOUND('',#1397,.T.);
#1085=FACE_OUTER_BOUND('',#1398,.T.);
#1086=FACE_OUTER_BOUND('',#1399,.T.);
#1087=FACE_OUTER_BOUND('',#1400,.T.);
#1088=FACE_OUTER_BOUND('',#1401,.T.);
#1089=FACE_OUTER_BOUND('',#1402,.T.);
#1090=FACE_OUTER_BOUND('',#1403,.T.);
#1091=FACE_OUTER_BOUND('',#1404,.T.);
#1092=FACE_OUTER_BOUND('',#1405,.T.);
#1093=FACE_OUTER_BOUND('',#1406,.T.);
#1094=FACE_OUTER_BOUND('',#1407,.T.);
#1095=FACE_OUTER_BOUND('',#1408,.T.);
#1096=FACE_OUTER_BOUND('',#1409,.T.);
#1097=FACE_OUTER_BOUND('',#1410,.T.);
#1098=FACE_OUTER_BOUND('',#1411,.T.);
#1099=FACE_OUTER_BOUND('',#1412,.T.);
#1100=FACE_OUTER_BOUND('',#1413,.T.);
#1101=FACE_OUTER_BOUND('',#1414,.T.);
#1102=FACE_OUTER_BOUND('',#1415,.T.);
#1103=FACE_OUTER_BOUND('',#1416,.T.);
#1104=FACE_OUTER_BOUND('',#1417,.T.);
#1105=FACE_OUTER_BOUND('',#1418,.T.);
#1106=FACE_OUTER_BOUND('',#1419,.T.);
#1107=FACE_OUTER_BOUND('',#1420,.T.);
#1108=FACE_OUTER_BOUND('',#1421,.T.);
#1109=FACE_OUTER_BOUND('',#1422,.T.);
#1110=FACE_OUTER_BOUND('',#1423,.T.);
#1111=FACE_OUTER_BOUND('',#1424,.T.);
#1112=FACE_OUTER_BOUND('',#1425,.T.);
#1113=FACE_OUTER_BOUND('',#1426,.T.);
#1114=FACE_OUTER_BOUND('',#1427,.T.);
#1115=FACE_OUTER_BOUND('',#1428,.T.);
#1116=FACE_OUTER_BOUND('',#1429,.T.);
#1117=FACE_OUTER_BOUND('',#1430,.T.);
#1118=FACE_OUTER_BOUND('',#1431,.T.);
#1119=FACE_OUTER_BOUND('',#1432,.T.);
#1120=FACE_OUTER_BOUND('',#1433,.T.);
#1121=FACE_OUTER_BOUND('',#1434,.T.);
#1122=FACE_OUTER_BOUND('',#1435,.T.);
#1123=FACE_OUTER_BOUND('',#1436,.T.);
#1124=FACE_OUTER_BOUND('',#1437,.T.);
#1125=FACE_OUTER_BOUND('',#1438,.T.);
#1126=FACE_OUTER_BOUND('',#1440,.T.);
#1127=FACE_OUTER_BOUND('',#1441,.T.);
#1128=FACE_OUTER_BOUND('',#1442,.T.);
#1129=FACE_OUTER_BOUND('',#1443,.T.);
#1130=FACE_OUTER_BOUND('',#1445,.T.);
#1131=FACE_OUTER_BOUND('',#1446,.T.);
#1132=FACE_OUTER_BOUND('',#1447,.T.);
#1133=FACE_OUTER_BOUND('',#1449,.T.);
#1134=FACE_OUTER_BOUND('',#1450,.T.);
#1135=FACE_OUTER_BOUND('',#1451,.T.);
#1136=FACE_OUTER_BOUND('',#1453,.T.);
#1137=FACE_OUTER_BOUND('',#1454,.T.);
#1138=FACE_OUTER_BOUND('',#1455,.T.);
#1139=FACE_OUTER_BOUND('',#1457,.T.);
#1140=FACE_OUTER_BOUND('',#1458,.T.);
#1141=FACE_OUTER_BOUND('',#1459,.T.);
#1142=FACE_OUTER_BOUND('',#1460,.T.);
#1143=FACE_OUTER_BOUND('',#1462,.T.);
#1144=FACE_OUTER_BOUND('',#1463,.T.);
#1145=FACE_OUTER_BOUND('',#1464,.T.);
#1146=FACE_OUTER_BOUND('',#1465,.T.);
#1147=FACE_OUTER_BOUND('',#1466,.T.);
#1148=FACE_OUTER_BOUND('',#1467,.T.);
#1149=FACE_OUTER_BOUND('',#1468,.T.);
#1150=FACE_OUTER_BOUND('',#1469,.T.);
#1151=FACE_OUTER_BOUND('',#1470,.T.);
#1152=FACE_OUTER_BOUND('',#1471,.T.);
#1153=FACE_OUTER_BOUND('',#1472,.T.);
#1154=FACE_OUTER_BOUND('',#1473,.T.);
#1155=FACE_OUTER_BOUND('',#1474,.T.);
#1156=FACE_OUTER_BOUND('',#1475,.T.);
#1157=FACE_OUTER_BOUND('',#1476,.T.);
#1158=FACE_OUTER_BOUND('',#1477,.T.);
#1159=FACE_OUTER_BOUND('',#1478,.T.);
#1160=FACE_OUTER_BOUND('',#1479,.T.);
#1161=FACE_OUTER_BOUND('',#1481,.T.);
#1162=FACE_OUTER_BOUND('',#1482,.T.);
#1163=FACE_OUTER_BOUND('',#1483,.T.);
#1164=FACE_OUTER_BOUND('',#1484,.T.);
#1165=FACE_OUTER_BOUND('',#1485,.T.);
#1166=FACE_OUTER_BOUND('',#1486,.T.);
#1167=FACE_OUTER_BOUND('',#1487,.T.);
#1168=FACE_OUTER_BOUND('',#1488,.T.);
#1169=FACE_OUTER_BOUND('',#1489,.T.);
#1170=FACE_OUTER_BOUND('',#1490,.T.);
#1171=FACE_OUTER_BOUND('',#1492,.T.);
#1172=FACE_OUTER_BOUND('',#1493,.T.);
#1173=FACE_OUTER_BOUND('',#1494,.T.);
#1174=FACE_OUTER_BOUND('',#1495,.T.);
#1175=FACE_OUTER_BOUND('',#1496,.T.);
#1176=FACE_OUTER_BOUND('',#1497,.T.);
#1177=FACE_OUTER_BOUND('',#1498,.T.);
#1178=EDGE_LOOP('',(#3098,#3099,#3100,#3101));
#1179=EDGE_LOOP('',(#3102,#3103,#3104,#3105));
#1180=EDGE_LOOP('',(#3106,#3107,#3108,#3109));
#1181=EDGE_LOOP('',(#3110,#3111,#3112,#3113));
#1182=EDGE_LOOP('',(#3114,#3115,#3116,#3117));
#1183=EDGE_LOOP('',(#3118,#3119,#3120,#3121));
#1184=EDGE_LOOP('',(#3122,#3123,#3124,#3125));
#1185=EDGE_LOOP('',(#3126,#3127,#3128,#3129));
#1186=EDGE_LOOP('',(#3130,#3131,#3132,#3133));
#1187=EDGE_LOOP('',(#3134,#3135,#3136,#3137));
#1188=EDGE_LOOP('',(#3138,#3139,#3140,#3141));
#1189=EDGE_LOOP('',(#3142,#3143,#3144,#3145));
#1190=EDGE_LOOP('',(#3146,#3147,#3148,#3149));
#1191=EDGE_LOOP('',(#3150,#3151,#3152,#3153));
#1192=EDGE_LOOP('',(#3154,#3155,#3156,#3157));
#1193=EDGE_LOOP('',(#3158,#3159,#3160,#3161));
#1194=EDGE_LOOP('',(#3162,#3163,#3164,#3165));
#1195=EDGE_LOOP('',(#3166,#3167,#3168,#3169));
#1196=EDGE_LOOP('',(#3170,#3171,#3172,#3173));
#1197=EDGE_LOOP('',(#3174,#3175,#3176,#3177));
#1198=EDGE_LOOP('',(#3178,#3179,#3180,#3181));
#1199=EDGE_LOOP('',(#3182,#3183,#3184,#3185));
#1200=EDGE_LOOP('',(#3186,#3187,#3188,#3189));
#1201=EDGE_LOOP('',(#3190,#3191,#3192,#3193));
#1202=EDGE_LOOP('',(#3194,#3195,#3196,#3197));
#1203=EDGE_LOOP('',(#3198,#3199,#3200,#3201));
#1204=EDGE_LOOP('',(#3202,#3203,#3204,#3205));
#1205=EDGE_LOOP('',(#3206,#3207,#3208,#3209));
#1206=EDGE_LOOP('',(#3210,#3211,#3212,#3213));
#1207=EDGE_LOOP('',(#3214,#3215,#3216,#3217));
#1208=EDGE_LOOP('',(#3218,#3219,#3220,#3221));
#1209=EDGE_LOOP('',(#3222,#3223,#3224,#3225));
#1210=EDGE_LOOP('',(#3226,#3227,#3228,#3229));
#1211=EDGE_LOOP('',(#3230,#3231,#3232,#3233));
#1212=EDGE_LOOP('',(#3234,#3235,#3236,#3237));
#1213=EDGE_LOOP('',(#3238,#3239,#3240,#3241));
#1214=EDGE_LOOP('',(#3242,#3243,#3244,#3245));
#1215=EDGE_LOOP('',(#3246,#3247,#3248,#3249));
#1216=EDGE_LOOP('',(#3250,#3251,#3252,#3253));
#1217=EDGE_LOOP('',(#3254,#3255,#3256,#3257));
#1218=EDGE_LOOP('',(#3258,#3259,#3260,#3261));
#1219=EDGE_LOOP('',(#3262,#3263,#3264,#3265));
#1220=EDGE_LOOP('',(#3266,#3267,#3268,#3269));
#1221=EDGE_LOOP('',(#3270,#3271,#3272,#3273));
#1222=EDGE_LOOP('',(#3274,#3275,#3276,#3277));
#1223=EDGE_LOOP('',(#3278,#3279,#3280,#3281));
#1224=EDGE_LOOP('',(#3282,#3283,#3284,#3285));
#1225=EDGE_LOOP('',(#3286,#3287,#3288,#3289));
#1226=EDGE_LOOP('',(#3290,#3291,#3292,#3293));
#1227=EDGE_LOOP('',(#3294,#3295,#3296));
#1228=EDGE_LOOP('',(#3297,#3298,#3299,#3300));
#1229=EDGE_LOOP('',(#3301,#3302,#3303,#3304));
#1230=EDGE_LOOP('',(#3305,#3306,#3307,#3308));
#1231=EDGE_LOOP('',(#3309,#3310,#3311));
#1232=EDGE_LOOP('',(#3312,#3313,#3314,#3315));
#1233=EDGE_LOOP('',(#3316,#3317,#3318));
#1234=EDGE_LOOP('',(#3319,#3320,#3321,#3322));
#1235=EDGE_LOOP('',(#3323,#3324,#3325));
#1236=EDGE_LOOP('',(#3326,#3327,#3328,#3329));
#1237=EDGE_LOOP('',(#3330,#3331,#3332,#3333));
#1238=EDGE_LOOP('',(#3334,#3335,#3336));
#1239=EDGE_LOOP('',(#3337,#3338,#3339,#3340));
#1240=EDGE_LOOP('',(#3341,#3342,#3343,#3344));
#1241=EDGE_LOOP('',(#3345,#3346,#3347));
#1242=EDGE_LOOP('',(#3348,#3349,#3350,#3351));
#1243=EDGE_LOOP('',(#3352,#3353,#3354));
#1244=EDGE_LOOP('',(#3355,#3356,#3357));
#1245=EDGE_LOOP('',(#3358,#3359,#3360,#3361));
#1246=EDGE_LOOP('',(#3362,#3363,#3364));
#1247=EDGE_LOOP('',(#3365,#3366,#3367,#3368));
#1248=EDGE_LOOP('',(#3369,#3370,#3371,#3372));
#1249=EDGE_LOOP('',(#3373,#3374,#3375,#3376));
#1250=EDGE_LOOP('',(#3377,#3378,#3379,#3380));
#1251=EDGE_LOOP('',(#3381,#3382,#3383));
#1252=EDGE_LOOP('',(#3384,#3385,#3386,#3387));
#1253=EDGE_LOOP('',(#3388,#3389,#3390,#3391));
#1254=EDGE_LOOP('',(#3392,#3393,#3394));
#1255=EDGE_LOOP('',(#3395,#3396,#3397,#3398));
#1256=EDGE_LOOP('',(#3399,#3400,#3401));
#1257=EDGE_LOOP('',(#3402,#3403,#3404,#3405));
#1258=EDGE_LOOP('',(#3406,#3407,#3408,#3409));
#1259=EDGE_LOOP('',(#3410,#3411,#3412,#3413));
#1260=EDGE_LOOP('',(#3414,#3415,#3416));
#1261=EDGE_LOOP('',(#3417,#3418,#3419,#3420));
#1262=EDGE_LOOP('',(#3421,#3422,#3423));
#1263=EDGE_LOOP('',(#3424,#3425,#3426,#3427));
#1264=EDGE_LOOP('',(#3428,#3429,#3430));
#1265=EDGE_LOOP('',(#3431,#3432,#3433,#3434));
#1266=EDGE_LOOP('',(#3435,#3436,#3437,#3438));
#1267=EDGE_LOOP('',(#3439,#3440,#3441,#3442));
#1268=EDGE_LOOP('',(#3443,#3444,#3445,#3446));
#1269=EDGE_LOOP('',(#3447,#3448,#3449,#3450));
#1270=EDGE_LOOP('',(#3451,#3452,#3453,#3454));
#1271=EDGE_LOOP('',(#3455,#3456,#3457,#3458));
#1272=EDGE_LOOP('',(#3459,#3460,#3461,#3462));
#1273=EDGE_LOOP('',(#3463,#3464,#3465,#3466));
#1274=EDGE_LOOP('',(#3467,#3468,#3469,#3470));
#1275=EDGE_LOOP('',(#3471,#3472,#3473));
#1276=EDGE_LOOP('',(#3474,#3475,#3476,#3477));
#1277=EDGE_LOOP('',(#3478,#3479,#3480));
#1278=EDGE_LOOP('',(#3481,#3482,#3483,#3484));
#1279=EDGE_LOOP('',(#3485,#3486,#3487));
#1280=EDGE_LOOP('',(#3488,#3489,#3490,#3491));
#1281=EDGE_LOOP('',(#3492,#3493,#3494,#3495));
#1282=EDGE_LOOP('',(#3496,#3497,#3498,#3499));
#1283=EDGE_LOOP('',(#3500,#3501,#3502,#3503));
#1284=EDGE_LOOP('',(#3504,#3505,#3506,#3507));
#1285=EDGE_LOOP('',(#3508,#3509,#3510,#3511));
#1286=EDGE_LOOP('',(#3512,#3513,#3514,#3515));
#1287=EDGE_LOOP('',(#3516,#3517,#3518,#3519));
#1288=EDGE_LOOP('',(#3520,#3521,#3522,#3523));
#1289=EDGE_LOOP('',(#3524,#3525,#3526,#3527));
#1290=EDGE_LOOP('',(#3528,#3529,#3530,#3531));
#1291=EDGE_LOOP('',(#3532,#3533,#3534,#3535));
#1292=EDGE_LOOP('',(#3536,#3537,#3538,#3539));
#1293=EDGE_LOOP('',(#3540,#3541,#3542,#3543));
#1294=EDGE_LOOP('',(#3544,#3545,#3546,#3547));
#1295=EDGE_LOOP('',(#3548,#3549,#3550,#3551));
#1296=EDGE_LOOP('',(#3552,#3553,#3554,#3555));
#1297=EDGE_LOOP('',(#3556,#3557,#3558,#3559));
#1298=EDGE_LOOP('',(#3560,#3561,#3562,#3563));
#1299=EDGE_LOOP('',(#3564,#3565,#3566,#3567));
#1300=EDGE_LOOP('',(#3568,#3569,#3570,#3571));
#1301=EDGE_LOOP('',(#3572,#3573,#3574,#3575));
#1302=EDGE_LOOP('',(#3576,#3577,#3578,#3579));
#1303=EDGE_LOOP('',(#3580,#3581,#3582,#3583));
#1304=EDGE_LOOP('',(#3584,#3585,#3586,#3587));
#1305=EDGE_LOOP('',(#3588,#3589,#3590,#3591));
#1306=EDGE_LOOP('',(#3592,#3593,#3594,#3595));
#1307=EDGE_LOOP('',(#3596,#3597,#3598,#3599,#3600));
#1308=EDGE_LOOP('',(#3601,#3602,#3603,#3604,#3605));
#1309=EDGE_LOOP('',(#3606,#3607,#3608,#3609));
#1310=EDGE_LOOP('',(#3610,#3611,#3612,#3613));
#1311=EDGE_LOOP('',(#3614,#3615,#3616));
#1312=EDGE_LOOP('',(#3617,#3618,#3619,#3620));
#1313=EDGE_LOOP('',(#3621,#3622,#3623,#3624));
#1314=EDGE_LOOP('',(#3625,#3626,#3627));
#1315=EDGE_LOOP('',(#3628,#3629,#3630,#3631));
#1316=EDGE_LOOP('',(#3632,#3633,#3634,#3635));
#1317=EDGE_LOOP('',(#3636,#3637,#3638));
#1318=EDGE_LOOP('',(#3639,#3640,#3641));
#1319=EDGE_LOOP('',(#3642,#3643,#3644,#3645));
#1320=EDGE_LOOP('',(#3646,#3647,#3648,#3649));
#1321=EDGE_LOOP('',(#3650,#3651,#3652,#3653));
#1322=EDGE_LOOP('',(#3654,#3655,#3656,#3657));
#1323=EDGE_LOOP('',(#3658,#3659,#3660,#3661));
#1324=EDGE_LOOP('',(#3662,#3663,#3664,#3665));
#1325=EDGE_LOOP('',(#3666,#3667,#3668,#3669));
#1326=EDGE_LOOP('',(#3670,#3671,#3672,#3673));
#1327=EDGE_LOOP('',(#3674,#3675,#3676,#3677));
#1328=EDGE_LOOP('',(#3678,#3679,#3680,#3681));
#1329=EDGE_LOOP('',(#3682,#3683,#3684,#3685));
#1330=EDGE_LOOP('',(#3686,#3687,#3688,#3689));
#1331=EDGE_LOOP('',(#3690,#3691,#3692,#3693));
#1332=EDGE_LOOP('',(#3694,#3695,#3696,#3697));
#1333=EDGE_LOOP('',(#3698,#3699,#3700,#3701));
#1334=EDGE_LOOP('',(#3702,#3703,#3704,#3705));
#1335=EDGE_LOOP('',(#3706,#3707,#3708,#3709));
#1336=EDGE_LOOP('',(#3710,#3711,#3712,#3713));
#1337=EDGE_LOOP('',(#3714,#3715,#3716,#3717));
#1338=EDGE_LOOP('',(#3718,#3719,#3720,#3721,#3722,#3723));
#1339=EDGE_LOOP('',(#3724,#3725,#3726,#3727,#3728));
#1340=EDGE_LOOP('',(#3729,#3730,#3731,#3732,#3733));
#1341=EDGE_LOOP('',(#3734,#3735,#3736,#3737));
#1342=EDGE_LOOP('',(#3738,#3739,#3740));
#1343=EDGE_LOOP('',(#3741,#3742,#3743,#3744));
#1344=EDGE_LOOP('',(#3745,#3746,#3747,#3748));
#1345=EDGE_LOOP('',(#3749,#3750,#3751));
#1346=EDGE_LOOP('',(#3752,#3753,#3754,#3755));
#1347=EDGE_LOOP('',(#3756,#3757,#3758,#3759));
#1348=EDGE_LOOP('',(#3760,#3761,#3762,#3763));
#1349=EDGE_LOOP('',(#3764,#3765,#3766,#3767));
#1350=EDGE_LOOP('',(#3768,#3769,#3770,#3771));
#1351=EDGE_LOOP('',(#3772,#3773,#3774,#3775));
#1352=EDGE_LOOP('',(#3776,#3777,#3778,#3779));
#1353=EDGE_LOOP('',(#3780,#3781,#3782,#3783,#3784));
#1354=EDGE_LOOP('',(#3785,#3786,#3787,#3788));
#1355=EDGE_LOOP('',(#3789,#3790,#3791,#3792));
#1356=EDGE_LOOP('',(#3793,#3794,#3795,#3796));
#1357=EDGE_LOOP('',(#3797,#3798,#3799,#3800));
#1358=EDGE_LOOP('',(#3801,#3802,#3803,#3804));
#1359=EDGE_LOOP('',(#3805,#3806,#3807,#3808));
#1360=EDGE_LOOP('',(#3809,#3810,#3811,#3812));
#1361=EDGE_LOOP('',(#3813,#3814,#3815,#3816));
#1362=EDGE_LOOP('',(#3817,#3818,#3819,#3820));
#1363=EDGE_LOOP('',(#3821,#3822,#3823,#3824));
#1364=EDGE_LOOP('',(#3825,#3826,#3827));
#1365=EDGE_LOOP('',(#3828,#3829,#3830,#3831));
#1366=EDGE_LOOP('',(#3832,#3833,#3834,#3835));
#1367=EDGE_LOOP('',(#3836,#3837,#3838));
#1368=EDGE_LOOP('',(#3839,#3840,#3841,#3842));
#1369=EDGE_LOOP('',(#3843,#3844,#3845,#3846));
#1370=EDGE_LOOP('',(#3847,#3848,#3849,#3850));
#1371=EDGE_LOOP('',(#3851,#3852,#3853,#3854));
#1372=EDGE_LOOP('',(#3855,#3856,#3857,#3858));
#1373=EDGE_LOOP('',(#3859,#3860,#3861,#3862));
#1374=EDGE_LOOP('',(#3863,#3864,#3865,#3866));
#1375=EDGE_LOOP('',(#3867,#3868,#3869,#3870));
#1376=EDGE_LOOP('',(#3871,#3872,#3873,#3874,#3875));
#1377=EDGE_LOOP('',(#3876,#3877,#3878,#3879));
#1378=EDGE_LOOP('',(#3880,#3881,#3882,#3883));
#1379=EDGE_LOOP('',(#3884,#3885,#3886,#3887));
#1380=EDGE_LOOP('',(#3888,#3889,#3890,#3891,#3892));
#1381=EDGE_LOOP('',(#3893,#3894,#3895,#3896,#3897));
#1382=EDGE_LOOP('',(#3898,#3899,#3900,#3901,#3902));
#1383=EDGE_LOOP('',(#3903,#3904,#3905,#3906,#3907,#3908));
#1384=EDGE_LOOP('',(#3909,#3910,#3911,#3912,#3913));
#1385=EDGE_LOOP('',(#3914,#3915,#3916,#3917));
#1386=EDGE_LOOP('',(#3918,#3919,#3920,#3921));
#1387=EDGE_LOOP('',(#3922,#3923,#3924,#3925));
#1388=EDGE_LOOP('',(#3926,#3927,#3928,#3929));
#1389=EDGE_LOOP('',(#3930,#3931,#3932,#3933,#3934));
#1390=EDGE_LOOP('',(#3935,#3936,#3937,#3938,#3939));
#1391=EDGE_LOOP('',(#3940,#3941,#3942,#3943,#3944));
#1392=EDGE_LOOP('',(#3945,#3946,#3947,#3948,#3949,#3950));
#1393=EDGE_LOOP('',(#3951,#3952,#3953,#3954,#3955));
#1394=EDGE_LOOP('',(#3956,#3957,#3958,#3959,#3960));
#1395=EDGE_LOOP('',(#3961,#3962,#3963,#3964,#3965));
#1396=EDGE_LOOP('',(#3966,#3967,#3968,#3969));
#1397=EDGE_LOOP('',(#3970,#3971,#3972,#3973));
#1398=EDGE_LOOP('',(#3974,#3975,#3976,#3977));
#1399=EDGE_LOOP('',(#3978,#3979,#3980,#3981));
#1400=EDGE_LOOP('',(#3982,#3983,#3984,#3985));
#1401=EDGE_LOOP('',(#3986,#3987,#3988,#3989));
#1402=EDGE_LOOP('',(#3990,#3991,#3992,#3993));
#1403=EDGE_LOOP('',(#3994,#3995,#3996,#3997));
#1404=EDGE_LOOP('',(#3998,#3999,#4000,#4001));
#1405=EDGE_LOOP('',(#4002,#4003,#4004,#4005));
#1406=EDGE_LOOP('',(#4006,#4007,#4008,#4009,#4010));
#1407=EDGE_LOOP('',(#4011,#4012,#4013,#4014,#4015));
#1408=EDGE_LOOP('',(#4016,#4017,#4018,#4019));
#1409=EDGE_LOOP('',(#4020,#4021,#4022,#4023));
#1410=EDGE_LOOP('',(#4024,#4025,#4026,#4027));
#1411=EDGE_LOOP('',(#4028,#4029,#4030,#4031));
#1412=EDGE_LOOP('',(#4032,#4033,#4034,#4035));
#1413=EDGE_LOOP('',(#4036,#4037,#4038,#4039));
#1414=EDGE_LOOP('',(#4040,#4041,#4042,#4043));
#1415=EDGE_LOOP('',(#4044,#4045,#4046,#4047));
#1416=EDGE_LOOP('',(#4048,#4049,#4050,#4051));
#1417=EDGE_LOOP('',(#4052,#4053,#4054,#4055));
#1418=EDGE_LOOP('',(#4056,#4057,#4058,#4059));
#1419=EDGE_LOOP('',(#4060,#4061,#4062,#4063));
#1420=EDGE_LOOP('',(#4064,#4065,#4066,#4067));
#1421=EDGE_LOOP('',(#4068,#4069,#4070,#4071));
#1422=EDGE_LOOP('',(#4072,#4073,#4074,#4075));
#1423=EDGE_LOOP('',(#4076,#4077,#4078,#4079));
#1424=EDGE_LOOP('',(#4080,#4081,#4082,#4083));
#1425=EDGE_LOOP('',(#4084,#4085,#4086,#4087));
#1426=EDGE_LOOP('',(#4088,#4089,#4090,#4091));
#1427=EDGE_LOOP('',(#4092,#4093,#4094,#4095));
#1428=EDGE_LOOP('',(#4096,#4097,#4098,#4099));
#1429=EDGE_LOOP('',(#4100,#4101,#4102,#4103));
#1430=EDGE_LOOP('',(#4104,#4105,#4106,#4107));
#1431=EDGE_LOOP('',(#4108,#4109,#4110,#4111));
#1432=EDGE_LOOP('',(#4112,#4113,#4114,#4115));
#1433=EDGE_LOOP('',(#4116,#4117,#4118,#4119));
#1434=EDGE_LOOP('',(#4120,#4121,#4122,#4123));
#1435=EDGE_LOOP('',(#4124,#4125,#4126,#4127));
#1436=EDGE_LOOP('',(#4128,#4129,#4130,#4131,#4132,#4133,#4134,#4135,#4136,
#4137,#4138,#4139));
#1437=EDGE_LOOP('',(#4140,#4141,#4142,#4143));
#1438=EDGE_LOOP('',(#4144,#4145,#4146,#4147,#4148,#4149,#4150,#4151));
#1439=EDGE_LOOP('',(#4152));
#1440=EDGE_LOOP('',(#4153,#4154,#4155,#4156));
#1441=EDGE_LOOP('',(#4157,#4158,#4159,#4160,#4161,#4162,#4163,#4164,#4165,
#4166));
#1442=EDGE_LOOP('',(#4167,#4168,#4169,#4170));
#1443=EDGE_LOOP('',(#4171,#4172,#4173,#4174,#4175,#4176,#4177,#4178));
#1444=EDGE_LOOP('',(#4179));
#1445=EDGE_LOOP('',(#4180,#4181,#4182,#4183));
#1446=EDGE_LOOP('',(#4184,#4185,#4186,#4187));
#1447=EDGE_LOOP('',(#4188,#4189,#4190,#4191));
#1448=EDGE_LOOP('',(#4192));
#1449=EDGE_LOOP('',(#4193,#4194,#4195,#4196));
#1450=EDGE_LOOP('',(#4197,#4198,#4199,#4200));
#1451=EDGE_LOOP('',(#4201,#4202,#4203,#4204));
#1452=EDGE_LOOP('',(#4205));
#1453=EDGE_LOOP('',(#4206,#4207,#4208,#4209,#4210,#4211,#4212,#4213,#4214,
#4215,#4216,#4217,#4218,#4219,#4220,#4221));
#1454=EDGE_LOOP('',(#4222,#4223,#4224,#4225,#4226,#4227));
#1455=EDGE_LOOP('',(#4228,#4229,#4230,#4231));
#1456=EDGE_LOOP('',(#4232));
#1457=EDGE_LOOP('',(#4233,#4234,#4235,#4236,#4237,#4238,#4239,#4240,#4241,
#4242));
#1458=EDGE_LOOP('',(#4243,#4244,#4245,#4246,#4247,#4248,#4249));
#1459=EDGE_LOOP('',(#4250,#4251,#4252,#4253,#4254,#4255,#4256));
#1460=EDGE_LOOP('',(#4257,#4258,#4259,#4260));
#1461=EDGE_LOOP('',(#4261,#4262,#4263,#4264,#4265,#4266,#4267,#4268,#4269,
#4270,#4271,#4272,#4273,#4274));
#1462=EDGE_LOOP('',(#4275,#4276,#4277,#4278,#4279,#4280,#4281,#4282));
#1463=EDGE_LOOP('',(#4283,#4284,#4285,#4286,#4287,#4288,#4289,#4290));
#1464=EDGE_LOOP('',(#4291,#4292,#4293,#4294,#4295,#4296));
#1465=EDGE_LOOP('',(#4297,#4298,#4299,#4300,#4301,#4302));
#1466=EDGE_LOOP('',(#4303,#4304,#4305,#4306,#4307,#4308));
#1467=EDGE_LOOP('',(#4309,#4310,#4311,#4312,#4313,#4314,#4315,#4316));
#1468=EDGE_LOOP('',(#4317,#4318,#4319,#4320,#4321,#4322,#4323,#4324));
#1469=EDGE_LOOP('',(#4325,#4326,#4327,#4328,#4329,#4330,#4331,#4332,#4333,
#4334));
#1470=EDGE_LOOP('',(#4335,#4336,#4337,#4338));
#1471=EDGE_LOOP('',(#4339,#4340,#4341,#4342,#4343,#4344,#4345));
#1472=EDGE_LOOP('',(#4346,#4347,#4348,#4349,#4350,#4351));
#1473=EDGE_LOOP('',(#4352,#4353,#4354,#4355,#4356,#4357));
#1474=EDGE_LOOP('',(#4358,#4359,#4360,#4361,#4362,#4363,#4364,#4365));
#1475=EDGE_LOOP('',(#4366,#4367,#4368,#4369,#4370,#4371,#4372,#4373));
#1476=EDGE_LOOP('',(#4374,#4375,#4376,#4377,#4378,#4379,#4380,#4381,#4382,
#4383,#4384,#4385,#4386,#4387,#4388,#4389));
#1477=EDGE_LOOP('',(#4390,#4391,#4392,#4393,#4394,#4395,#4396,#4397,#4398,
#4399));
#1478=EDGE_LOOP('',(#4400,#4401,#4402,#4403,#4404,#4405,#4406,#4407,#4408,
#4409,#4410,#4411));
#1479=EDGE_LOOP('',(#4412,#4413,#4414,#4415));
#1480=EDGE_LOOP('',(#4416));
#1481=EDGE_LOOP('',(#4417,#4418,#4419,#4420,#4421,#4422,#4423,#4424,#4425,
#4426,#4427,#4428,#4429,#4430));
#1482=EDGE_LOOP('',(#4431,#4432,#4433,#4434,#4435,#4436,#4437,#4438,#4439,
#4440,#4441,#4442));
#1483=EDGE_LOOP('',(#4443,#4444,#4445,#4446,#4447,#4448,#4449));
#1484=EDGE_LOOP('',(#4450,#4451,#4452,#4453));
#1485=EDGE_LOOP('',(#4454,#4455,#4456,#4457));
#1486=EDGE_LOOP('',(#4458,#4459,#4460,#4461));
#1487=EDGE_LOOP('',(#4462,#4463,#4464,#4465,#4466,#4467,#4468,#4469,#4470,
#4471,#4472,#4473));
#1488=EDGE_LOOP('',(#4474,#4475,#4476,#4477));
#1489=EDGE_LOOP('',(#4478,#4479,#4480,#4481,#4482,#4483,#4484,#4485,#4486,
#4487,#4488,#4489,#4490,#4491,#4492,#4493,#4494,#4495,#4496,#4497,#4498,
#4499));
#1490=EDGE_LOOP('',(#4500,#4501,#4502,#4503,#4504,#4505,#4506,#4507));
#1491=EDGE_LOOP('',(#4508));
#1492=EDGE_LOOP('',(#4509,#4510,#4511,#4512));
#1493=EDGE_LOOP('',(#4513,#4514,#4515,#4516));
#1494=EDGE_LOOP('',(#4517,#4518,#4519,#4520));
#1495=EDGE_LOOP('',(#4521,#4522,#4523,#4524,#4525,#4526,#4527,#4528,#4529,
#4530,#4531,#4532,#4533,#4534,#4535,#4536,#4537,#4538,#4539,#4540,#4541,
#4542));
#1496=EDGE_LOOP('',(#4543,#4544,#4545,#4546,#4547,#4548,#4549,#4550,#4551,
#4552));
#1497=EDGE_LOOP('',(#4553,#4554,#4555,#4556));
#1498=EDGE_LOOP('',(#4557,#4558,#4559,#4560,#4561,#4562,#4563,#4564));
#1499=EDGE_LOOP('',(#4565));
#1500=CIRCLE('',#4941,0.999848988597778);
#1501=CIRCLE('',#4942,1.);
#1502=CIRCLE('',#4943,1.);
#1503=CIRCLE('',#4944,0.999848988597778);
#1504=CIRCLE('',#4945,0.999848988597778);
#1505=CIRCLE('',#4946,1.);
#1506=CIRCLE('',#4947,0.999999999999996);
#1507=CIRCLE('',#4948,0.999848988597778);
#1508=CIRCLE('',#4949,0.999848988597777);
#1509=CIRCLE('',#4950,0.999999999999996);
#1510=CIRCLE('',#4951,1.);
#1511=CIRCLE('',#4952,0.999848988597777);
#1512=CIRCLE('',#4953,0.999848988597778);
#1513=CIRCLE('',#4954,1.);
#1514=CIRCLE('',#4955,1.);
#1515=CIRCLE('',#4956,0.999848988597778);
#1516=CIRCLE('',#4957,0.999848988597778);
#1517=CIRCLE('',#4958,1.);
#1518=CIRCLE('',#4959,0.999999999999996);
#1519=CIRCLE('',#4960,0.999848988597778);
#1520=CIRCLE('',#4961,0.999848988597777);
#1521=CIRCLE('',#4962,0.999999999999996);
#1522=CIRCLE('',#4963,0.999848988597778);
#1523=CIRCLE('',#4964,1.);
#1524=CIRCLE('',#4965,1.);
#1525=CIRCLE('',#4966,0.999848988597778);
#1526=CIRCLE('',#4967,0.999848988597777);
#1527=CIRCLE('',#4968,1.);
#1528=CIRCLE('',#4969,0.999999999999996);
#1529=CIRCLE('',#4970,0.999848988597777);
#1530=CIRCLE('',#4971,0.999848988597773);
#1531=CIRCLE('',#4972,0.999999999999996);
#1532=CIRCLE('',#4973,1.);
#1533=CIRCLE('',#4974,0.999848988597773);
#1534=CIRCLE('',#4975,0.999848988597778);
#1535=CIRCLE('',#4976,1.);
#1536=CIRCLE('',#4977,1.);
#1537=CIRCLE('',#4978,0.999848988597778);
#1538=CIRCLE('',#4979,0.999848988597777);
#1539=CIRCLE('',#4980,1.);
#1540=CIRCLE('',#4981,0.999999999999996);
#1541=CIRCLE('',#4982,0.999848988597777);
#1542=CIRCLE('',#4983,0.999848988597773);
#1543=CIRCLE('',#4984,0.999999999999996);
#1544=CIRCLE('',#4985,0.999848988597778);
#1545=CIRCLE('',#4986,0.999999999999996);
#1546=CIRCLE('',#4987,1.);
#1547=CIRCLE('',#4988,0.999848988597778);
#1548=CIRCLE('',#4989,0.999848988597778);
#1549=CIRCLE('',#4990,1.);
#1550=CIRCLE('',#4991,0.999999999999996);
#1551=CIRCLE('',#4992,0.999848988597778);
#1552=CIRCLE('',#4993,0.999848988597776);
#1553=CIRCLE('',#4994,0.999999999999996);
#1554=CIRCLE('',#4995,0.999999999999996);
#1555=CIRCLE('',#4996,0.999848988597776);
#1556=CIRCLE('',#4997,0.999848988597778);
#1557=CIRCLE('',#4998,0.999999999999996);
#1558=CIRCLE('',#4999,1.);
#1559=CIRCLE('',#5000,0.999848988597778);
#1560=CIRCLE('',#5001,0.999848988597778);
#1561=CIRCLE('',#5002,1.);
#1562=CIRCLE('',#5003,0.999999999999996);
#1563=CIRCLE('',#5004,0.999848988597778);
#1564=CIRCLE('',#5005,0.999848988597776);
#1565=CIRCLE('',#5006,0.999999999999996);
#1566=CIRCLE('',#5007,0.999848988597778);
#1567=CIRCLE('',#5008,1.);
#1568=CIRCLE('',#5009,0.999999999999996);
#1569=CIRCLE('',#5010,0.999848988597778);
#1570=CIRCLE('',#5011,0.999848988597776);
#1571=CIRCLE('',#5012,0.999999999999996);
#1572=CIRCLE('',#5013,0.999999999999996);
#1573=CIRCLE('',#5014,0.999848988597776);
#1574=CIRCLE('',#5015,0.999848988597769);
#1575=CIRCLE('',#5016,0.999999999999996);
#1576=CIRCLE('',#5017,1.);
#1577=CIRCLE('',#5018,0.999848988597769);
#1578=CIRCLE('',#5019,0.999848988597778);
#1579=CIRCLE('',#5020,1.);
#1580=CIRCLE('',#5021,0.999999999999996);
#1581=CIRCLE('',#5022,0.999848988597778);
#1582=CIRCLE('',#5023,0.999848988597778);
#1583=CIRCLE('',#5024,0.999999999999996);
#1584=CIRCLE('',#5025,0.999999999999996);
#1585=CIRCLE('',#5026,0.999848988597778);
#1586=CIRCLE('',#5027,0.999848988597769);
#1587=CIRCLE('',#5028,0.999999999999996);
#1588=CIRCLE('',#5030,1.);
#1589=CIRCLE('',#5031,0.999999999999996);
#1590=CIRCLE('',#5032,2.);
#1591=CIRCLE('',#5033,1.);
#1592=CIRCLE('',#5035,1.);
#1593=CIRCLE('',#5036,1.);
#1594=CIRCLE('',#5037,2.);
#1595=CIRCLE('',#5038,1.);
#1596=CIRCLE('',#5040,1.);
#1597=CIRCLE('',#5042,1.);
#1598=CIRCLE('',#5043,0.999999999999996);
#1599=CIRCLE('',#5044,2.);
#1600=CIRCLE('',#5045,1.);
#1601=CIRCLE('',#5047,1.);
#1602=CIRCLE('',#5049,0.999999999999996);
#1603=CIRCLE('',#5050,1.);
#1604=CIRCLE('',#5051,1.);
#1605=CIRCLE('',#5054,1.);
#1606=CIRCLE('',#5055,0.999999999999996);
#1607=CIRCLE('',#5056,2.);
#1608=CIRCLE('',#5057,1.);
#1609=CIRCLE('',#5059,1.);
#1610=CIRCLE('',#5061,1.);
#1611=CIRCLE('',#5062,0.999999999999996);
#1612=CIRCLE('',#5063,1.);
#1613=CIRCLE('',#5065,1.);
#1614=CIRCLE('',#5067,0.999999999999996);
#1615=CIRCLE('',#5068,1.);
#1616=CIRCLE('',#5069,0.999999999999996);
#1617=CIRCLE('',#5072,0.999999999999999);
#1618=CIRCLE('',#5073,1.);
#1619=CIRCLE('',#5074,1.);
#1620=CIRCLE('',#5077,1.);
#1621=CIRCLE('',#5078,1.);
#1622=CIRCLE('',#5079,2.);
#1623=CIRCLE('',#5080,1.);
#1624=CIRCLE('',#5082,0.999999999999996);
#1625=CIRCLE('',#5083,1.);
#1626=CIRCLE('',#5084,1.);
#1627=CIRCLE('',#5086,1.);
#1628=CIRCLE('',#5088,1.);
#1629=CIRCLE('',#5089,0.999999999999996);
#1630=CIRCLE('',#5090,2.);
#1631=CIRCLE('',#5091,1.);
#1632=CIRCLE('',#5093,0.999999999999999);
#1633=CIRCLE('',#5094,0.999999999999996);
#1634=CIRCLE('',#5095,1.);
#1635=CIRCLE('',#5098,0.999999999999999);
#1636=CIRCLE('',#5099,0.999999999999996);
#1637=CIRCLE('',#5100,1.);
#1638=CIRCLE('',#5102,0.999999999999999);
#1639=CIRCLE('',#5103,0.999999999999996);
#1640=CIRCLE('',#5104,1.);
#1641=CIRCLE('',#5107,0.999999999999988);
#1642=CIRCLE('',#5108,1.);
#1643=CIRCLE('',#5109,1.);
#1644=CIRCLE('',#5111,1.);
#1645=CIRCLE('',#5114,1.);
#1646=CIRCLE('',#5115,0.999999999999996);
#1647=CIRCLE('',#5116,2.);
#1648=CIRCLE('',#5117,1.);
#1649=CIRCLE('',#5120,1.);
#1650=CIRCLE('',#5121,0.999999999999996);
#1651=CIRCLE('',#5122,0.999999999999996);
#1652=CIRCLE('',#5126,1.);
#1653=CIRCLE('',#5127,1.);
#1654=CIRCLE('',#5128,0.999999999999996);
#1655=CIRCLE('',#5131,1.);
#1656=CIRCLE('',#5132,1.);
#1657=CIRCLE('',#5133,1.);
#1658=CIRCLE('',#5137,0.999999999999996);
#1659=CIRCLE('',#5138,1.);
#1660=CIRCLE('',#5139,1.);
#1661=CIRCLE('',#5140,2.);
#1662=CIRCLE('',#5142,0.999999999999996);
#1663=CIRCLE('',#5143,1.);
#1664=CIRCLE('',#5144,1.);
#1665=CIRCLE('',#5146,1.);
#1666=CIRCLE('',#5147,0.999999999999996);
#1667=CIRCLE('',#5148,2.);
#1668=CIRCLE('',#5149,1.);
#1669=CIRCLE('',#5151,1.);
#1670=CIRCLE('',#5152,0.999999999999996);
#1671=CIRCLE('',#5153,1.);
#1672=CIRCLE('',#5155,1.);
#1673=CIRCLE('',#5157,0.999999999999996);
#1674=CIRCLE('',#5158,1.);
#1675=CIRCLE('',#5159,1.);
#1676=CIRCLE('',#5163,0.999999999999996);
#1677=CIRCLE('',#5164,1.);
#1678=CIRCLE('',#5165,1.99999999999999);
#1679=CIRCLE('',#5166,1.);
#1680=CIRCLE('',#5168,1.);
#1681=CIRCLE('',#5169,0.999999999999996);
#1682=CIRCLE('',#5170,2.);
#1683=CIRCLE('',#5171,1.);
#1684=CIRCLE('',#5173,1.);
#1685=CIRCLE('',#5174,1.);
#1686=CIRCLE('',#5175,2.);
#1687=CIRCLE('',#5176,1.);
#1688=CIRCLE('',#5178,0.999999999999996);
#1689=CIRCLE('',#5179,0.999999999999996);
#1690=CIRCLE('',#5180,1.99999999999999);
#1691=CIRCLE('',#5181,1.);
#1692=CIRCLE('',#5183,0.999999999999996);
#1693=CIRCLE('',#5184,1.);
#1694=CIRCLE('',#5185,1.99999999999999);
#1695=CIRCLE('',#5186,0.999999999999996);
#1696=CIRCLE('',#5188,1.);
#1697=CIRCLE('',#5189,0.999999999999996);
#1698=CIRCLE('',#5190,2.);
#1699=CIRCLE('',#5191,0.999999999999996);
#1700=CIRCLE('',#5194,1.);
#1701=CIRCLE('',#5195,0.999999999999996);
#1702=CIRCLE('',#5196,2.);
#1703=CIRCLE('',#5197,1.);
#1704=CIRCLE('',#5199,1.);
#1705=CIRCLE('',#5200,1.);
#1706=CIRCLE('',#5201,1.);
#1707=CIRCLE('',#5203,1.);
#1708=CIRCLE('',#5205,0.999999999999996);
#1709=CIRCLE('',#5206,1.);
#1710=CIRCLE('',#5207,1.);
#1711=CIRCLE('',#5210,1.);
#1712=CIRCLE('',#5211,1.);
#1713=CIRCLE('',#5212,0.999999999999996);
#1714=CIRCLE('',#5214,1.);
#1715=CIRCLE('',#5215,1.);
#1716=CIRCLE('',#5216,2.);
#1717=CIRCLE('',#5217,0.999999999999999);
#1718=CIRCLE('',#5219,1.);
#1719=CIRCLE('',#5220,1.);
#1720=CIRCLE('',#5221,2.);
#1721=CIRCLE('',#5222,1.);
#1722=CIRCLE('',#5224,1.);
#1723=CIRCLE('',#5225,1.);
#1724=CIRCLE('',#5226,1.);
#1725=CIRCLE('',#5227,2.);
#1726=CIRCLE('',#5229,0.999999999999999);
#1727=CIRCLE('',#5230,0.999999999999996);
#1728=CIRCLE('',#5231,1.);
#1729=CIRCLE('',#5232,2.);
#1730=CIRCLE('',#5235,1.);
#1731=CIRCLE('',#5236,1.);
#1732=CIRCLE('',#5237,2.);
#1733=CIRCLE('',#5238,1.);
#1734=CIRCLE('',#5240,1.);
#1735=CIRCLE('',#5241,0.999999999999996);
#1736=CIRCLE('',#5242,2.);
#1737=CIRCLE('',#5243,1.);
#1738=CIRCLE('',#5246,2.);
#1739=CIRCLE('',#5247,0.999999999999996);
#1740=CIRCLE('',#5248,1.);
#1741=CIRCLE('',#5249,1.);
#1742=CIRCLE('',#5251,0.999999999999996);
#1743=CIRCLE('',#5252,0.999999999999996);
#1744=CIRCLE('',#5253,1.99999999999999);
#1745=CIRCLE('',#5254,1.);
#1746=CIRCLE('',#5258,1.);
#1747=CIRCLE('',#5259,0.999999999999996);
#1748=CIRCLE('',#5260,2.);
#1749=CIRCLE('',#5261,1.);
#1750=CIRCLE('',#5264,1.);
#1751=CIRCLE('',#5265,0.999999999999996);
#1752=CIRCLE('',#5266,2.);
#1753=CIRCLE('',#5267,0.999999999999996);
#1754=CIRCLE('',#5269,0.999999999999996);
#1755=CIRCLE('',#5270,1.);
#1756=CIRCLE('',#5271,1.99999999999999);
#1757=CIRCLE('',#5272,0.999999999999996);
#1758=CIRCLE('',#5275,1.);
#1759=CIRCLE('',#5276,1.);
#1760=CIRCLE('',#5277,2.);
#1761=CIRCLE('',#5278,0.999999999999996);
#1762=CIRCLE('',#5282,2.);
#1763=CIRCLE('',#5283,1.);
#1764=CIRCLE('',#5284,1.);
#1765=CIRCLE('',#5285,0.999999999999996);
#1766=CIRCLE('',#5287,1.);
#1767=CIRCLE('',#5288,0.999999999999996);
#1768=CIRCLE('',#5289,2.);
#1769=CIRCLE('',#5290,1.);
#1770=CIRCLE('',#5294,1.);
#1771=CIRCLE('',#5295,1.);
#1772=CIRCLE('',#5296,1.);
#1773=CIRCLE('',#5297,2.);
#1774=CIRCLE('',#5299,1.);
#1775=CIRCLE('',#5300,0.999848988597769);
#1776=CIRCLE('',#5304,1.);
#1777=CIRCLE('',#5305,1.);
#1778=CIRCLE('',#5306,2.);
#1779=CIRCLE('',#5307,1.);
#1780=CIRCLE('',#5310,1.);
#1781=CIRCLE('',#5311,1.);
#1782=CIRCLE('',#5312,1.);
#1783=CIRCLE('',#5314,1.);
#1784=CIRCLE('',#5317,1.);
#1785=CIRCLE('',#5318,1.);
#1786=CIRCLE('',#5319,1.);
#1787=CIRCLE('',#5323,1.);
#1788=CIRCLE('',#5324,1.);
#1789=CIRCLE('',#5325,1.);
#1790=CIRCLE('',#5327,0.999999999999999);
#1791=CIRCLE('',#5328,1.);
#1792=CIRCLE('',#5329,1.);
#1793=CIRCLE('',#5332,1.);
#1794=CIRCLE('',#5333,1.);
#1795=CIRCLE('',#5334,2.);
#1796=CIRCLE('',#5335,1.);
#1797=CIRCLE('',#5337,1.);
#1798=CIRCLE('',#5339,1.);
#1799=CIRCLE('',#5340,1.);
#1800=CIRCLE('',#5341,1.);
#1801=CIRCLE('',#5342,2.);
#1802=CIRCLE('',#5346,1.);
#1803=CIRCLE('',#5347,1.);
#1804=CIRCLE('',#5348,1.);
#1805=CIRCLE('',#5349,2.);
#1806=CIRCLE('',#5352,2.);
#1807=CIRCLE('',#5353,1.);
#1808=CIRCLE('',#5354,1.);
#1809=CIRCLE('',#5355,1.);
#1810=CIRCLE('',#5358,0.999999999999996);
#1811=CIRCLE('',#5359,0.999999999999999);
#1812=CIRCLE('',#5360,1.99999999999999);
#1813=CIRCLE('',#5361,1.);
#1814=CIRCLE('',#5365,2.);
#1815=CIRCLE('',#5366,1.);
#1816=CIRCLE('',#5367,1.);
#1817=CIRCLE('',#5368,0.999999999999996);
#1818=CIRCLE('',#5371,2.);
#1819=CIRCLE('',#5372,1.);
#1820=CIRCLE('',#5373,1.);
#1821=CIRCLE('',#5374,1.);
#1822=CIRCLE('',#5376,1.);
#1823=CIRCLE('',#5377,0.999999999999996);
#1824=CIRCLE('',#5378,2.);
#1825=CIRCLE('',#5379,1.);
#1826=CIRCLE('',#5380,0.999999999999996);
#1827=CIRCLE('',#5381,0.999848988597776);
#1828=CIRCLE('',#5382,1.);
#1829=CIRCLE('',#5383,0.999848988597773);
#1830=CIRCLE('',#5388,1.);
#1831=CIRCLE('',#5389,1.);
#1832=CIRCLE('',#5390,2.);
#1833=CIRCLE('',#5391,1.);
#1834=CIRCLE('',#5393,1.);
#1835=CIRCLE('',#5394,1.);
#1836=CIRCLE('',#5395,1.);
#1837=CIRCLE('',#5399,0.999999999999999);
#1838=CIRCLE('',#5400,1.);
#1839=CIRCLE('',#5401,1.);
#1840=CIRCLE('',#5404,1.);
#1841=CIRCLE('',#5405,1.);
#1842=CIRCLE('',#5406,2.);
#1843=CIRCLE('',#5407,1.);
#1844=CIRCLE('',#5411,1.);
#1845=CIRCLE('',#5412,1.);
#1846=CIRCLE('',#5413,2.);
#1847=CIRCLE('',#5414,1.);
#1848=CIRCLE('',#5416,1.);
#1849=CIRCLE('',#5417,0.999848988597777);
#1850=CIRCLE('',#5420,0.999999999999996);
#1851=CIRCLE('',#5421,1.);
#1852=CIRCLE('',#5422,1.99999999999999);
#1853=CIRCLE('',#5423,1.);
#1854=CIRCLE('',#5425,1.);
#1855=CIRCLE('',#5426,1.);
#1856=CIRCLE('',#5427,2.);
#1857=CIRCLE('',#5428,1.);
#1858=CIRCLE('',#5432,2.);
#1859=CIRCLE('',#5433,1.);
#1860=CIRCLE('',#5434,1.);
#1861=CIRCLE('',#5435,1.);
#1862=CIRCLE('',#5437,1.);
#1863=CIRCLE('',#5438,1.);
#1864=CIRCLE('',#5439,2.);
#1865=CIRCLE('',#5440,0.999999999999996);
#1866=CIRCLE('',#5442,1.);
#1867=CIRCLE('',#5443,1.);
#1868=CIRCLE('',#5444,2.);
#1869=CIRCLE('',#5445,1.);
#1870=CIRCLE('',#5447,1.);
#1871=CIRCLE('',#5448,1.);
#1872=CIRCLE('',#5449,2.);
#1873=CIRCLE('',#5450,1.);
#1874=CIRCLE('',#5452,1.);
#1875=CIRCLE('',#5453,1.);
#1876=CIRCLE('',#5454,2.);
#1877=CIRCLE('',#5455,1.);
#1878=CIRCLE('',#5458,1.);
#1879=CIRCLE('',#5459,1.);
#1880=CIRCLE('',#5460,1.);
#1881=CIRCLE('',#5462,1.);
#1882=CIRCLE('',#5465,1.);
#1883=CIRCLE('',#5466,1.);
#1884=CIRCLE('',#5467,1.);
#1885=CIRCLE('',#5469,1.);
#1886=CIRCLE('',#5518,1.);
#1887=CIRCLE('',#5533,1.);
#1888=CIRCLE('',#5536,1.);
#1889=CIRCLE('',#5540,1.);
#1890=CIRCLE('',#5544,0.899999999999999);
#1891=CIRCLE('',#5549,0.9);
#1892=CIRCLE('',#5553,0.899999999999999);
#1893=CIRCLE('',#5557,0.899999999999999);
#1894=CIRCLE('',#5561,0.9);
#1895=CIRCLE('',#5584,0.9);
#1896=CIRCLE('',#5591,0.899999999999999);
#1897=CIRCLE('',#5599,0.9);
#1898=B_SPLINE_CURVE_WITH_KNOTS('',3,(#7272,#7273,#7274,#7275,#7276,#7277,
#7278),.UNSPECIFIED.,.F.,.F.,(4,1,1,1,4),(0.,0.25,0.5,0.75,1.),
 .UNSPECIFIED.);
#1899=B_SPLINE_CURVE_WITH_KNOTS('',3,(#7280,#7281,#7282,#7283,#7284,#7285,
#7286),.UNSPECIFIED.,.F.,.F.,(4,1,1,1,4),(0.,0.25,0.5,0.75,1.),
 .UNSPECIFIED.);
#1900=B_SPLINE_CURVE_WITH_KNOTS('',3,(#7340,#7341,#7342,#7343,#7344,#7345,
#7346),.UNSPECIFIED.,.F.,.F.,(4,1,1,1,4),(0.,0.25,0.5,0.75,1.),
 .UNSPECIFIED.);
#1901=B_SPLINE_CURVE_WITH_KNOTS('',3,(#7400,#7401,#7402,#7403,#7404,#7405,
#7406),.UNSPECIFIED.,.F.,.F.,(4,1,1,1,4),(0.,0.25,0.5,0.75,1.),
 .UNSPECIFIED.);
#1902=B_SPLINE_CURVE_WITH_KNOTS('',3,(#7460,#7461,#7462,#7463,#7464,#7465,
#7466),.UNSPECIFIED.,.F.,.F.,(4,1,1,1,4),(0.,0.25,0.5,0.75,1.),
 .UNSPECIFIED.);
#1903=B_SPLINE_CURVE_WITH_KNOTS('',3,(#7520,#7521,#7522,#7523,#7524,#7525,
#7526),.UNSPECIFIED.,.F.,.F.,(4,1,1,1,4),(0.,0.25,0.5,0.75,1.),
 .UNSPECIFIED.);
#1904=B_SPLINE_CURVE_WITH_KNOTS('',3,(#7580,#7581,#7582,#7583,#7584,#7585,
#7586),.UNSPECIFIED.,.F.,.F.,(4,1,1,1,4),(0.,0.25,0.5,0.75,1.),
 .UNSPECIFIED.);
#1905=B_SPLINE_CURVE_WITH_KNOTS('',3,(#7640,#7641,#7642,#7643,#7644,#7645,
#7646),.UNSPECIFIED.,.F.,.F.,(4,1,1,1,4),(0.,0.25,0.5,0.75,1.),
 .UNSPECIFIED.);
#1906=B_SPLINE_CURVE_WITH_KNOTS('',3,(#7700,#7701,#7702,#7703,#7704,#7705,
#7706),.UNSPECIFIED.,.F.,.F.,(4,1,1,1,4),(0.,0.25,0.5,0.75,1.),
 .UNSPECIFIED.);
#1907=B_SPLINE_CURVE_WITH_KNOTS('',3,(#7760,#7761,#7762,#7763,#7764,#7765,
#7766),.UNSPECIFIED.,.F.,.F.,(4,1,1,1,4),(0.,0.25,0.5,0.75,1.),
 .UNSPECIFIED.);
#1908=B_SPLINE_CURVE_WITH_KNOTS('',3,(#7820,#7821,#7822,#7823,#7824,#7825,
#7826),.UNSPECIFIED.,.F.,.F.,(4,1,1,1,4),(0.,0.25,0.5,0.75,1.),
 .UNSPECIFIED.);
#1909=B_SPLINE_CURVE_WITH_KNOTS('',3,(#7880,#7881,#7882,#7883,#7884,#7885,
#7886),.UNSPECIFIED.,.F.,.F.,(4,1,1,1,4),(0.,0.25,0.5,0.75,1.),
 .UNSPECIFIED.);
#1910=B_SPLINE_CURVE_WITH_KNOTS('',3,(#7941,#7942,#7943,#7944,#7945,#7946,
#7947),.UNSPECIFIED.,.F.,.F.,(4,1,1,1,4),(0.,0.25,0.5,0.75,1.),
 .UNSPECIFIED.);
#1911=B_SPLINE_CURVE_WITH_KNOTS('',3,(#7949,#7950,#7951,#7952,#7953,#7954,
#7955),.UNSPECIFIED.,.F.,.F.,(4,1,1,1,4),(0.,0.25,0.5,0.75,1.),
 .UNSPECIFIED.);
#1912=B_SPLINE_CURVE_WITH_KNOTS('',3,(#8009,#8010,#8011,#8012,#8013,#8014,
#8015),.UNSPECIFIED.,.F.,.F.,(4,1,1,1,4),(0.,0.25,0.5,0.75,1.),
 .UNSPECIFIED.);
#1913=B_SPLINE_CURVE_WITH_KNOTS('',3,(#8069,#8070,#8071,#8072,#8073,#8074,
#8075),.UNSPECIFIED.,.F.,.F.,(4,1,1,1,4),(0.,0.25,0.5,0.75,1.),
 .UNSPECIFIED.);
#1914=B_SPLINE_CURVE_WITH_KNOTS('',3,(#8129,#8130,#8131,#8132,#8133,#8134,
#8135),.UNSPECIFIED.,.F.,.F.,(4,1,1,1,4),(0.,0.25,0.5,0.75,1.),
 .UNSPECIFIED.);
#1915=B_SPLINE_CURVE_WITH_KNOTS('',3,(#8189,#8190,#8191,#8192,#8193,#8194,
#8195),.UNSPECIFIED.,.F.,.F.,(4,1,1,1,4),(0.,0.25,0.5,0.75,1.),
 .UNSPECIFIED.);
#1916=B_SPLINE_CURVE_WITH_KNOTS('',3,(#8249,#8250,#8251,#8252,#8253,#8254,
#8255),.UNSPECIFIED.,.F.,.F.,(4,1,1,1,4),(0.,0.25,0.5,0.75,1.),
 .UNSPECIFIED.);
#1917=B_SPLINE_CURVE_WITH_KNOTS('',3,(#8309,#8310,#8311,#8312,#8313,#8314,
#8315),.UNSPECIFIED.,.F.,.F.,(4,1,1,1,4),(0.,0.25,0.5,0.75,1.),
 .UNSPECIFIED.);
#1918=B_SPLINE_CURVE_WITH_KNOTS('',3,(#8369,#8370,#8371,#8372,#8373,#8374,
#8375),.UNSPECIFIED.,.F.,.F.,(4,1,1,1,4),(0.,0.25,0.5,0.75,1.),
 .UNSPECIFIED.);
#1919=B_SPLINE_CURVE_WITH_KNOTS('',3,(#8429,#8430,#8431,#8432,#8433,#8434,
#8435),.UNSPECIFIED.,.F.,.F.,(4,1,1,1,4),(0.,0.25,0.5,0.75,1.),
 .UNSPECIFIED.);
#1920=B_SPLINE_CURVE_WITH_KNOTS('',3,(#8489,#8490,#8491,#8492,#8493,#8494,
#8495),.UNSPECIFIED.,.F.,.F.,(4,1,1,1,4),(0.,0.25,0.5,0.75,1.),
 .UNSPECIFIED.);
#1921=B_SPLINE_CURVE_WITH_KNOTS('',3,(#8549,#8550,#8551,#8552,#8553,#8554,
#8555),.UNSPECIFIED.,.F.,.F.,(4,1,1,1,4),(0.,0.25,0.5,0.75,1.),
 .UNSPECIFIED.);
#1922=B_SPLINE_CURVE_WITH_KNOTS('',3,(#8610,#8611,#8612,#8613,#8614,#8615,
#8616),.UNSPECIFIED.,.F.,.F.,(4,1,1,1,4),(0.,0.25,0.5,0.75,1.),
 .UNSPECIFIED.);
#1923=B_SPLINE_CURVE_WITH_KNOTS('',3,(#8618,#8619,#8620,#8621,#8622,#8623,
#8624),.UNSPECIFIED.,.F.,.F.,(4,1,1,1,4),(0.,0.25,0.5,0.75,1.),
 .UNSPECIFIED.);
#1924=B_SPLINE_CURVE_WITH_KNOTS('',3,(#8678,#8679,#8680,#8681,#8682,#8683,
#8684),.UNSPECIFIED.,.F.,.F.,(4,1,1,1,4),(0.,0.25,0.5,0.75,1.),
 .UNSPECIFIED.);
#1925=B_SPLINE_CURVE_WITH_KNOTS('',3,(#8738,#8739,#8740,#8741,#8742,#8743,
#8744),.UNSPECIFIED.,.F.,.F.,(4,1,1,1,4),(0.,0.25,0.5,0.75,1.),
 .UNSPECIFIED.);
#1926=B_SPLINE_CURVE_WITH_KNOTS('',3,(#8798,#8799,#8800,#8801,#8802,#8803,
#8804),.UNSPECIFIED.,.F.,.F.,(4,1,1,1,4),(0.,0.25,0.5,0.75,1.),
 .UNSPECIFIED.);
#1927=B_SPLINE_CURVE_WITH_KNOTS('',3,(#8858,#8859,#8860,#8861,#8862,#8863,
#8864),.UNSPECIFIED.,.F.,.F.,(4,1,1,1,4),(0.,0.25,0.5,0.75,1.),
 .UNSPECIFIED.);
#1928=B_SPLINE_CURVE_WITH_KNOTS('',3,(#8918,#8919,#8920,#8921,#8922,#8923,
#8924),.UNSPECIFIED.,.F.,.F.,(4,1,1,1,4),(0.,0.25,0.5,0.75,1.),
 .UNSPECIFIED.);
#1929=B_SPLINE_CURVE_WITH_KNOTS('',3,(#8978,#8979,#8980,#8981,#8982,#8983,
#8984),.UNSPECIFIED.,.F.,.F.,(4,1,1,1,4),(0.,0.25,0.5,0.75,1.),
 .UNSPECIFIED.);
#1930=B_SPLINE_CURVE_WITH_KNOTS('',3,(#9038,#9039,#9040,#9041,#9042,#9043,
#9044),.UNSPECIFIED.,.F.,.F.,(4,1,1,1,4),(0.,0.25,0.5,0.75,1.),
 .UNSPECIFIED.);
#1931=B_SPLINE_CURVE_WITH_KNOTS('',3,(#9098,#9099,#9100,#9101,#9102,#9103,
#9104),.UNSPECIFIED.,.F.,.F.,(4,1,1,1,4),(0.,0.25,0.5,0.75,1.),
 .UNSPECIFIED.);
#1932=B_SPLINE_CURVE_WITH_KNOTS('',3,(#9158,#9159,#9160,#9161,#9162,#9163,
#9164),.UNSPECIFIED.,.F.,.F.,(4,1,1,1,4),(0.,0.25,0.5,0.75,1.),
 .UNSPECIFIED.);
#1933=B_SPLINE_CURVE_WITH_KNOTS('',3,(#9218,#9219,#9220,#9221,#9222,#9223,
#9224),.UNSPECIFIED.,.F.,.F.,(4,1,1,1,4),(0.,0.25,0.5,0.75,1.),
 .UNSPECIFIED.);
#1934=B_SPLINE_CURVE_WITH_KNOTS('',3,(#9279,#9280,#9281,#9282,#9283,#9284,
#9285),.UNSPECIFIED.,.F.,.F.,(4,1,1,1,4),(0.,0.25,0.5,0.75,1.),
 .UNSPECIFIED.);
#1935=B_SPLINE_CURVE_WITH_KNOTS('',3,(#9287,#9288,#9289,#9290,#9291,#9292,
#9293),.UNSPECIFIED.,.F.,.F.,(4,1,1,1,4),(0.,0.25,0.5,0.75,1.),
 .UNSPECIFIED.);
#1936=B_SPLINE_CURVE_WITH_KNOTS('',3,(#9347,#9348,#9349,#9350,#9351,#9352,
#9353),.UNSPECIFIED.,.F.,.F.,(4,1,1,1,4),(0.,0.25,0.5,0.75,1.),
 .UNSPECIFIED.);
#1937=B_SPLINE_CURVE_WITH_KNOTS('',3,(#9407,#9408,#9409,#9410,#9411,#9412,
#9413),.UNSPECIFIED.,.F.,.F.,(4,1,1,1,4),(0.,0.25,0.5,0.75,1.),
 .UNSPECIFIED.);
#1938=B_SPLINE_CURVE_WITH_KNOTS('',3,(#9467,#9468,#9469,#9470,#9471,#9472,
#9473),.UNSPECIFIED.,.F.,.F.,(4,1,1,1,4),(0.,0.25,0.5,0.75,1.),
 .UNSPECIFIED.);
#1939=B_SPLINE_CURVE_WITH_KNOTS('',3,(#9527,#9528,#9529,#9530,#9531,#9532,
#9533),.UNSPECIFIED.,.F.,.F.,(4,1,1,1,4),(0.,0.25,0.5,0.75,1.),
 .UNSPECIFIED.);
#1940=B_SPLINE_CURVE_WITH_KNOTS('',3,(#9587,#9588,#9589,#9590,#9591,#9592,
#9593),.UNSPECIFIED.,.F.,.F.,(4,1,1,1,4),(0.,0.25,0.5,0.75,1.),
 .UNSPECIFIED.);
#1941=B_SPLINE_CURVE_WITH_KNOTS('',3,(#9647,#9648,#9649,#9650,#9651,#9652,
#9653),.UNSPECIFIED.,.F.,.F.,(4,1,1,1,4),(0.,0.25,0.5,0.75,1.),
 .UNSPECIFIED.);
#1942=B_SPLINE_CURVE_WITH_KNOTS('',3,(#9707,#9708,#9709,#9710,#9711,#9712,
#9713),.UNSPECIFIED.,.F.,.F.,(4,1,1,1,4),(0.,0.25,0.5,0.75,1.),
 .UNSPECIFIED.);
#1943=B_SPLINE_CURVE_WITH_KNOTS('',3,(#9767,#9768,#9769,#9770,#9771,#9772,
#9773),.UNSPECIFIED.,.F.,.F.,(4,1,1,1,4),(0.,0.25,0.5,0.75,1.),
 .UNSPECIFIED.);
#1944=B_SPLINE_CURVE_WITH_KNOTS('',3,(#9827,#9828,#9829,#9830,#9831,#9832,
#9833),.UNSPECIFIED.,.F.,.F.,(4,1,1,1,4),(0.,0.25,0.5,0.75,1.),
 .UNSPECIFIED.);
#1945=B_SPLINE_CURVE_WITH_KNOTS('',3,(#9887,#9888,#9889,#9890,#9891,#9892,
#9893),.UNSPECIFIED.,.F.,.F.,(4,1,1,1,4),(0.,0.25,0.5,0.75,1.),
 .UNSPECIFIED.);
#1946=VERTEX_POINT('',#7270);
#1947=VERTEX_POINT('',#7271);
#1948=VERTEX_POINT('',#7279);
#1949=VERTEX_POINT('',#7287);
#1950=VERTEX_POINT('',#7339);
#1951=VERTEX_POINT('',#7347);
#1952=VERTEX_POINT('',#7399);
#1953=VERTEX_POINT('',#7407);
#1954=VERTEX_POINT('',#7459);
#1955=VERTEX_POINT('',#7467);
#1956=VERTEX_POINT('',#7519);
#1957=VERTEX_POINT('',#7527);
#1958=VERTEX_POINT('',#7579);
#1959=VERTEX_POINT('',#7587);
#1960=VERTEX_POINT('',#7639);
#1961=VERTEX_POINT('',#7647);
#1962=VERTEX_POINT('',#7699);
#1963=VERTEX_POINT('',#7707);
#1964=VERTEX_POINT('',#7759);
#1965=VERTEX_POINT('',#7767);
#1966=VERTEX_POINT('',#7819);
#1967=VERTEX_POINT('',#7827);
#1968=VERTEX_POINT('',#7879);
#1969=VERTEX_POINT('',#7887);
#1970=VERTEX_POINT('',#7939);
#1971=VERTEX_POINT('',#7940);
#1972=VERTEX_POINT('',#7948);
#1973=VERTEX_POINT('',#7956);
#1974=VERTEX_POINT('',#8008);
#1975=VERTEX_POINT('',#8016);
#1976=VERTEX_POINT('',#8068);
#1977=VERTEX_POINT('',#8076);
#1978=VERTEX_POINT('',#8128);
#1979=VERTEX_POINT('',#8136);
#1980=VERTEX_POINT('',#8188);
#1981=VERTEX_POINT('',#8196);
#1982=VERTEX_POINT('',#8248);
#1983=VERTEX_POINT('',#8256);
#1984=VERTEX_POINT('',#8308);
#1985=VERTEX_POINT('',#8316);
#1986=VERTEX_POINT('',#8368);
#1987=VERTEX_POINT('',#8376);
#1988=VERTEX_POINT('',#8428);
#1989=VERTEX_POINT('',#8436);
#1990=VERTEX_POINT('',#8488);
#1991=VERTEX_POINT('',#8496);
#1992=VERTEX_POINT('',#8548);
#1993=VERTEX_POINT('',#8556);
#1994=VERTEX_POINT('',#8608);
#1995=VERTEX_POINT('',#8609);
#1996=VERTEX_POINT('',#8617);
#1997=VERTEX_POINT('',#8625);
#1998=VERTEX_POINT('',#8677);
#1999=VERTEX_POINT('',#8685);
#2000=VERTEX_POINT('',#8737);
#2001=VERTEX_POINT('',#8745);
#2002=VERTEX_POINT('',#8797);
#2003=VERTEX_POINT('',#8805);
#2004=VERTEX_POINT('',#8857);
#2005=VERTEX_POINT('',#8865);
#2006=VERTEX_POINT('',#8917);
#2007=VERTEX_POINT('',#8925);
#2008=VERTEX_POINT('',#8977);
#2009=VERTEX_POINT('',#8985);
#2010=VERTEX_POINT('',#9037);
#2011=VERTEX_POINT('',#9045);
#2012=VERTEX_POINT('',#9097);
#2013=VERTEX_POINT('',#9105);
#2014=VERTEX_POINT('',#9157);
#2015=VERTEX_POINT('',#9165);
#2016=VERTEX_POINT('',#9217);
#2017=VERTEX_POINT('',#9225);
#2018=VERTEX_POINT('',#9277);
#2019=VERTEX_POINT('',#9278);
#2020=VERTEX_POINT('',#9286);
#2021=VERTEX_POINT('',#9294);
#2022=VERTEX_POINT('',#9346);
#2023=VERTEX_POINT('',#9354);
#2024=VERTEX_POINT('',#9406);
#2025=VERTEX_POINT('',#9414);
#2026=VERTEX_POINT('',#9466);
#2027=VERTEX_POINT('',#9474);
#2028=VERTEX_POINT('',#9526);
#2029=VERTEX_POINT('',#9534);
#2030=VERTEX_POINT('',#9586);
#2031=VERTEX_POINT('',#9594);
#2032=VERTEX_POINT('',#9646);
#2033=VERTEX_POINT('',#9654);
#2034=VERTEX_POINT('',#9706);
#2035=VERTEX_POINT('',#9714);
#2036=VERTEX_POINT('',#9766);
#2037=VERTEX_POINT('',#9774);
#2038=VERTEX_POINT('',#9826);
#2039=VERTEX_POINT('',#9834);
#2040=VERTEX_POINT('',#9886);
#2041=VERTEX_POINT('',#9894);
#2042=VERTEX_POINT('',#9898);
#2043=VERTEX_POINT('',#9899);
#2044=VERTEX_POINT('',#9901);
#2045=VERTEX_POINT('',#9903);
#2046=VERTEX_POINT('',#9907);
#2047=VERTEX_POINT('',#9908);
#2048=VERTEX_POINT('',#9910);
#2049=VERTEX_POINT('',#9912);
#2050=VERTEX_POINT('',#9916);
#2051=VERTEX_POINT('',#9917);
#2052=VERTEX_POINT('',#9922);
#2053=VERTEX_POINT('',#9923);
#2054=VERTEX_POINT('',#9925);
#2055=VERTEX_POINT('',#9927);
#2056=VERTEX_POINT('',#9931);
#2057=VERTEX_POINT('',#9932);
#2058=VERTEX_POINT('',#9937);
#2059=VERTEX_POINT('',#9938);
#2060=VERTEX_POINT('',#9940);
#2061=VERTEX_POINT('',#9947);
#2062=VERTEX_POINT('',#9948);
#2063=VERTEX_POINT('',#9950);
#2064=VERTEX_POINT('',#9952);
#2065=VERTEX_POINT('',#9956);
#2066=VERTEX_POINT('',#9957);
#2067=VERTEX_POINT('',#9962);
#2068=VERTEX_POINT('',#9963);
#2069=VERTEX_POINT('',#9965);
#2070=VERTEX_POINT('',#9969);
#2071=VERTEX_POINT('',#9970);
#2072=VERTEX_POINT('',#9975);
#2073=VERTEX_POINT('',#9976);
#2074=VERTEX_POINT('',#9978);
#2075=VERTEX_POINT('',#9985);
#2076=VERTEX_POINT('',#9986);
#2077=VERTEX_POINT('',#9988);
#2078=VERTEX_POINT('',#9995);
#2079=VERTEX_POINT('',#9996);
#2080=VERTEX_POINT('',#9998);
#2081=VERTEX_POINT('',#10000);
#2082=VERTEX_POINT('',#10004);
#2083=VERTEX_POINT('',#10005);
#2084=VERTEX_POINT('',#10007);
#2085=VERTEX_POINT('',#10011);
#2086=VERTEX_POINT('',#10012);
#2087=VERTEX_POINT('',#10017);
#2088=VERTEX_POINT('',#10018);
#2089=VERTEX_POINT('',#10020);
#2090=VERTEX_POINT('',#10022);
#2091=VERTEX_POINT('',#10026);
#2092=VERTEX_POINT('',#10027);
#2093=VERTEX_POINT('',#10029);
#2094=VERTEX_POINT('',#10036);
#2095=VERTEX_POINT('',#10037);
#2096=VERTEX_POINT('',#10039);
#2097=VERTEX_POINT('',#10043);
#2098=VERTEX_POINT('',#10044);
#2099=VERTEX_POINT('',#10046);
#2100=VERTEX_POINT('',#10053);
#2101=VERTEX_POINT('',#10054);
#2102=VERTEX_POINT('',#10056);
#2103=VERTEX_POINT('',#10060);
#2104=VERTEX_POINT('',#10061);
#2105=VERTEX_POINT('',#10069);
#2106=VERTEX_POINT('',#10070);
#2107=VERTEX_POINT('',#10072);
#2108=VERTEX_POINT('',#10074);
#2109=VERTEX_POINT('',#10081);
#2110=VERTEX_POINT('',#10082);
#2111=VERTEX_POINT('',#10084);
#2112=VERTEX_POINT('',#10094);
#2113=VERTEX_POINT('',#10095);
#2114=VERTEX_POINT('',#10097);
#2115=VERTEX_POINT('',#10104);
#2116=VERTEX_POINT('',#10105);
#2117=VERTEX_POINT('',#10107);
#2118=VERTEX_POINT('',#10117);
#2119=VERTEX_POINT('',#10118);
#2120=VERTEX_POINT('',#10120);
#2121=VERTEX_POINT('',#10122);
#2122=VERTEX_POINT('',#10126);
#2123=VERTEX_POINT('',#10127);
#2124=VERTEX_POINT('',#10129);
#2125=VERTEX_POINT('',#10133);
#2126=VERTEX_POINT('',#10134);
#2127=VERTEX_POINT('',#10136);
#2128=VERTEX_POINT('',#10138);
#2129=VERTEX_POINT('',#10142);
#2130=VERTEX_POINT('',#10143);
#2131=VERTEX_POINT('',#10145);
#2132=VERTEX_POINT('',#10149);
#2133=VERTEX_POINT('',#10150);
#2134=VERTEX_POINT('',#10155);
#2135=VERTEX_POINT('',#10156);
#2136=VERTEX_POINT('',#10158);
#2137=VERTEX_POINT('',#10168);
#2138=VERTEX_POINT('',#10169);
#2139=VERTEX_POINT('',#10171);
#2140=VERTEX_POINT('',#10173);
#2141=VERTEX_POINT('',#10177);
#2142=VERTEX_POINT('',#10178);
#2143=VERTEX_POINT('',#10180);
#2144=VERTEX_POINT('',#10182);
#2145=VERTEX_POINT('',#10186);
#2146=VERTEX_POINT('',#10187);
#2147=VERTEX_POINT('',#10189);
#2148=VERTEX_POINT('',#10191);
#2149=VERTEX_POINT('',#10195);
#2150=VERTEX_POINT('',#10196);
#2151=VERTEX_POINT('',#10198);
#2152=VERTEX_POINT('',#10200);
#2153=VERTEX_POINT('',#10204);
#2154=VERTEX_POINT('',#10205);
#2155=VERTEX_POINT('',#10207);
#2156=VERTEX_POINT('',#10209);
#2157=VERTEX_POINT('',#10213);
#2158=VERTEX_POINT('',#10214);
#2159=VERTEX_POINT('',#10216);
#2160=VERTEX_POINT('',#10218);
#2161=VERTEX_POINT('',#10225);
#2162=VERTEX_POINT('',#10226);
#2163=VERTEX_POINT('',#10228);
#2164=VERTEX_POINT('',#10230);
#2165=VERTEX_POINT('',#10234);
#2166=VERTEX_POINT('',#10235);
#2167=VERTEX_POINT('',#10237);
#2168=VERTEX_POINT('',#10241);
#2169=VERTEX_POINT('',#10242);
#2170=VERTEX_POINT('',#10247);
#2171=VERTEX_POINT('',#10248);
#2172=VERTEX_POINT('',#10250);
#2173=VERTEX_POINT('',#10257);
#2174=VERTEX_POINT('',#10258);
#2175=VERTEX_POINT('',#10260);
#2176=VERTEX_POINT('',#10264);
#2177=VERTEX_POINT('',#10265);
#2178=VERTEX_POINT('',#10267);
#2179=VERTEX_POINT('',#10269);
#2180=VERTEX_POINT('',#10273);
#2181=VERTEX_POINT('',#10274);
#2182=VERTEX_POINT('',#10276);
#2183=VERTEX_POINT('',#10278);
#2184=VERTEX_POINT('',#10282);
#2185=VERTEX_POINT('',#10283);
#2186=VERTEX_POINT('',#10285);
#2187=VERTEX_POINT('',#10287);
#2188=VERTEX_POINT('',#10291);
#2189=VERTEX_POINT('',#10292);
#2190=VERTEX_POINT('',#10294);
#2191=VERTEX_POINT('',#10296);
#2192=VERTEX_POINT('',#10303);
#2193=VERTEX_POINT('',#10304);
#2194=VERTEX_POINT('',#10306);
#2195=VERTEX_POINT('',#10308);
#2196=VERTEX_POINT('',#10312);
#2197=VERTEX_POINT('',#10313);
#2198=VERTEX_POINT('',#10315);
#2199=VERTEX_POINT('',#10317);
#2200=VERTEX_POINT('',#10324);
#2201=VERTEX_POINT('',#10325);
#2202=VERTEX_POINT('',#10327);
#2203=VERTEX_POINT('',#10329);
#2204=VERTEX_POINT('',#10333);
#2205=VERTEX_POINT('',#10334);
#2206=VERTEX_POINT('',#10336);
#2207=VERTEX_POINT('',#10338);
#2208=VERTEX_POINT('',#10348);
#2209=VERTEX_POINT('',#10349);
#2210=VERTEX_POINT('',#10351);
#2211=VERTEX_POINT('',#10353);
#2212=VERTEX_POINT('',#10360);
#2213=VERTEX_POINT('',#10361);
#2214=VERTEX_POINT('',#10363);
#2215=VERTEX_POINT('',#10365);
#2216=VERTEX_POINT('',#10369);
#2217=VERTEX_POINT('',#10370);
#2218=VERTEX_POINT('',#10372);
#2219=VERTEX_POINT('',#10374);
#2220=VERTEX_POINT('',#10381);
#2221=VERTEX_POINT('',#10382);
#2222=VERTEX_POINT('',#10384);
#2223=VERTEX_POINT('',#10386);
#2224=VERTEX_POINT('',#10396);
#2225=VERTEX_POINT('',#10397);
#2226=VERTEX_POINT('',#10399);
#2227=VERTEX_POINT('',#10401);
#2228=VERTEX_POINT('',#10405);
#2229=VERTEX_POINT('',#10406);
#2230=VERTEX_POINT('',#10408);
#2231=VERTEX_POINT('',#10410);
#2232=VERTEX_POINT('',#10420);
#2233=VERTEX_POINT('',#10421);
#2234=VERTEX_POINT('',#10423);
#2235=VERTEX_POINT('',#10425);
#2236=VERTEX_POINT('',#10480);
#2237=VERTEX_POINT('',#10490);
#2238=VERTEX_POINT('',#10491);
#2239=VERTEX_POINT('',#10493);
#2240=VERTEX_POINT('',#10495);
#2241=VERTEX_POINT('',#10502);
#2242=VERTEX_POINT('',#10503);
#2243=VERTEX_POINT('',#10505);
#2244=VERTEX_POINT('',#10509);
#2245=VERTEX_POINT('',#10510);
#2246=VERTEX_POINT('',#10518);
#2247=VERTEX_POINT('',#10519);
#2248=VERTEX_POINT('',#10521);
#2249=VERTEX_POINT('',#10531);
#2250=VERTEX_POINT('',#10532);
#2251=VERTEX_POINT('',#10534);
#2252=VERTEX_POINT('',#10538);
#2253=VERTEX_POINT('',#10539);
#2254=VERTEX_POINT('',#10541);
#2255=VERTEX_POINT('',#10548);
#2256=VERTEX_POINT('',#10549);
#2257=VERTEX_POINT('',#10551);
#2258=VERTEX_POINT('',#10553);
#2259=VERTEX_POINT('',#10557);
#2260=VERTEX_POINT('',#10558);
#2261=VERTEX_POINT('',#10563);
#2262=VERTEX_POINT('',#10564);
#2263=VERTEX_POINT('',#10566);
#2264=VERTEX_POINT('',#10568);
#2265=VERTEX_POINT('',#10578);
#2266=VERTEX_POINT('',#10579);
#2267=VERTEX_POINT('',#10581);
#2268=VERTEX_POINT('',#10583);
#2269=VERTEX_POINT('',#10590);
#2270=VERTEX_POINT('',#10591);
#2271=VERTEX_POINT('',#10593);
#2272=VERTEX_POINT('',#10595);
#2273=VERTEX_POINT('',#10602);
#2274=VERTEX_POINT('',#10603);
#2275=VERTEX_POINT('',#10605);
#2276=VERTEX_POINT('',#10607);
#2277=VERTEX_POINT('',#10617);
#2278=VERTEX_POINT('',#10618);
#2279=VERTEX_POINT('',#10620);
#2280=VERTEX_POINT('',#10622);
#2281=VERTEX_POINT('',#10629);
#2282=VERTEX_POINT('',#10630);
#2283=VERTEX_POINT('',#10632);
#2284=VERTEX_POINT('',#10634);
#2285=VERTEX_POINT('',#10638);
#2286=VERTEX_POINT('',#10639);
#2287=VERTEX_POINT('',#10641);
#2288=VERTEX_POINT('',#10643);
#2289=VERTEX_POINT('',#10695);
#2290=VERTEX_POINT('',#10747);
#2291=VERTEX_POINT('',#10760);
#2292=VERTEX_POINT('',#10761);
#2293=VERTEX_POINT('',#10763);
#2294=VERTEX_POINT('',#10765);
#2295=VERTEX_POINT('',#10769);
#2296=VERTEX_POINT('',#10770);
#2297=VERTEX_POINT('',#10772);
#2298=VERTEX_POINT('',#10782);
#2299=VERTEX_POINT('',#10783);
#2300=VERTEX_POINT('',#10785);
#2301=VERTEX_POINT('',#10792);
#2302=VERTEX_POINT('',#10793);
#2303=VERTEX_POINT('',#10795);
#2304=VERTEX_POINT('',#10797);
#2305=VERTEX_POINT('',#10807);
#2306=VERTEX_POINT('',#10808);
#2307=VERTEX_POINT('',#10810);
#2308=VERTEX_POINT('',#10812);
#2309=VERTEX_POINT('',#10867);
#2310=VERTEX_POINT('',#10874);
#2311=VERTEX_POINT('',#10875);
#2312=VERTEX_POINT('',#10877);
#2313=VERTEX_POINT('',#10879);
#2314=VERTEX_POINT('',#10883);
#2315=VERTEX_POINT('',#10884);
#2316=VERTEX_POINT('',#10886);
#2317=VERTEX_POINT('',#10888);
#2318=VERTEX_POINT('',#10898);
#2319=VERTEX_POINT('',#10899);
#2320=VERTEX_POINT('',#10901);
#2321=VERTEX_POINT('',#10903);
#2322=VERTEX_POINT('',#10907);
#2323=VERTEX_POINT('',#10908);
#2324=VERTEX_POINT('',#10910);
#2325=VERTEX_POINT('',#10912);
#2326=VERTEX_POINT('',#10916);
#2327=VERTEX_POINT('',#10917);
#2328=VERTEX_POINT('',#10919);
#2329=VERTEX_POINT('',#10921);
#2330=VERTEX_POINT('',#10925);
#2331=VERTEX_POINT('',#10926);
#2332=VERTEX_POINT('',#10928);
#2333=VERTEX_POINT('',#10930);
#2334=VERTEX_POINT('',#10934);
#2335=VERTEX_POINT('',#10935);
#2336=VERTEX_POINT('',#10937);
#2337=VERTEX_POINT('',#10939);
#2338=VERTEX_POINT('',#10946);
#2339=VERTEX_POINT('',#10947);
#2340=VERTEX_POINT('',#10949);
#2341=VERTEX_POINT('',#10953);
#2342=VERTEX_POINT('',#10954);
#2343=VERTEX_POINT('',#10962);
#2344=VERTEX_POINT('',#10963);
#2345=VERTEX_POINT('',#10965);
#2346=VERTEX_POINT('',#10969);
#2347=VERTEX_POINT('',#10970);
#2348=VERTEX_POINT('',#11116);
#2349=VERTEX_POINT('',#11117);
#2350=VERTEX_POINT('',#11161);
#2351=VERTEX_POINT('',#11162);
#2352=VERTEX_POINT('',#11170);
#2353=VERTEX_POINT('',#11171);
#2354=VERTEX_POINT('',#11182);
#2355=VERTEX_POINT('',#11183);
#2356=VERTEX_POINT('',#11194);
#2357=VERTEX_POINT('',#11205);
#2358=VERTEX_POINT('',#11211);
#2359=VERTEX_POINT('',#11216);
#2360=VERTEX_POINT('',#11221);
#2361=VERTEX_POINT('',#11245);
#2362=VERTEX_POINT('',#11254);
#2363=VERTEX_POINT('',#11268);
#2364=EDGE_CURVE('',#1946,#1947,#1898,.T.);
#2365=EDGE_CURVE('',#1946,#1948,#1899,.T.);
#2366=EDGE_CURVE('',#1948,#1949,#1500,.T.);
#2367=EDGE_CURVE('',#1947,#1949,#1501,.T.);
#2368=EDGE_CURVE('',#1946,#1950,#1900,.T.);
#2369=EDGE_CURVE('',#1951,#1950,#1502,.T.);
#2370=EDGE_CURVE('',#1951,#1948,#1503,.T.);
#2371=EDGE_CURVE('',#1946,#1952,#1901,.T.);
#2372=EDGE_CURVE('',#1952,#1953,#1504,.T.);
#2373=EDGE_CURVE('',#1950,#1953,#1505,.T.);
#2374=EDGE_CURVE('',#1946,#1954,#1902,.T.);
#2375=EDGE_CURVE('',#1955,#1954,#1506,.T.);
#2376=EDGE_CURVE('',#1955,#1952,#1507,.T.);
#2377=EDGE_CURVE('',#1946,#1956,#1903,.T.);
#2378=EDGE_CURVE('',#1956,#1957,#1508,.T.);
#2379=EDGE_CURVE('',#1954,#1957,#1509,.T.);
#2380=EDGE_CURVE('',#1946,#1958,#1904,.T.);
#2381=EDGE_CURVE('',#1959,#1958,#1510,.T.);
#2382=EDGE_CURVE('',#1959,#1956,#1511,.T.);
#2383=EDGE_CURVE('',#1946,#1960,#1905,.T.);
#2384=EDGE_CURVE('',#1960,#1961,#1512,.T.);
#2385=EDGE_CURVE('',#1958,#1961,#1513,.T.);
#2386=EDGE_CURVE('',#1946,#1962,#1906,.T.);
#2387=EDGE_CURVE('',#1963,#1962,#1514,.T.);
#2388=EDGE_CURVE('',#1963,#1960,#1515,.T.);
#2389=EDGE_CURVE('',#1946,#1964,#1907,.T.);
#2390=EDGE_CURVE('',#1964,#1965,#1516,.T.);
#2391=EDGE_CURVE('',#1962,#1965,#1517,.T.);
#2392=EDGE_CURVE('',#1946,#1966,#1908,.T.);
#2393=EDGE_CURVE('',#1967,#1966,#1518,.T.);
#2394=EDGE_CURVE('',#1967,#1964,#1519,.T.);
#2395=EDGE_CURVE('',#1946,#1968,#1909,.T.);
#2396=EDGE_CURVE('',#1968,#1969,#1520,.T.);
#2397=EDGE_CURVE('',#1966,#1969,#1521,.T.);
#2398=EDGE_CURVE('',#1970,#1971,#1910,.T.);
#2399=EDGE_CURVE('',#1970,#1972,#1911,.T.);
#2400=EDGE_CURVE('',#1972,#1973,#1522,.T.);
#2401=EDGE_CURVE('',#1971,#1973,#1523,.T.);
#2402=EDGE_CURVE('',#1970,#1974,#1912,.T.);
#2403=EDGE_CURVE('',#1975,#1974,#1524,.T.);
#2404=EDGE_CURVE('',#1975,#1972,#1525,.T.);
#2405=EDGE_CURVE('',#1970,#1976,#1913,.T.);
#2406=EDGE_CURVE('',#1976,#1977,#1526,.T.);
#2407=EDGE_CURVE('',#1974,#1977,#1527,.T.);
#2408=EDGE_CURVE('',#1970,#1978,#1914,.T.);
#2409=EDGE_CURVE('',#1979,#1978,#1528,.T.);
#2410=EDGE_CURVE('',#1979,#1976,#1529,.T.);
#2411=EDGE_CURVE('',#1970,#1980,#1915,.T.);
#2412=EDGE_CURVE('',#1980,#1981,#1530,.T.);
#2413=EDGE_CURVE('',#1978,#1981,#1531,.T.);
#2414=EDGE_CURVE('',#1970,#1982,#1916,.T.);
#2415=EDGE_CURVE('',#1983,#1982,#1532,.T.);
#2416=EDGE_CURVE('',#1983,#1980,#1533,.T.);
#2417=EDGE_CURVE('',#1970,#1984,#1917,.T.);
#2418=EDGE_CURVE('',#1984,#1985,#1534,.T.);
#2419=EDGE_CURVE('',#1982,#1985,#1535,.T.);
#2420=EDGE_CURVE('',#1970,#1986,#1918,.T.);
#2421=EDGE_CURVE('',#1987,#1986,#1536,.T.);
#2422=EDGE_CURVE('',#1987,#1984,#1537,.T.);
#2423=EDGE_CURVE('',#1970,#1988,#1919,.T.);
#2424=EDGE_CURVE('',#1988,#1989,#1538,.T.);
#2425=EDGE_CURVE('',#1986,#1989,#1539,.T.);
#2426=EDGE_CURVE('',#1970,#1990,#1920,.T.);
#2427=EDGE_CURVE('',#1991,#1990,#1540,.T.);
#2428=EDGE_CURVE('',#1991,#1988,#1541,.T.);
#2429=EDGE_CURVE('',#1970,#1992,#1921,.T.);
#2430=EDGE_CURVE('',#1992,#1993,#1542,.T.);
#2431=EDGE_CURVE('',#1990,#1993,#1543,.T.);
#2432=EDGE_CURVE('',#1994,#1995,#1922,.T.);
#2433=EDGE_CURVE('',#1994,#1996,#1923,.T.);
#2434=EDGE_CURVE('',#1996,#1997,#1544,.T.);
#2435=EDGE_CURVE('',#1995,#1997,#1545,.T.);
#2436=EDGE_CURVE('',#1994,#1998,#1924,.T.);
#2437=EDGE_CURVE('',#1999,#1998,#1546,.T.);
#2438=EDGE_CURVE('',#1999,#1996,#1547,.T.);
#2439=EDGE_CURVE('',#1994,#2000,#1925,.T.);
#2440=EDGE_CURVE('',#2000,#2001,#1548,.T.);
#2441=EDGE_CURVE('',#1998,#2001,#1549,.T.);
#2442=EDGE_CURVE('',#1994,#2002,#1926,.T.);
#2443=EDGE_CURVE('',#2003,#2002,#1550,.T.);
#2444=EDGE_CURVE('',#2003,#2000,#1551,.T.);
#2445=EDGE_CURVE('',#1994,#2004,#1927,.T.);
#2446=EDGE_CURVE('',#2004,#2005,#1552,.T.);
#2447=EDGE_CURVE('',#2002,#2005,#1553,.T.);
#2448=EDGE_CURVE('',#1994,#2006,#1928,.T.);
#2449=EDGE_CURVE('',#2007,#2006,#1554,.T.);
#2450=EDGE_CURVE('',#2007,#2004,#1555,.T.);
#2451=EDGE_CURVE('',#1994,#2008,#1929,.T.);
#2452=EDGE_CURVE('',#2008,#2009,#1556,.T.);
#2453=EDGE_CURVE('',#2006,#2009,#1557,.T.);
#2454=EDGE_CURVE('',#1994,#2010,#1930,.T.);
#2455=EDGE_CURVE('',#2011,#2010,#1558,.T.);
#2456=EDGE_CURVE('',#2011,#2008,#1559,.T.);
#2457=EDGE_CURVE('',#1994,#2012,#1931,.T.);
#2458=EDGE_CURVE('',#2012,#2013,#1560,.T.);
#2459=EDGE_CURVE('',#2010,#2013,#1561,.T.);
#2460=EDGE_CURVE('',#1994,#2014,#1932,.T.);
#2461=EDGE_CURVE('',#2015,#2014,#1562,.T.);
#2462=EDGE_CURVE('',#2015,#2012,#1563,.T.);
#2463=EDGE_CURVE('',#1994,#2016,#1933,.T.);
#2464=EDGE_CURVE('',#2016,#2017,#1564,.T.);
#2465=EDGE_CURVE('',#2014,#2017,#1565,.T.);
#2466=EDGE_CURVE('',#2018,#2019,#1934,.T.);
#2467=EDGE_CURVE('',#2018,#2020,#1935,.T.);
#2468=EDGE_CURVE('',#2020,#2021,#1566,.T.);
#2469=EDGE_CURVE('',#2019,#2021,#1567,.T.);
#2470=EDGE_CURVE('',#2018,#2022,#1936,.T.);
#2471=EDGE_CURVE('',#2023,#2022,#1568,.T.);
#2472=EDGE_CURVE('',#2023,#2020,#1569,.T.);
#2473=EDGE_CURVE('',#2018,#2024,#1937,.T.);
#2474=EDGE_CURVE('',#2024,#2025,#1570,.T.);
#2475=EDGE_CURVE('',#2022,#2025,#1571,.T.);
#2476=EDGE_CURVE('',#2018,#2026,#1938,.T.);
#2477=EDGE_CURVE('',#2027,#2026,#1572,.T.);
#2478=EDGE_CURVE('',#2027,#2024,#1573,.T.);
#2479=EDGE_CURVE('',#2018,#2028,#1939,.T.);
#2480=EDGE_CURVE('',#2028,#2029,#1574,.T.);
#2481=EDGE_CURVE('',#2026,#2029,#1575,.T.);
#2482=EDGE_CURVE('',#2018,#2030,#1940,.T.);
#2483=EDGE_CURVE('',#2031,#2030,#1576,.T.);
#2484=EDGE_CURVE('',#2031,#2028,#1577,.T.);
#2485=EDGE_CURVE('',#2018,#2032,#1941,.T.);
#2486=EDGE_CURVE('',#2032,#2033,#1578,.T.);
#2487=EDGE_CURVE('',#2030,#2033,#1579,.T.);
#2488=EDGE_CURVE('',#2018,#2034,#1942,.T.);
#2489=EDGE_CURVE('',#2035,#2034,#1580,.T.);
#2490=EDGE_CURVE('',#2035,#2032,#1581,.T.);
#2491=EDGE_CURVE('',#2018,#2036,#1943,.T.);
#2492=EDGE_CURVE('',#2036,#2037,#1582,.T.);
#2493=EDGE_CURVE('',#2034,#2037,#1583,.T.);
#2494=EDGE_CURVE('',#2018,#2038,#1944,.T.);
#2495=EDGE_CURVE('',#2039,#2038,#1584,.T.);
#2496=EDGE_CURVE('',#2039,#2036,#1585,.T.);
#2497=EDGE_CURVE('',#2018,#2040,#1945,.T.);
#2498=EDGE_CURVE('',#2040,#2041,#1586,.T.);
#2499=EDGE_CURVE('',#2038,#2041,#1587,.T.);
#2500=EDGE_CURVE('',#2042,#2043,#1588,.F.);
#2501=EDGE_CURVE('',#2044,#2042,#1589,.T.);
#2502=EDGE_CURVE('',#2044,#2045,#1590,.T.);
#2503=EDGE_CURVE('',#2043,#2045,#1591,.T.);
#2504=EDGE_CURVE('',#2046,#2047,#1592,.F.);
#2505=EDGE_CURVE('',#2048,#2046,#1593,.T.);
#2506=EDGE_CURVE('',#2048,#2049,#1594,.T.);
#2507=EDGE_CURVE('',#2047,#2049,#1595,.T.);
#2508=EDGE_CURVE('',#2050,#2051,#1596,.T.);
#2509=EDGE_CURVE('',#2051,#2048,#101,.T.);
#2510=EDGE_CURVE('',#2046,#2050,#102,.T.);
#2511=EDGE_CURVE('',#2052,#2053,#1597,.F.);
#2512=EDGE_CURVE('',#2054,#2052,#1598,.T.);
#2513=EDGE_CURVE('',#2054,#2055,#1599,.T.);
#2514=EDGE_CURVE('',#2053,#2055,#1600,.T.);
#2515=EDGE_CURVE('',#2056,#2057,#1601,.T.);
#2516=EDGE_CURVE('',#2057,#2054,#103,.T.);
#2517=EDGE_CURVE('',#2052,#2056,#104,.T.);
#2518=EDGE_CURVE('',#2058,#2059,#1602,.F.);
#2519=EDGE_CURVE('',#2060,#2058,#1603,.F.);
#2520=EDGE_CURVE('',#2059,#2060,#1604,.F.);
#2521=EDGE_CURVE('',#2058,#2044,#105,.T.);
#2522=EDGE_CURVE('',#2042,#2060,#106,.T.);
#2523=EDGE_CURVE('',#2061,#2062,#1605,.F.);
#2524=EDGE_CURVE('',#2063,#2061,#1606,.T.);
#2525=EDGE_CURVE('',#2063,#2064,#1607,.T.);
#2526=EDGE_CURVE('',#2062,#2064,#1608,.T.);
#2527=EDGE_CURVE('',#2065,#2066,#1609,.T.);
#2528=EDGE_CURVE('',#2066,#2063,#107,.T.);
#2529=EDGE_CURVE('',#2061,#2065,#108,.T.);
#2530=EDGE_CURVE('',#2067,#2068,#1610,.F.);
#2531=EDGE_CURVE('',#2069,#2067,#1611,.F.);
#2532=EDGE_CURVE('',#2068,#2069,#1612,.F.);
#2533=EDGE_CURVE('',#2070,#2071,#1613,.T.);
#2534=EDGE_CURVE('',#2071,#2069,#109,.T.);
#2535=EDGE_CURVE('',#2067,#2070,#110,.T.);
#2536=EDGE_CURVE('',#2072,#2073,#1614,.F.);
#2537=EDGE_CURVE('',#2074,#2072,#1615,.F.);
#2538=EDGE_CURVE('',#2073,#2074,#1616,.F.);
#2539=EDGE_CURVE('',#2072,#2058,#111,.T.);
#2540=EDGE_CURVE('',#2059,#2074,#112,.T.);
#2541=EDGE_CURVE('',#2075,#2076,#1617,.F.);
#2542=EDGE_CURVE('',#2077,#2075,#1618,.F.);
#2543=EDGE_CURVE('',#2076,#2077,#1619,.F.);
#2544=EDGE_CURVE('',#2075,#2047,#113,.T.);
#2545=EDGE_CURVE('',#2049,#2077,#114,.T.);
#2546=EDGE_CURVE('',#2078,#2079,#1620,.F.);
#2547=EDGE_CURVE('',#2080,#2078,#1621,.T.);
#2548=EDGE_CURVE('',#2080,#2081,#1622,.T.);
#2549=EDGE_CURVE('',#2079,#2081,#1623,.T.);
#2550=EDGE_CURVE('',#2082,#2083,#1624,.F.);
#2551=EDGE_CURVE('',#2084,#2082,#1625,.F.);
#2552=EDGE_CURVE('',#2083,#2084,#1626,.F.);
#2553=EDGE_CURVE('',#2085,#2086,#1627,.T.);
#2554=EDGE_CURVE('',#2086,#2084,#115,.T.);
#2555=EDGE_CURVE('',#2082,#2085,#116,.T.);
#2556=EDGE_CURVE('',#2087,#2088,#1628,.F.);
#2557=EDGE_CURVE('',#2089,#2087,#1629,.T.);
#2558=EDGE_CURVE('',#2089,#2090,#1630,.T.);
#2559=EDGE_CURVE('',#2088,#2090,#1631,.T.);
#2560=EDGE_CURVE('',#2091,#2092,#1632,.F.);
#2561=EDGE_CURVE('',#2093,#2091,#1633,.F.);
#2562=EDGE_CURVE('',#2092,#2093,#1634,.F.);
#2563=EDGE_CURVE('',#2091,#2053,#117,.T.);
#2564=EDGE_CURVE('',#2055,#2093,#118,.T.);
#2565=EDGE_CURVE('',#2094,#2095,#1635,.F.);
#2566=EDGE_CURVE('',#2096,#2094,#1636,.F.);
#2567=EDGE_CURVE('',#2095,#2096,#1637,.F.);
#2568=EDGE_CURVE('',#2097,#2098,#1638,.F.);
#2569=EDGE_CURVE('',#2099,#2097,#1639,.F.);
#2570=EDGE_CURVE('',#2098,#2099,#1640,.F.);
#2571=EDGE_CURVE('',#2097,#2062,#119,.T.);
#2572=EDGE_CURVE('',#2064,#2099,#120,.T.);
#2573=EDGE_CURVE('',#2100,#2101,#1641,.F.);
#2574=EDGE_CURVE('',#2102,#2100,#1642,.F.);
#2575=EDGE_CURVE('',#2101,#2102,#1643,.F.);
#2576=EDGE_CURVE('',#2103,#2104,#1644,.T.);
#2577=EDGE_CURVE('',#2104,#2102,#121,.T.);
#2578=EDGE_CURVE('',#2100,#2103,#122,.T.);
#2579=EDGE_CURVE('',#2068,#2101,#123,.T.);
#2580=EDGE_CURVE('',#2102,#2067,#124,.T.);
#2581=EDGE_CURVE('',#2105,#2106,#1645,.F.);
#2582=EDGE_CURVE('',#2107,#2105,#1646,.T.);
#2583=EDGE_CURVE('',#2107,#2108,#1647,.T.);
#2584=EDGE_CURVE('',#2106,#2108,#1648,.T.);
#2585=EDGE_CURVE('',#2105,#2068,#125,.T.);
#2586=EDGE_CURVE('',#2069,#2107,#126,.T.);
#2587=EDGE_CURVE('',#2109,#2110,#1649,.F.);
#2588=EDGE_CURVE('',#2111,#2109,#1650,.F.);
#2589=EDGE_CURVE('',#2110,#2111,#1651,.F.);
#2590=EDGE_CURVE('',#2109,#2092,#127,.T.);
#2591=EDGE_CURVE('',#2093,#2111,#128,.T.);
#2592=EDGE_CURVE('',#2073,#2110,#129,.T.);
#2593=EDGE_CURVE('',#2111,#2072,#130,.T.);
#2594=EDGE_CURVE('',#2112,#2113,#1652,.F.);
#2595=EDGE_CURVE('',#2114,#2112,#1653,.F.);
#2596=EDGE_CURVE('',#2113,#2114,#1654,.F.);
#2597=EDGE_CURVE('',#2112,#2076,#131,.T.);
#2598=EDGE_CURVE('',#2077,#2114,#132,.T.);
#2599=EDGE_CURVE('',#2115,#2116,#1655,.F.);
#2600=EDGE_CURVE('',#2117,#2115,#1656,.F.);
#2601=EDGE_CURVE('',#2116,#2117,#1657,.F.);
#2602=EDGE_CURVE('',#2115,#2080,#133,.T.);
#2603=EDGE_CURVE('',#2078,#2117,#134,.T.);
#2604=EDGE_CURVE('',#2076,#2116,#135,.T.);
#2605=EDGE_CURVE('',#2117,#2075,#136,.T.);
#2606=EDGE_CURVE('',#2118,#2119,#1658,.T.);
#2607=EDGE_CURVE('',#2120,#2118,#1659,.F.);
#2608=EDGE_CURVE('',#2121,#2120,#1660,.T.);
#2609=EDGE_CURVE('',#2121,#2119,#1661,.T.);
#2610=EDGE_CURVE('',#2122,#2123,#1662,.F.);
#2611=EDGE_CURVE('',#2124,#2122,#1663,.F.);
#2612=EDGE_CURVE('',#2123,#2124,#1664,.F.);
#2613=EDGE_CURVE('',#2125,#2126,#1665,.F.);
#2614=EDGE_CURVE('',#2127,#2125,#1666,.T.);
#2615=EDGE_CURVE('',#2127,#2128,#1667,.T.);
#2616=EDGE_CURVE('',#2126,#2128,#1668,.T.);
#2617=EDGE_CURVE('',#2129,#2130,#1669,.F.);
#2618=EDGE_CURVE('',#2131,#2129,#1670,.F.);
#2619=EDGE_CURVE('',#2130,#2131,#1671,.F.);
#2620=EDGE_CURVE('',#2132,#2133,#1672,.T.);
#2621=EDGE_CURVE('',#2133,#2131,#137,.T.);
#2622=EDGE_CURVE('',#2129,#2132,#138,.T.);
#2623=EDGE_CURVE('',#2134,#2135,#1673,.F.);
#2624=EDGE_CURVE('',#2136,#2134,#1674,.F.);
#2625=EDGE_CURVE('',#2135,#2136,#1675,.F.);
#2626=EDGE_CURVE('',#2134,#2089,#139,.T.);
#2627=EDGE_CURVE('',#2087,#2136,#140,.T.);
#2628=EDGE_CURVE('',#2092,#2135,#141,.T.);
#2629=EDGE_CURVE('',#2136,#2091,#142,.T.);
#2630=EDGE_CURVE('',#2137,#2138,#1676,.F.);
#2631=EDGE_CURVE('',#2139,#2137,#1677,.T.);
#2632=EDGE_CURVE('',#2139,#2140,#1678,.T.);
#2633=EDGE_CURVE('',#2138,#2140,#1679,.T.);
#2634=EDGE_CURVE('',#2141,#2142,#1680,.F.);
#2635=EDGE_CURVE('',#2143,#2141,#1681,.T.);
#2636=EDGE_CURVE('',#2143,#2144,#1682,.T.);
#2637=EDGE_CURVE('',#2142,#2144,#1683,.T.);
#2638=EDGE_CURVE('',#2145,#2146,#1684,.F.);
#2639=EDGE_CURVE('',#2147,#2145,#1685,.T.);
#2640=EDGE_CURVE('',#2147,#2148,#1686,.T.);
#2641=EDGE_CURVE('',#2146,#2148,#1687,.T.);
#2642=EDGE_CURVE('',#2149,#2150,#1688,.F.);
#2643=EDGE_CURVE('',#2151,#2149,#1689,.T.);
#2644=EDGE_CURVE('',#2151,#2152,#1690,.T.);
#2645=EDGE_CURVE('',#2150,#2152,#1691,.T.);
#2646=EDGE_CURVE('',#2153,#2154,#1692,.F.);
#2647=EDGE_CURVE('',#2155,#2153,#1693,.T.);
#2648=EDGE_CURVE('',#2155,#2156,#1694,.T.);
#2649=EDGE_CURVE('',#2154,#2156,#1695,.T.);
#2650=EDGE_CURVE('',#2157,#2158,#1696,.F.);
#2651=EDGE_CURVE('',#2159,#2157,#1697,.T.);
#2652=EDGE_CURVE('',#2159,#2160,#1698,.T.);
#2653=EDGE_CURVE('',#2158,#2160,#1699,.T.);
#2654=EDGE_CURVE('',#2157,#2106,#143,.T.);
#2655=EDGE_CURVE('',#2108,#2159,#144,.T.);
#2656=EDGE_CURVE('',#2161,#2162,#1700,.F.);
#2657=EDGE_CURVE('',#2163,#2161,#1701,.T.);
#2658=EDGE_CURVE('',#2163,#2164,#1702,.T.);
#2659=EDGE_CURVE('',#2162,#2164,#1703,.T.);
#2660=EDGE_CURVE('',#2165,#2166,#1704,.F.);
#2661=EDGE_CURVE('',#2167,#2165,#1705,.F.);
#2662=EDGE_CURVE('',#2166,#2167,#1706,.F.);
#2663=EDGE_CURVE('',#2168,#2169,#1707,.T.);
#2664=EDGE_CURVE('',#2169,#2167,#145,.T.);
#2665=EDGE_CURVE('',#2165,#2168,#146,.T.);
#2666=EDGE_CURVE('',#2170,#2171,#1708,.F.);
#2667=EDGE_CURVE('',#2172,#2170,#1709,.F.);
#2668=EDGE_CURVE('',#2171,#2172,#1710,.F.);
#2669=EDGE_CURVE('',#2170,#2118,#147,.T.);
#2670=EDGE_CURVE('',#2119,#2172,#148,.T.);
#2671=EDGE_CURVE('',#2173,#2174,#1711,.F.);
#2672=EDGE_CURVE('',#2175,#2173,#1712,.F.);
#2673=EDGE_CURVE('',#2174,#2175,#1713,.F.);
#2674=EDGE_CURVE('',#2176,#2177,#1714,.F.);
#2675=EDGE_CURVE('',#2178,#2176,#1715,.T.);
#2676=EDGE_CURVE('',#2178,#2179,#1716,.T.);
#2677=EDGE_CURVE('',#2177,#2179,#1717,.T.);
#2678=EDGE_CURVE('',#2180,#2181,#1718,.F.);
#2679=EDGE_CURVE('',#2182,#2180,#1719,.T.);
#2680=EDGE_CURVE('',#2182,#2183,#1720,.T.);
#2681=EDGE_CURVE('',#2181,#2183,#1721,.T.);
#2682=EDGE_CURVE('',#2184,#2185,#1722,.T.);
#2683=EDGE_CURVE('',#2186,#2184,#1723,.F.);
#2684=EDGE_CURVE('',#2187,#2186,#1724,.T.);
#2685=EDGE_CURVE('',#2187,#2185,#1725,.T.);
#2686=EDGE_CURVE('',#2188,#2189,#1726,.T.);
#2687=EDGE_CURVE('',#2190,#2188,#1727,.F.);
#2688=EDGE_CURVE('',#2191,#2190,#1728,.T.);
#2689=EDGE_CURVE('',#2191,#2189,#1729,.T.);
#2690=EDGE_CURVE('',#2118,#2190,#149,.T.);
#2691=EDGE_CURVE('',#2188,#2120,#150,.T.);
#2692=EDGE_CURVE('',#2192,#2193,#1730,.F.);
#2693=EDGE_CURVE('',#2194,#2192,#1731,.T.);
#2694=EDGE_CURVE('',#2194,#2195,#1732,.T.);
#2695=EDGE_CURVE('',#2193,#2195,#1733,.T.);
#2696=EDGE_CURVE('',#2196,#2197,#1734,.F.);
#2697=EDGE_CURVE('',#2198,#2196,#1735,.T.);
#2698=EDGE_CURVE('',#2198,#2199,#1736,.T.);
#2699=EDGE_CURVE('',#2197,#2199,#1737,.T.);
#2700=EDGE_CURVE('',#2196,#2124,#151,.T.);
#2701=EDGE_CURVE('',#2122,#2198,#152,.T.);
#2702=EDGE_CURVE('',#2200,#2201,#1738,.T.);
#2703=EDGE_CURVE('',#2202,#2201,#1739,.T.);
#2704=EDGE_CURVE('',#2203,#2202,#1740,.F.);
#2705=EDGE_CURVE('',#2200,#2203,#1741,.T.);
#2706=EDGE_CURVE('',#2204,#2205,#1742,.F.);
#2707=EDGE_CURVE('',#2206,#2204,#1743,.T.);
#2708=EDGE_CURVE('',#2206,#2207,#1744,.T.);
#2709=EDGE_CURVE('',#2205,#2207,#1745,.T.);
#2710=EDGE_CURVE('',#2160,#2206,#153,.T.);
#2711=EDGE_CURVE('',#2204,#2158,#154,.T.);
#2712=EDGE_CURVE('',#2207,#2127,#155,.T.);
#2713=EDGE_CURVE('',#2125,#2205,#156,.T.);
#2714=EDGE_CURVE('',#2208,#2209,#1746,.F.);
#2715=EDGE_CURVE('',#2210,#2208,#1747,.T.);
#2716=EDGE_CURVE('',#2210,#2211,#1748,.T.);
#2717=EDGE_CURVE('',#2209,#2211,#1749,.T.);
#2718=EDGE_CURVE('',#2208,#2130,#157,.T.);
#2719=EDGE_CURVE('',#2131,#2210,#158,.T.);
#2720=EDGE_CURVE('',#2212,#2213,#1750,.F.);
#2721=EDGE_CURVE('',#2214,#2212,#1751,.T.);
#2722=EDGE_CURVE('',#2214,#2215,#1752,.T.);
#2723=EDGE_CURVE('',#2213,#2215,#1753,.T.);
#2724=EDGE_CURVE('',#2216,#2217,#1754,.F.);
#2725=EDGE_CURVE('',#2218,#2216,#1755,.T.);
#2726=EDGE_CURVE('',#2218,#2219,#1756,.T.);
#2727=EDGE_CURVE('',#2217,#2219,#1757,.T.);
#2728=EDGE_CURVE('',#2216,#2134,#159,.T.);
#2729=EDGE_CURVE('',#2135,#2218,#160,.T.);
#2730=EDGE_CURVE('',#2220,#2221,#1758,.F.);
#2731=EDGE_CURVE('',#2222,#2220,#1759,.T.);
#2732=EDGE_CURVE('',#2222,#2223,#1760,.T.);
#2733=EDGE_CURVE('',#2221,#2223,#1761,.T.);
#2734=EDGE_CURVE('',#2220,#2146,#161,.T.);
#2735=EDGE_CURVE('',#2148,#2222,#162,.T.);
#2736=EDGE_CURVE('',#2153,#2221,#163,.T.);
#2737=EDGE_CURVE('',#2223,#2155,#164,.T.);
#2738=EDGE_CURVE('',#2224,#2225,#1762,.T.);
#2739=EDGE_CURVE('',#2226,#2225,#1763,.T.);
#2740=EDGE_CURVE('',#2227,#2226,#1764,.F.);
#2741=EDGE_CURVE('',#2224,#2227,#1765,.T.);
#2742=EDGE_CURVE('',#2228,#2229,#1766,.F.);
#2743=EDGE_CURVE('',#2230,#2228,#1767,.T.);
#2744=EDGE_CURVE('',#2230,#2231,#1768,.T.);
#2745=EDGE_CURVE('',#2229,#2231,#1769,.T.);
#2746=EDGE_CURVE('',#2152,#2230,#165,.T.);
#2747=EDGE_CURVE('',#2228,#2150,#166,.T.);
#2748=EDGE_CURVE('',#2231,#2143,#167,.T.);
#2749=EDGE_CURVE('',#2141,#2229,#168,.T.);
#2750=EDGE_CURVE('',#2232,#2233,#1770,.T.);
#2751=EDGE_CURVE('',#2234,#2232,#1771,.F.);
#2752=EDGE_CURVE('',#2235,#2234,#1772,.T.);
#2753=EDGE_CURVE('',#2235,#2233,#1773,.T.);
#2754=EDGE_CURVE('',#2146,#2234,#169,.T.);
#2755=EDGE_CURVE('',#2232,#2145,#170,.T.);
#2756=EDGE_CURVE('',#2236,#2019,#1774,.T.);
#2757=EDGE_CURVE('',#2236,#2040,#1775,.T.);
#2758=EDGE_CURVE('',#2021,#2163,#171,.T.);
#2759=EDGE_CURVE('',#2161,#2236,#172,.T.);
#2760=EDGE_CURVE('',#2041,#2157,#173,.T.);
#2761=EDGE_CURVE('',#2158,#2039,#174,.T.);
#2762=EDGE_CURVE('',#2237,#2238,#1776,.F.);
#2763=EDGE_CURVE('',#2239,#2237,#1777,.T.);
#2764=EDGE_CURVE('',#2239,#2240,#1778,.T.);
#2765=EDGE_CURVE('',#2238,#2240,#1779,.T.);
#2766=EDGE_CURVE('',#2237,#2166,#175,.T.);
#2767=EDGE_CURVE('',#2167,#2239,#176,.T.);
#2768=EDGE_CURVE('',#2241,#2242,#1780,.F.);
#2769=EDGE_CURVE('',#2243,#2241,#1781,.F.);
#2770=EDGE_CURVE('',#2242,#2243,#1782,.F.);
#2771=EDGE_CURVE('',#2244,#2245,#1783,.T.);
#2772=EDGE_CURVE('',#2245,#2243,#177,.T.);
#2773=EDGE_CURVE('',#2241,#2244,#178,.T.);
#2774=EDGE_CURVE('',#2166,#2242,#179,.T.);
#2775=EDGE_CURVE('',#2243,#2165,#180,.T.);
#2776=EDGE_CURVE('',#2246,#2247,#1784,.F.);
#2777=EDGE_CURVE('',#2248,#2246,#1785,.F.);
#2778=EDGE_CURVE('',#2247,#2248,#1786,.F.);
#2779=EDGE_CURVE('',#2246,#2182,#181,.T.);
#2780=EDGE_CURVE('',#2180,#2248,#182,.T.);
#2781=EDGE_CURVE('',#2195,#2247,#183,.T.);
#2782=EDGE_CURVE('',#2248,#2193,#184,.T.);
#2783=EDGE_CURVE('',#2249,#2250,#1787,.F.);
#2784=EDGE_CURVE('',#2251,#2249,#1788,.F.);
#2785=EDGE_CURVE('',#2250,#2251,#1789,.F.);
#2786=EDGE_CURVE('',#2252,#2253,#1790,.F.);
#2787=EDGE_CURVE('',#2254,#2252,#1791,.F.);
#2788=EDGE_CURVE('',#2253,#2254,#1792,.F.);
#2789=EDGE_CURVE('',#2252,#2178,#185,.T.);
#2790=EDGE_CURVE('',#2176,#2254,#186,.T.);
#2791=EDGE_CURVE('',#2255,#2256,#1793,.F.);
#2792=EDGE_CURVE('',#2257,#2255,#1794,.T.);
#2793=EDGE_CURVE('',#2257,#2258,#1795,.T.);
#2794=EDGE_CURVE('',#2256,#2258,#1796,.T.);
#2795=EDGE_CURVE('',#2259,#2260,#1797,.T.);
#2796=EDGE_CURVE('',#2260,#2257,#187,.T.);
#2797=EDGE_CURVE('',#2255,#2259,#188,.T.);
#2798=EDGE_CURVE('',#2261,#2262,#1798,.T.);
#2799=EDGE_CURVE('',#2263,#2261,#1799,.F.);
#2800=EDGE_CURVE('',#2264,#2263,#1800,.T.);
#2801=EDGE_CURVE('',#2264,#2262,#1801,.T.);
#2802=EDGE_CURVE('',#2181,#2263,#189,.T.);
#2803=EDGE_CURVE('',#2261,#2180,#190,.T.);
#2804=EDGE_CURVE('',#2263,#2200,#191,.T.);
#2805=EDGE_CURVE('',#2203,#2264,#192,.T.);
#2806=EDGE_CURVE('',#2265,#2266,#1802,.T.);
#2807=EDGE_CURVE('',#2267,#2265,#1803,.F.);
#2808=EDGE_CURVE('',#2268,#2267,#1804,.T.);
#2809=EDGE_CURVE('',#2268,#2266,#1805,.T.);
#2810=EDGE_CURVE('',#2265,#2186,#193,.T.);
#2811=EDGE_CURVE('',#2184,#2267,#194,.T.);
#2812=EDGE_CURVE('',#2269,#2270,#1806,.T.);
#2813=EDGE_CURVE('',#2271,#2270,#1807,.T.);
#2814=EDGE_CURVE('',#2272,#2271,#1808,.F.);
#2815=EDGE_CURVE('',#2269,#2272,#1809,.T.);
#2816=EDGE_CURVE('',#2270,#2232,#195,.T.);
#2817=EDGE_CURVE('',#2233,#2271,#196,.T.);
#2818=EDGE_CURVE('',#2273,#2274,#1810,.F.);
#2819=EDGE_CURVE('',#2275,#2273,#1811,.T.);
#2820=EDGE_CURVE('',#2275,#2276,#1812,.T.);
#2821=EDGE_CURVE('',#2274,#2276,#1813,.T.);
#2822=EDGE_CURVE('',#2219,#2275,#197,.T.);
#2823=EDGE_CURVE('',#2273,#2217,#198,.T.);
#2824=EDGE_CURVE('',#2276,#2194,#199,.T.);
#2825=EDGE_CURVE('',#2192,#2274,#200,.T.);
#2826=EDGE_CURVE('',#2277,#2278,#1814,.T.);
#2827=EDGE_CURVE('',#2279,#2278,#1815,.T.);
#2828=EDGE_CURVE('',#2280,#2279,#1816,.F.);
#2829=EDGE_CURVE('',#2277,#2280,#1817,.T.);
#2830=EDGE_CURVE('',#2212,#2279,#201,.T.);
#2831=EDGE_CURVE('',#2278,#2214,#202,.T.);
#2832=EDGE_CURVE('',#2281,#2282,#1818,.T.);
#2833=EDGE_CURVE('',#2283,#2282,#1819,.T.);
#2834=EDGE_CURVE('',#2284,#2283,#1820,.F.);
#2835=EDGE_CURVE('',#2281,#2284,#1821,.T.);
#2836=EDGE_CURVE('',#2285,#2286,#1822,.F.);
#2837=EDGE_CURVE('',#2287,#2285,#1823,.T.);
#2838=EDGE_CURVE('',#2287,#2288,#1824,.T.);
#2839=EDGE_CURVE('',#2286,#2288,#1825,.T.);
#2840=EDGE_CURVE('',#2289,#1995,#1826,.T.);
#2841=EDGE_CURVE('',#2289,#2016,#1827,.T.);
#2842=EDGE_CURVE('',#2290,#1971,#1828,.T.);
#2843=EDGE_CURVE('',#2290,#1992,#1829,.T.);
#2844=EDGE_CURVE('',#2029,#1975,#203,.T.);
#2845=EDGE_CURVE('',#1977,#2027,#204,.T.);
#2846=EDGE_CURVE('',#1973,#2228,#205,.T.);
#2847=EDGE_CURVE('',#2229,#2290,#206,.T.);
#2848=EDGE_CURVE('',#1993,#2226,#207,.T.);
#2849=EDGE_CURVE('',#2225,#1991,#208,.T.);
#2850=EDGE_CURVE('',#2291,#2292,#1830,.F.);
#2851=EDGE_CURVE('',#2293,#2291,#1831,.T.);
#2852=EDGE_CURVE('',#2293,#2294,#1832,.T.);
#2853=EDGE_CURVE('',#2292,#2294,#1833,.T.);
#2854=EDGE_CURVE('',#2295,#2296,#1834,.F.);
#2855=EDGE_CURVE('',#2297,#2295,#1835,.F.);
#2856=EDGE_CURVE('',#2296,#2297,#1836,.F.);
#2857=EDGE_CURVE('',#2249,#2297,#209,.T.);
#2858=EDGE_CURVE('',#2295,#2251,#210,.T.);
#2859=EDGE_CURVE('',#2247,#2296,#211,.T.);
#2860=EDGE_CURVE('',#2297,#2246,#212,.T.);
#2861=EDGE_CURVE('',#2298,#2299,#1837,.F.);
#2862=EDGE_CURVE('',#2300,#2298,#1838,.F.);
#2863=EDGE_CURVE('',#2299,#2300,#1839,.F.);
#2864=EDGE_CURVE('',#2298,#2256,#213,.T.);
#2865=EDGE_CURVE('',#2258,#2300,#214,.T.);
#2866=EDGE_CURVE('',#2301,#2302,#1840,.F.);
#2867=EDGE_CURVE('',#2303,#2301,#1841,.T.);
#2868=EDGE_CURVE('',#2303,#2304,#1842,.T.);
#2869=EDGE_CURVE('',#2302,#2304,#1843,.T.);
#2870=EDGE_CURVE('',#2284,#2303,#215,.T.);
#2871=EDGE_CURVE('',#2301,#2281,#216,.T.);
#2872=EDGE_CURVE('',#2304,#2261,#217,.T.);
#2873=EDGE_CURVE('',#2262,#2302,#218,.T.);
#2874=EDGE_CURVE('',#2305,#2306,#1844,.F.);
#2875=EDGE_CURVE('',#2307,#2305,#1845,.T.);
#2876=EDGE_CURVE('',#2307,#2308,#1846,.T.);
#2877=EDGE_CURVE('',#2306,#2308,#1847,.T.);
#2878=EDGE_CURVE('',#2267,#2307,#219,.T.);
#2879=EDGE_CURVE('',#2305,#2268,#220,.T.);
#2880=EDGE_CURVE('',#2309,#1947,#1848,.T.);
#2881=EDGE_CURVE('',#2309,#1968,#1849,.T.);
#2882=EDGE_CURVE('',#1961,#2283,#221,.T.);
#2883=EDGE_CURVE('',#2282,#1959,#222,.T.);
#2884=EDGE_CURVE('',#2310,#2311,#1850,.F.);
#2885=EDGE_CURVE('',#2312,#2310,#1851,.T.);
#2886=EDGE_CURVE('',#2312,#2313,#1852,.T.);
#2887=EDGE_CURVE('',#2311,#2313,#1853,.T.);
#2888=EDGE_CURVE('',#2314,#2315,#1854,.F.);
#2889=EDGE_CURVE('',#2316,#2314,#1855,.T.);
#2890=EDGE_CURVE('',#2316,#2317,#1856,.T.);
#2891=EDGE_CURVE('',#2315,#2317,#1857,.T.);
#2892=EDGE_CURVE('',#2314,#2295,#223,.T.);
#2893=EDGE_CURVE('',#2296,#2316,#224,.T.);
#2894=EDGE_CURVE('',#2317,#2299,#225,.T.);
#2895=EDGE_CURVE('',#2300,#2315,#226,.T.);
#2896=EDGE_CURVE('',#2318,#2319,#1858,.T.);
#2897=EDGE_CURVE('',#2320,#2319,#1859,.T.);
#2898=EDGE_CURVE('',#2321,#2320,#1860,.F.);
#2899=EDGE_CURVE('',#2318,#2321,#1861,.T.);
#2900=EDGE_CURVE('',#2322,#2323,#1862,.F.);
#2901=EDGE_CURVE('',#2324,#2322,#1863,.T.);
#2902=EDGE_CURVE('',#2324,#2325,#1864,.T.);
#2903=EDGE_CURVE('',#2323,#2325,#1865,.T.);
#2904=EDGE_CURVE('',#2326,#2327,#1866,.F.);
#2905=EDGE_CURVE('',#2328,#2326,#1867,.T.);
#2906=EDGE_CURVE('',#2328,#2329,#1868,.T.);
#2907=EDGE_CURVE('',#2327,#2329,#1869,.T.);
#2908=EDGE_CURVE('',#2330,#2331,#1870,.F.);
#2909=EDGE_CURVE('',#2332,#2330,#1871,.T.);
#2910=EDGE_CURVE('',#2332,#2333,#1872,.T.);
#2911=EDGE_CURVE('',#2331,#2333,#1873,.T.);
#2912=EDGE_CURVE('',#2334,#2335,#1874,.F.);
#2913=EDGE_CURVE('',#2336,#2334,#1875,.T.);
#2914=EDGE_CURVE('',#2336,#2337,#1876,.T.);
#2915=EDGE_CURVE('',#2335,#2337,#1877,.T.);
#2916=EDGE_CURVE('',#2326,#2336,#227,.T.);
#2917=EDGE_CURVE('',#2334,#2328,#228,.T.);
#2918=EDGE_CURVE('',#2338,#2339,#1878,.F.);
#2919=EDGE_CURVE('',#2340,#2338,#1879,.F.);
#2920=EDGE_CURVE('',#2339,#2340,#1880,.F.);
#2921=EDGE_CURVE('',#2341,#2342,#1881,.T.);
#2922=EDGE_CURVE('',#2342,#2340,#229,.T.);
#2923=EDGE_CURVE('',#2338,#2341,#230,.T.);
#2924=EDGE_CURVE('',#2330,#2339,#231,.T.);
#2925=EDGE_CURVE('',#2340,#2332,#232,.T.);
#2926=EDGE_CURVE('',#2343,#2344,#1882,.F.);
#2927=EDGE_CURVE('',#2345,#2343,#1883,.F.);
#2928=EDGE_CURVE('',#2344,#2345,#1884,.F.);
#2929=EDGE_CURVE('',#2346,#2347,#1885,.T.);
#2930=EDGE_CURVE('',#2347,#2345,#233,.T.);
#2931=EDGE_CURVE('',#2343,#2346,#234,.T.);
#2932=EDGE_CURVE('',#2339,#2344,#235,.T.);
#2933=EDGE_CURVE('',#2345,#2338,#236,.T.);
#2934=EDGE_CURVE('',#2337,#2343,#237,.T.);
#2935=EDGE_CURVE('',#2344,#2335,#238,.T.);
#2936=EDGE_CURVE('',#2335,#2330,#239,.T.);
#2937=EDGE_CURVE('',#2331,#2334,#240,.T.);
#2938=EDGE_CURVE('',#2322,#2331,#241,.T.);
#2939=EDGE_CURVE('',#2333,#2324,#242,.T.);
#2940=EDGE_CURVE('',#2319,#2327,#243,.T.);
#2941=EDGE_CURVE('',#2329,#2320,#244,.T.);
#2942=EDGE_CURVE('',#2315,#2326,#245,.T.);
#2943=EDGE_CURVE('',#2327,#2314,#246,.T.);
#2944=EDGE_CURVE('',#2310,#2323,#247,.T.);
#2945=EDGE_CURVE('',#2325,#2312,#248,.T.);
#2946=EDGE_CURVE('',#1957,#2322,#249,.T.);
#2947=EDGE_CURVE('',#2323,#1955,#250,.T.);
#2948=EDGE_CURVE('',#2320,#2301,#251,.T.);
#2949=EDGE_CURVE('',#2302,#2321,#252,.T.);
#2950=EDGE_CURVE('',#2308,#2318,#253,.T.);
#2951=EDGE_CURVE('',#2321,#2306,#254,.T.);
#2952=EDGE_CURVE('',#2313,#2293,#255,.T.);
#2953=EDGE_CURVE('',#2291,#2311,#256,.T.);
#2954=EDGE_CURVE('',#2311,#1987,#257,.T.);
#2955=EDGE_CURVE('',#1989,#2310,#258,.T.);
#2956=EDGE_CURVE('',#2285,#1951,#259,.T.);
#2957=EDGE_CURVE('',#1953,#2287,#260,.T.);
#2958=EDGE_CURVE('',#2279,#2309,#261,.T.);
#2959=EDGE_CURVE('',#1949,#2280,#262,.T.);
#2960=EDGE_CURVE('',#2001,#1967,#263,.T.);
#2961=EDGE_CURVE('',#1969,#1999,#264,.T.);
#2962=EDGE_CURVE('',#2274,#1963,#265,.T.);
#2963=EDGE_CURVE('',#1965,#2273,#266,.T.);
#2964=EDGE_CURVE('',#2271,#2305,#267,.T.);
#2965=EDGE_CURVE('',#2306,#2272,#268,.T.);
#2966=EDGE_CURVE('',#2299,#2253,#269,.T.);
#2967=EDGE_CURVE('',#2254,#2298,#270,.T.);
#2968=EDGE_CURVE('',#2294,#2241,#271,.T.);
#2969=EDGE_CURVE('',#2242,#2292,#272,.T.);
#2970=EDGE_CURVE('',#2292,#2237,#273,.T.);
#2971=EDGE_CURVE('',#2238,#2291,#274,.T.);
#2972=EDGE_CURVE('',#1985,#2235,#275,.T.);
#2973=EDGE_CURVE('',#2234,#1983,#276,.T.);
#2974=EDGE_CURVE('',#1981,#2220,#277,.T.);
#2975=EDGE_CURVE('',#2221,#1979,#278,.T.);
#2976=EDGE_CURVE('',#1997,#2212,#279,.T.);
#2977=EDGE_CURVE('',#2213,#2289,#280,.T.);
#2978=EDGE_CURVE('',#2037,#2015,#281,.T.);
#2979=EDGE_CURVE('',#2017,#2035,#282,.T.);
#2980=EDGE_CURVE('',#2205,#2011,#283,.T.);
#2981=EDGE_CURVE('',#2013,#2204,#284,.T.);
#2982=EDGE_CURVE('',#2009,#2209,#285,.T.);
#2983=EDGE_CURVE('',#2211,#2007,#286,.T.);
#2984=EDGE_CURVE('',#2005,#2216,#287,.T.);
#2985=EDGE_CURVE('',#2217,#2003,#288,.T.);
#2986=EDGE_CURVE('',#2201,#2286,#289,.T.);
#2987=EDGE_CURVE('',#2288,#2202,#290,.T.);
#2988=EDGE_CURVE('',#2197,#2285,#291,.T.);
#2989=EDGE_CURVE('',#2286,#2196,#292,.T.);
#2990=EDGE_CURVE('',#2283,#2192,#293,.T.);
#2991=EDGE_CURVE('',#2193,#2284,#294,.T.);
#2992=EDGE_CURVE('',#2199,#2277,#295,.T.);
#2993=EDGE_CURVE('',#2280,#2197,#296,.T.);
#2994=EDGE_CURVE('',#2190,#2269,#297,.T.);
#2995=EDGE_CURVE('',#2272,#2191,#298,.T.);
#2996=EDGE_CURVE('',#2266,#2238,#299,.T.);
#2997=EDGE_CURVE('',#2240,#2265,#300,.T.);
#2998=EDGE_CURVE('',#2177,#2255,#301,.T.);
#2999=EDGE_CURVE('',#2256,#2176,#302,.T.);
#3000=EDGE_CURVE('',#2173,#2252,#303,.T.);
#3001=EDGE_CURVE('',#2253,#2175,#304,.T.);
#3002=EDGE_CURVE('',#2185,#2250,#305,.T.);
#3003=EDGE_CURVE('',#2251,#2184,#306,.T.);
#3004=EDGE_CURVE('',#2250,#2171,#307,.T.);
#3005=EDGE_CURVE('',#2172,#2249,#308,.T.);
#3006=EDGE_CURVE('',#2150,#2031,#309,.T.);
#3007=EDGE_CURVE('',#2033,#2149,#310,.T.);
#3008=EDGE_CURVE('',#2154,#2023,#311,.T.);
#3009=EDGE_CURVE('',#2025,#2153,#312,.T.);
#3010=EDGE_CURVE('',#2226,#2141,#313,.T.);
#3011=EDGE_CURVE('',#2142,#2227,#314,.T.);
#3012=EDGE_CURVE('',#2137,#2224,#315,.T.);
#3013=EDGE_CURVE('',#2227,#2139,#316,.T.);
#3014=EDGE_CURVE('',#2149,#2213,#317,.T.);
#3015=EDGE_CURVE('',#2215,#2151,#318,.T.);
#3016=EDGE_CURVE('',#2126,#2208,#319,.T.);
#3017=EDGE_CURVE('',#2209,#2125,#320,.T.);
#3018=EDGE_CURVE('',#2202,#2137,#321,.T.);
#3019=EDGE_CURVE('',#2138,#2203,#322,.T.);
#3020=EDGE_CURVE('',#2140,#2188,#323,.T.);
#3021=EDGE_CURVE('',#2189,#2138,#324,.T.);
#3022=EDGE_CURVE('',#2186,#2115,#325,.T.);
#3023=EDGE_CURVE('',#2116,#2187,#326,.T.);
#3024=EDGE_CURVE('',#2183,#2123,#327,.T.);
#3025=EDGE_CURVE('',#2124,#2181,#328,.T.);
#3026=EDGE_CURVE('',#2348,#2349,#1886,.T.);
#3027=EDGE_CURVE('',#2349,#2177,#329,.T.);
#3028=EDGE_CURVE('',#2179,#2348,#330,.T.);
#3029=EDGE_CURVE('',#2110,#2174,#331,.T.);
#3030=EDGE_CURVE('',#2175,#2109,#332,.T.);
#3031=EDGE_CURVE('',#2174,#2113,#333,.T.);
#3032=EDGE_CURVE('',#2114,#2173,#334,.T.);
#3033=EDGE_CURVE('',#2145,#2170,#335,.T.);
#3034=EDGE_CURVE('',#2171,#2147,#336,.T.);
#3035=EDGE_CURVE('',#2164,#2100,#337,.T.);
#3036=EDGE_CURVE('',#2101,#2162,#338,.T.);
#3037=EDGE_CURVE('',#2162,#2105,#339,.T.);
#3038=EDGE_CURVE('',#2106,#2161,#340,.T.);
#3039=EDGE_CURVE('',#2156,#2098,#341,.T.);
#3040=EDGE_CURVE('',#2099,#2154,#342,.T.);
#3041=EDGE_CURVE('',#2144,#2096,#343,.T.);
#3042=EDGE_CURVE('',#2094,#2142,#344,.T.);
#3043=EDGE_CURVE('',#2130,#2083,#345,.T.);
#3044=EDGE_CURVE('',#2084,#2129,#346,.T.);
#3045=EDGE_CURVE('',#2128,#2082,#347,.T.);
#3046=EDGE_CURVE('',#2083,#2126,#348,.T.);
#3047=EDGE_CURVE('',#2123,#2095,#349,.T.);
#3048=EDGE_CURVE('',#2096,#2122,#350,.T.);
#3049=EDGE_CURVE('',#2120,#2094,#351,.T.);
#3050=EDGE_CURVE('',#2095,#2121,#352,.T.);
#3051=EDGE_CURVE('',#2074,#2112,#353,.T.);
#3052=EDGE_CURVE('',#2113,#2073,#354,.T.);
#3053=EDGE_CURVE('',#2098,#2059,#355,.T.);
#3054=EDGE_CURVE('',#2060,#2097,#356,.T.);
#3055=EDGE_CURVE('',#2350,#2351,#1887,.T.);
#3056=EDGE_CURVE('',#2351,#2088,#357,.T.);
#3057=EDGE_CURVE('',#2090,#2350,#358,.T.);
#3058=EDGE_CURVE('',#2088,#2052,#359,.T.);
#3059=EDGE_CURVE('',#2053,#2087,#360,.T.);
#3060=EDGE_CURVE('',#2352,#2353,#1888,.T.);
#3061=EDGE_CURVE('',#2353,#2079,#361,.T.);
#3062=EDGE_CURVE('',#2081,#2352,#362,.T.);
#3063=EDGE_CURVE('',#2079,#2046,#363,.T.);
#3064=EDGE_CURVE('',#2047,#2078,#364,.T.);
#3065=EDGE_CURVE('',#2043,#2061,#365,.T.);
#3066=EDGE_CURVE('',#2062,#2042,#366,.T.);
#3067=EDGE_CURVE('',#2354,#2355,#1889,.T.);
#3068=EDGE_CURVE('',#2355,#2043,#367,.T.);
#3069=EDGE_CURVE('',#2045,#2354,#368,.T.);
#3070=EDGE_CURVE('',#2066,#2103,#369,.T.);
#3071=EDGE_CURVE('',#2355,#2065,#370,.T.);
#3072=EDGE_CURVE('',#2071,#2354,#371,.T.);
#3073=EDGE_CURVE('',#2104,#2070,#372,.T.);
#3074=EDGE_CURVE('',#2356,#2356,#1890,.T.);
#3075=EDGE_CURVE('',#2351,#2056,#373,.T.);
#3076=EDGE_CURVE('',#2260,#2346,#374,.T.);
#3077=EDGE_CURVE('',#2349,#2259,#375,.T.);
#3078=EDGE_CURVE('',#2342,#2348,#376,.T.);
#3079=EDGE_CURVE('',#2347,#2341,#377,.T.);
#3080=EDGE_CURVE('',#2357,#2357,#1891,.T.);
#3081=EDGE_CURVE('',#2353,#2050,#378,.T.);
#3082=EDGE_CURVE('',#2358,#2358,#1892,.T.);
#3083=EDGE_CURVE('',#2359,#2359,#1893,.T.);
#3084=EDGE_CURVE('',#2360,#2360,#1894,.T.);
#3085=EDGE_CURVE('',#2361,#2361,#1895,.T.);
#3086=EDGE_CURVE('',#2358,#2356,#379,.T.);
#3087=EDGE_CURVE('',#2359,#2362,#380,.T.);
#3088=EDGE_CURVE('',#2362,#2362,#1896,.T.);
#3089=EDGE_CURVE('',#2133,#2350,#381,.T.);
#3090=EDGE_CURVE('',#2086,#2132,#382,.T.);
#3091=EDGE_CURVE('',#2057,#2085,#383,.T.);
#3092=EDGE_CURVE('',#2361,#2357,#384,.T.);
#3093=EDGE_CURVE('',#2360,#2363,#385,.T.);
#3094=EDGE_CURVE('',#2363,#2363,#1897,.T.);
#3095=EDGE_CURVE('',#2051,#2244,#386,.T.);
#3096=EDGE_CURVE('',#2169,#2352,#387,.T.);
#3097=EDGE_CURVE('',#2245,#2168,#388,.T.);
#3098=ORIENTED_EDGE('',*,*,#2364,.F.);
#3099=ORIENTED_EDGE('',*,*,#2365,.T.);
#3100=ORIENTED_EDGE('',*,*,#2366,.T.);
#3101=ORIENTED_EDGE('',*,*,#2367,.F.);
#3102=ORIENTED_EDGE('',*,*,#2365,.F.);
#3103=ORIENTED_EDGE('',*,*,#2368,.T.);
#3104=ORIENTED_EDGE('',*,*,#2369,.F.);
#3105=ORIENTED_EDGE('',*,*,#2370,.T.);
#3106=ORIENTED_EDGE('',*,*,#2368,.F.);
#3107=ORIENTED_EDGE('',*,*,#2371,.T.);
#3108=ORIENTED_EDGE('',*,*,#2372,.T.);
#3109=ORIENTED_EDGE('',*,*,#2373,.F.);
#3110=ORIENTED_EDGE('',*,*,#2371,.F.);
#3111=ORIENTED_EDGE('',*,*,#2374,.T.);
#3112=ORIENTED_EDGE('',*,*,#2375,.F.);
#3113=ORIENTED_EDGE('',*,*,#2376,.T.);
#3114=ORIENTED_EDGE('',*,*,#2374,.F.);
#3115=ORIENTED_EDGE('',*,*,#2377,.T.);
#3116=ORIENTED_EDGE('',*,*,#2378,.T.);
#3117=ORIENTED_EDGE('',*,*,#2379,.F.);
#3118=ORIENTED_EDGE('',*,*,#2377,.F.);
#3119=ORIENTED_EDGE('',*,*,#2380,.T.);
#3120=ORIENTED_EDGE('',*,*,#2381,.F.);
#3121=ORIENTED_EDGE('',*,*,#2382,.T.);
#3122=ORIENTED_EDGE('',*,*,#2380,.F.);
#3123=ORIENTED_EDGE('',*,*,#2383,.T.);
#3124=ORIENTED_EDGE('',*,*,#2384,.T.);
#3125=ORIENTED_EDGE('',*,*,#2385,.F.);
#3126=ORIENTED_EDGE('',*,*,#2383,.F.);
#3127=ORIENTED_EDGE('',*,*,#2386,.T.);
#3128=ORIENTED_EDGE('',*,*,#2387,.F.);
#3129=ORIENTED_EDGE('',*,*,#2388,.T.);
#3130=ORIENTED_EDGE('',*,*,#2386,.F.);
#3131=ORIENTED_EDGE('',*,*,#2389,.T.);
#3132=ORIENTED_EDGE('',*,*,#2390,.T.);
#3133=ORIENTED_EDGE('',*,*,#2391,.F.);
#3134=ORIENTED_EDGE('',*,*,#2389,.F.);
#3135=ORIENTED_EDGE('',*,*,#2392,.T.);
#3136=ORIENTED_EDGE('',*,*,#2393,.F.);
#3137=ORIENTED_EDGE('',*,*,#2394,.T.);
#3138=ORIENTED_EDGE('',*,*,#2392,.F.);
#3139=ORIENTED_EDGE('',*,*,#2395,.T.);
#3140=ORIENTED_EDGE('',*,*,#2396,.T.);
#3141=ORIENTED_EDGE('',*,*,#2397,.F.);
#3142=ORIENTED_EDGE('',*,*,#2398,.F.);
#3143=ORIENTED_EDGE('',*,*,#2399,.T.);
#3144=ORIENTED_EDGE('',*,*,#2400,.T.);
#3145=ORIENTED_EDGE('',*,*,#2401,.F.);
#3146=ORIENTED_EDGE('',*,*,#2399,.F.);
#3147=ORIENTED_EDGE('',*,*,#2402,.T.);
#3148=ORIENTED_EDGE('',*,*,#2403,.F.);
#3149=ORIENTED_EDGE('',*,*,#2404,.T.);
#3150=ORIENTED_EDGE('',*,*,#2402,.F.);
#3151=ORIENTED_EDGE('',*,*,#2405,.T.);
#3152=ORIENTED_EDGE('',*,*,#2406,.T.);
#3153=ORIENTED_EDGE('',*,*,#2407,.F.);
#3154=ORIENTED_EDGE('',*,*,#2405,.F.);
#3155=ORIENTED_EDGE('',*,*,#2408,.T.);
#3156=ORIENTED_EDGE('',*,*,#2409,.F.);
#3157=ORIENTED_EDGE('',*,*,#2410,.T.);
#3158=ORIENTED_EDGE('',*,*,#2408,.F.);
#3159=ORIENTED_EDGE('',*,*,#2411,.T.);
#3160=ORIENTED_EDGE('',*,*,#2412,.T.);
#3161=ORIENTED_EDGE('',*,*,#2413,.F.);
#3162=ORIENTED_EDGE('',*,*,#2411,.F.);
#3163=ORIENTED_EDGE('',*,*,#2414,.T.);
#3164=ORIENTED_EDGE('',*,*,#2415,.F.);
#3165=ORIENTED_EDGE('',*,*,#2416,.T.);
#3166=ORIENTED_EDGE('',*,*,#2414,.F.);
#3167=ORIENTED_EDGE('',*,*,#2417,.T.);
#3168=ORIENTED_EDGE('',*,*,#2418,.T.);
#3169=ORIENTED_EDGE('',*,*,#2419,.F.);
#3170=ORIENTED_EDGE('',*,*,#2417,.F.);
#3171=ORIENTED_EDGE('',*,*,#2420,.T.);
#3172=ORIENTED_EDGE('',*,*,#2421,.F.);
#3173=ORIENTED_EDGE('',*,*,#2422,.T.);
#3174=ORIENTED_EDGE('',*,*,#2420,.F.);
#3175=ORIENTED_EDGE('',*,*,#2423,.T.);
#3176=ORIENTED_EDGE('',*,*,#2424,.T.);
#3177=ORIENTED_EDGE('',*,*,#2425,.F.);
#3178=ORIENTED_EDGE('',*,*,#2423,.F.);
#3179=ORIENTED_EDGE('',*,*,#2426,.T.);
#3180=ORIENTED_EDGE('',*,*,#2427,.F.);
#3181=ORIENTED_EDGE('',*,*,#2428,.T.);
#3182=ORIENTED_EDGE('',*,*,#2426,.F.);
#3183=ORIENTED_EDGE('',*,*,#2429,.T.);
#3184=ORIENTED_EDGE('',*,*,#2430,.T.);
#3185=ORIENTED_EDGE('',*,*,#2431,.F.);
#3186=ORIENTED_EDGE('',*,*,#2432,.F.);
#3187=ORIENTED_EDGE('',*,*,#2433,.T.);
#3188=ORIENTED_EDGE('',*,*,#2434,.T.);
#3189=ORIENTED_EDGE('',*,*,#2435,.F.);
#3190=ORIENTED_EDGE('',*,*,#2433,.F.);
#3191=ORIENTED_EDGE('',*,*,#2436,.T.);
#3192=ORIENTED_EDGE('',*,*,#2437,.F.);
#3193=ORIENTED_EDGE('',*,*,#2438,.T.);
#3194=ORIENTED_EDGE('',*,*,#2436,.F.);
#3195=ORIENTED_EDGE('',*,*,#2439,.T.);
#3196=ORIENTED_EDGE('',*,*,#2440,.T.);
#3197=ORIENTED_EDGE('',*,*,#2441,.F.);
#3198=ORIENTED_EDGE('',*,*,#2439,.F.);
#3199=ORIENTED_EDGE('',*,*,#2442,.T.);
#3200=ORIENTED_EDGE('',*,*,#2443,.F.);
#3201=ORIENTED_EDGE('',*,*,#2444,.T.);
#3202=ORIENTED_EDGE('',*,*,#2442,.F.);
#3203=ORIENTED_EDGE('',*,*,#2445,.T.);
#3204=ORIENTED_EDGE('',*,*,#2446,.T.);
#3205=ORIENTED_EDGE('',*,*,#2447,.F.);
#3206=ORIENTED_EDGE('',*,*,#2445,.F.);
#3207=ORIENTED_EDGE('',*,*,#2448,.T.);
#3208=ORIENTED_EDGE('',*,*,#2449,.F.);
#3209=ORIENTED_EDGE('',*,*,#2450,.T.);
#3210=ORIENTED_EDGE('',*,*,#2448,.F.);
#3211=ORIENTED_EDGE('',*,*,#2451,.T.);
#3212=ORIENTED_EDGE('',*,*,#2452,.T.);
#3213=ORIENTED_EDGE('',*,*,#2453,.F.);
#3214=ORIENTED_EDGE('',*,*,#2451,.F.);
#3215=ORIENTED_EDGE('',*,*,#2454,.T.);
#3216=ORIENTED_EDGE('',*,*,#2455,.F.);
#3217=ORIENTED_EDGE('',*,*,#2456,.T.);
#3218=ORIENTED_EDGE('',*,*,#2454,.F.);
#3219=ORIENTED_EDGE('',*,*,#2457,.T.);
#3220=ORIENTED_EDGE('',*,*,#2458,.T.);
#3221=ORIENTED_EDGE('',*,*,#2459,.F.);
#3222=ORIENTED_EDGE('',*,*,#2457,.F.);
#3223=ORIENTED_EDGE('',*,*,#2460,.T.);
#3224=ORIENTED_EDGE('',*,*,#2461,.F.);
#3225=ORIENTED_EDGE('',*,*,#2462,.T.);
#3226=ORIENTED_EDGE('',*,*,#2460,.F.);
#3227=ORIENTED_EDGE('',*,*,#2463,.T.);
#3228=ORIENTED_EDGE('',*,*,#2464,.T.);
#3229=ORIENTED_EDGE('',*,*,#2465,.F.);
#3230=ORIENTED_EDGE('',*,*,#2466,.F.);
#3231=ORIENTED_EDGE('',*,*,#2467,.T.);
#3232=ORIENTED_EDGE('',*,*,#2468,.T.);
#3233=ORIENTED_EDGE('',*,*,#2469,.F.);
#3234=ORIENTED_EDGE('',*,*,#2467,.F.);
#3235=ORIENTED_EDGE('',*,*,#2470,.T.);
#3236=ORIENTED_EDGE('',*,*,#2471,.F.);
#3237=ORIENTED_EDGE('',*,*,#2472,.T.);
#3238=ORIENTED_EDGE('',*,*,#2470,.F.);
#3239=ORIENTED_EDGE('',*,*,#2473,.T.);
#3240=ORIENTED_EDGE('',*,*,#2474,.T.);
#3241=ORIENTED_EDGE('',*,*,#2475,.F.);
#3242=ORIENTED_EDGE('',*,*,#2473,.F.);
#3243=ORIENTED_EDGE('',*,*,#2476,.T.);
#3244=ORIENTED_EDGE('',*,*,#2477,.F.);
#3245=ORIENTED_EDGE('',*,*,#2478,.T.);
#3246=ORIENTED_EDGE('',*,*,#2476,.F.);
#3247=ORIENTED_EDGE('',*,*,#2479,.T.);
#3248=ORIENTED_EDGE('',*,*,#2480,.T.);
#3249=ORIENTED_EDGE('',*,*,#2481,.F.);
#3250=ORIENTED_EDGE('',*,*,#2479,.F.);
#3251=ORIENTED_EDGE('',*,*,#2482,.T.);
#3252=ORIENTED_EDGE('',*,*,#2483,.F.);
#3253=ORIENTED_EDGE('',*,*,#2484,.T.);
#3254=ORIENTED_EDGE('',*,*,#2482,.F.);
#3255=ORIENTED_EDGE('',*,*,#2485,.T.);
#3256=ORIENTED_EDGE('',*,*,#2486,.T.);
#3257=ORIENTED_EDGE('',*,*,#2487,.F.);
#3258=ORIENTED_EDGE('',*,*,#2485,.F.);
#3259=ORIENTED_EDGE('',*,*,#2488,.T.);
#3260=ORIENTED_EDGE('',*,*,#2489,.F.);
#3261=ORIENTED_EDGE('',*,*,#2490,.T.);
#3262=ORIENTED_EDGE('',*,*,#2488,.F.);
#3263=ORIENTED_EDGE('',*,*,#2491,.T.);
#3264=ORIENTED_EDGE('',*,*,#2492,.T.);
#3265=ORIENTED_EDGE('',*,*,#2493,.F.);
#3266=ORIENTED_EDGE('',*,*,#2491,.F.);
#3267=ORIENTED_EDGE('',*,*,#2494,.T.);
#3268=ORIENTED_EDGE('',*,*,#2495,.F.);
#3269=ORIENTED_EDGE('',*,*,#2496,.T.);
#3270=ORIENTED_EDGE('',*,*,#2494,.F.);
#3271=ORIENTED_EDGE('',*,*,#2497,.T.);
#3272=ORIENTED_EDGE('',*,*,#2498,.T.);
#3273=ORIENTED_EDGE('',*,*,#2499,.F.);
#3274=ORIENTED_EDGE('',*,*,#2500,.F.);
#3275=ORIENTED_EDGE('',*,*,#2501,.F.);
#3276=ORIENTED_EDGE('',*,*,#2502,.T.);
#3277=ORIENTED_EDGE('',*,*,#2503,.F.);
#3278=ORIENTED_EDGE('',*,*,#2504,.F.);
#3279=ORIENTED_EDGE('',*,*,#2505,.F.);
#3280=ORIENTED_EDGE('',*,*,#2506,.T.);
#3281=ORIENTED_EDGE('',*,*,#2507,.F.);
#3282=ORIENTED_EDGE('',*,*,#2508,.T.);
#3283=ORIENTED_EDGE('',*,*,#2509,.T.);
#3284=ORIENTED_EDGE('',*,*,#2505,.T.);
#3285=ORIENTED_EDGE('',*,*,#2510,.T.);
#3286=ORIENTED_EDGE('',*,*,#2511,.F.);
#3287=ORIENTED_EDGE('',*,*,#2512,.F.);
#3288=ORIENTED_EDGE('',*,*,#2513,.T.);
#3289=ORIENTED_EDGE('',*,*,#2514,.F.);
#3290=ORIENTED_EDGE('',*,*,#2515,.T.);
#3291=ORIENTED_EDGE('',*,*,#2516,.T.);
#3292=ORIENTED_EDGE('',*,*,#2512,.T.);
#3293=ORIENTED_EDGE('',*,*,#2517,.T.);
#3294=ORIENTED_EDGE('',*,*,#2518,.F.);
#3295=ORIENTED_EDGE('',*,*,#2519,.F.);
#3296=ORIENTED_EDGE('',*,*,#2520,.F.);
#3297=ORIENTED_EDGE('',*,*,#2519,.T.);
#3298=ORIENTED_EDGE('',*,*,#2521,.T.);
#3299=ORIENTED_EDGE('',*,*,#2501,.T.);
#3300=ORIENTED_EDGE('',*,*,#2522,.T.);
#3301=ORIENTED_EDGE('',*,*,#2523,.F.);
#3302=ORIENTED_EDGE('',*,*,#2524,.F.);
#3303=ORIENTED_EDGE('',*,*,#2525,.T.);
#3304=ORIENTED_EDGE('',*,*,#2526,.F.);
#3305=ORIENTED_EDGE('',*,*,#2527,.T.);
#3306=ORIENTED_EDGE('',*,*,#2528,.T.);
#3307=ORIENTED_EDGE('',*,*,#2524,.T.);
#3308=ORIENTED_EDGE('',*,*,#2529,.T.);
#3309=ORIENTED_EDGE('',*,*,#2530,.F.);
#3310=ORIENTED_EDGE('',*,*,#2531,.F.);
#3311=ORIENTED_EDGE('',*,*,#2532,.F.);
#3312=ORIENTED_EDGE('',*,*,#2533,.T.);
#3313=ORIENTED_EDGE('',*,*,#2534,.T.);
#3314=ORIENTED_EDGE('',*,*,#2531,.T.);
#3315=ORIENTED_EDGE('',*,*,#2535,.T.);
#3316=ORIENTED_EDGE('',*,*,#2536,.F.);
#3317=ORIENTED_EDGE('',*,*,#2537,.F.);
#3318=ORIENTED_EDGE('',*,*,#2538,.F.);
#3319=ORIENTED_EDGE('',*,*,#2537,.T.);
#3320=ORIENTED_EDGE('',*,*,#2539,.T.);
#3321=ORIENTED_EDGE('',*,*,#2518,.T.);
#3322=ORIENTED_EDGE('',*,*,#2540,.T.);
#3323=ORIENTED_EDGE('',*,*,#2541,.F.);
#3324=ORIENTED_EDGE('',*,*,#2542,.F.);
#3325=ORIENTED_EDGE('',*,*,#2543,.F.);
#3326=ORIENTED_EDGE('',*,*,#2542,.T.);
#3327=ORIENTED_EDGE('',*,*,#2544,.T.);
#3328=ORIENTED_EDGE('',*,*,#2507,.T.);
#3329=ORIENTED_EDGE('',*,*,#2545,.T.);
#3330=ORIENTED_EDGE('',*,*,#2546,.F.);
#3331=ORIENTED_EDGE('',*,*,#2547,.F.);
#3332=ORIENTED_EDGE('',*,*,#2548,.T.);
#3333=ORIENTED_EDGE('',*,*,#2549,.F.);
#3334=ORIENTED_EDGE('',*,*,#2550,.F.);
#3335=ORIENTED_EDGE('',*,*,#2551,.F.);
#3336=ORIENTED_EDGE('',*,*,#2552,.F.);
#3337=ORIENTED_EDGE('',*,*,#2553,.T.);
#3338=ORIENTED_EDGE('',*,*,#2554,.T.);
#3339=ORIENTED_EDGE('',*,*,#2551,.T.);
#3340=ORIENTED_EDGE('',*,*,#2555,.T.);
#3341=ORIENTED_EDGE('',*,*,#2556,.F.);
#3342=ORIENTED_EDGE('',*,*,#2557,.F.);
#3343=ORIENTED_EDGE('',*,*,#2558,.T.);
#3344=ORIENTED_EDGE('',*,*,#2559,.F.);
#3345=ORIENTED_EDGE('',*,*,#2560,.F.);
#3346=ORIENTED_EDGE('',*,*,#2561,.F.);
#3347=ORIENTED_EDGE('',*,*,#2562,.F.);
#3348=ORIENTED_EDGE('',*,*,#2561,.T.);
#3349=ORIENTED_EDGE('',*,*,#2563,.T.);
#3350=ORIENTED_EDGE('',*,*,#2514,.T.);
#3351=ORIENTED_EDGE('',*,*,#2564,.T.);
#3352=ORIENTED_EDGE('',*,*,#2565,.F.);
#3353=ORIENTED_EDGE('',*,*,#2566,.F.);
#3354=ORIENTED_EDGE('',*,*,#2567,.F.);
#3355=ORIENTED_EDGE('',*,*,#2568,.F.);
#3356=ORIENTED_EDGE('',*,*,#2569,.F.);
#3357=ORIENTED_EDGE('',*,*,#2570,.F.);
#3358=ORIENTED_EDGE('',*,*,#2569,.T.);
#3359=ORIENTED_EDGE('',*,*,#2571,.T.);
#3360=ORIENTED_EDGE('',*,*,#2526,.T.);
#3361=ORIENTED_EDGE('',*,*,#2572,.T.);
#3362=ORIENTED_EDGE('',*,*,#2573,.F.);
#3363=ORIENTED_EDGE('',*,*,#2574,.F.);
#3364=ORIENTED_EDGE('',*,*,#2575,.F.);
#3365=ORIENTED_EDGE('',*,*,#2576,.T.);
#3366=ORIENTED_EDGE('',*,*,#2577,.T.);
#3367=ORIENTED_EDGE('',*,*,#2574,.T.);
#3368=ORIENTED_EDGE('',*,*,#2578,.T.);
#3369=ORIENTED_EDGE('',*,*,#2530,.T.);
#3370=ORIENTED_EDGE('',*,*,#2579,.T.);
#3371=ORIENTED_EDGE('',*,*,#2575,.T.);
#3372=ORIENTED_EDGE('',*,*,#2580,.T.);
#3373=ORIENTED_EDGE('',*,*,#2581,.F.);
#3374=ORIENTED_EDGE('',*,*,#2582,.F.);
#3375=ORIENTED_EDGE('',*,*,#2583,.T.);
#3376=ORIENTED_EDGE('',*,*,#2584,.F.);
#3377=ORIENTED_EDGE('',*,*,#2582,.T.);
#3378=ORIENTED_EDGE('',*,*,#2585,.T.);
#3379=ORIENTED_EDGE('',*,*,#2532,.T.);
#3380=ORIENTED_EDGE('',*,*,#2586,.T.);
#3381=ORIENTED_EDGE('',*,*,#2587,.F.);
#3382=ORIENTED_EDGE('',*,*,#2588,.F.);
#3383=ORIENTED_EDGE('',*,*,#2589,.F.);
#3384=ORIENTED_EDGE('',*,*,#2588,.T.);
#3385=ORIENTED_EDGE('',*,*,#2590,.T.);
#3386=ORIENTED_EDGE('',*,*,#2562,.T.);
#3387=ORIENTED_EDGE('',*,*,#2591,.T.);
#3388=ORIENTED_EDGE('',*,*,#2536,.T.);
#3389=ORIENTED_EDGE('',*,*,#2592,.T.);
#3390=ORIENTED_EDGE('',*,*,#2589,.T.);
#3391=ORIENTED_EDGE('',*,*,#2593,.T.);
#3392=ORIENTED_EDGE('',*,*,#2594,.F.);
#3393=ORIENTED_EDGE('',*,*,#2595,.F.);
#3394=ORIENTED_EDGE('',*,*,#2596,.F.);
#3395=ORIENTED_EDGE('',*,*,#2595,.T.);
#3396=ORIENTED_EDGE('',*,*,#2597,.T.);
#3397=ORIENTED_EDGE('',*,*,#2543,.T.);
#3398=ORIENTED_EDGE('',*,*,#2598,.T.);
#3399=ORIENTED_EDGE('',*,*,#2599,.F.);
#3400=ORIENTED_EDGE('',*,*,#2600,.F.);
#3401=ORIENTED_EDGE('',*,*,#2601,.F.);
#3402=ORIENTED_EDGE('',*,*,#2600,.T.);
#3403=ORIENTED_EDGE('',*,*,#2602,.T.);
#3404=ORIENTED_EDGE('',*,*,#2547,.T.);
#3405=ORIENTED_EDGE('',*,*,#2603,.T.);
#3406=ORIENTED_EDGE('',*,*,#2541,.T.);
#3407=ORIENTED_EDGE('',*,*,#2604,.T.);
#3408=ORIENTED_EDGE('',*,*,#2601,.T.);
#3409=ORIENTED_EDGE('',*,*,#2605,.T.);
#3410=ORIENTED_EDGE('',*,*,#2606,.F.);
#3411=ORIENTED_EDGE('',*,*,#2607,.F.);
#3412=ORIENTED_EDGE('',*,*,#2608,.F.);
#3413=ORIENTED_EDGE('',*,*,#2609,.T.);
#3414=ORIENTED_EDGE('',*,*,#2610,.F.);
#3415=ORIENTED_EDGE('',*,*,#2611,.F.);
#3416=ORIENTED_EDGE('',*,*,#2612,.F.);
#3417=ORIENTED_EDGE('',*,*,#2613,.F.);
#3418=ORIENTED_EDGE('',*,*,#2614,.F.);
#3419=ORIENTED_EDGE('',*,*,#2615,.T.);
#3420=ORIENTED_EDGE('',*,*,#2616,.F.);
#3421=ORIENTED_EDGE('',*,*,#2617,.F.);
#3422=ORIENTED_EDGE('',*,*,#2618,.F.);
#3423=ORIENTED_EDGE('',*,*,#2619,.F.);
#3424=ORIENTED_EDGE('',*,*,#2620,.T.);
#3425=ORIENTED_EDGE('',*,*,#2621,.T.);
#3426=ORIENTED_EDGE('',*,*,#2618,.T.);
#3427=ORIENTED_EDGE('',*,*,#2622,.T.);
#3428=ORIENTED_EDGE('',*,*,#2623,.F.);
#3429=ORIENTED_EDGE('',*,*,#2624,.F.);
#3430=ORIENTED_EDGE('',*,*,#2625,.F.);
#3431=ORIENTED_EDGE('',*,*,#2624,.T.);
#3432=ORIENTED_EDGE('',*,*,#2626,.T.);
#3433=ORIENTED_EDGE('',*,*,#2557,.T.);
#3434=ORIENTED_EDGE('',*,*,#2627,.T.);
#3435=ORIENTED_EDGE('',*,*,#2560,.T.);
#3436=ORIENTED_EDGE('',*,*,#2628,.T.);
#3437=ORIENTED_EDGE('',*,*,#2625,.T.);
#3438=ORIENTED_EDGE('',*,*,#2629,.T.);
#3439=ORIENTED_EDGE('',*,*,#2630,.F.);
#3440=ORIENTED_EDGE('',*,*,#2631,.F.);
#3441=ORIENTED_EDGE('',*,*,#2632,.T.);
#3442=ORIENTED_EDGE('',*,*,#2633,.F.);
#3443=ORIENTED_EDGE('',*,*,#2634,.F.);
#3444=ORIENTED_EDGE('',*,*,#2635,.F.);
#3445=ORIENTED_EDGE('',*,*,#2636,.T.);
#3446=ORIENTED_EDGE('',*,*,#2637,.F.);
#3447=ORIENTED_EDGE('',*,*,#2638,.F.);
#3448=ORIENTED_EDGE('',*,*,#2639,.F.);
#3449=ORIENTED_EDGE('',*,*,#2640,.T.);
#3450=ORIENTED_EDGE('',*,*,#2641,.F.);
#3451=ORIENTED_EDGE('',*,*,#2642,.F.);
#3452=ORIENTED_EDGE('',*,*,#2643,.F.);
#3453=ORIENTED_EDGE('',*,*,#2644,.T.);
#3454=ORIENTED_EDGE('',*,*,#2645,.F.);
#3455=ORIENTED_EDGE('',*,*,#2646,.F.);
#3456=ORIENTED_EDGE('',*,*,#2647,.F.);
#3457=ORIENTED_EDGE('',*,*,#2648,.T.);
#3458=ORIENTED_EDGE('',*,*,#2649,.F.);
#3459=ORIENTED_EDGE('',*,*,#2650,.F.);
#3460=ORIENTED_EDGE('',*,*,#2651,.F.);
#3461=ORIENTED_EDGE('',*,*,#2652,.T.);
#3462=ORIENTED_EDGE('',*,*,#2653,.F.);
#3463=ORIENTED_EDGE('',*,*,#2651,.T.);
#3464=ORIENTED_EDGE('',*,*,#2654,.T.);
#3465=ORIENTED_EDGE('',*,*,#2584,.T.);
#3466=ORIENTED_EDGE('',*,*,#2655,.T.);
#3467=ORIENTED_EDGE('',*,*,#2656,.F.);
#3468=ORIENTED_EDGE('',*,*,#2657,.F.);
#3469=ORIENTED_EDGE('',*,*,#2658,.T.);
#3470=ORIENTED_EDGE('',*,*,#2659,.F.);
#3471=ORIENTED_EDGE('',*,*,#2660,.F.);
#3472=ORIENTED_EDGE('',*,*,#2661,.F.);
#3473=ORIENTED_EDGE('',*,*,#2662,.F.);
#3474=ORIENTED_EDGE('',*,*,#2663,.T.);
#3475=ORIENTED_EDGE('',*,*,#2664,.T.);
#3476=ORIENTED_EDGE('',*,*,#2661,.T.);
#3477=ORIENTED_EDGE('',*,*,#2665,.T.);
#3478=ORIENTED_EDGE('',*,*,#2666,.F.);
#3479=ORIENTED_EDGE('',*,*,#2667,.F.);
#3480=ORIENTED_EDGE('',*,*,#2668,.F.);
#3481=ORIENTED_EDGE('',*,*,#2667,.T.);
#3482=ORIENTED_EDGE('',*,*,#2669,.T.);
#3483=ORIENTED_EDGE('',*,*,#2606,.T.);
#3484=ORIENTED_EDGE('',*,*,#2670,.T.);
#3485=ORIENTED_EDGE('',*,*,#2671,.F.);
#3486=ORIENTED_EDGE('',*,*,#2672,.F.);
#3487=ORIENTED_EDGE('',*,*,#2673,.F.);
#3488=ORIENTED_EDGE('',*,*,#2674,.F.);
#3489=ORIENTED_EDGE('',*,*,#2675,.F.);
#3490=ORIENTED_EDGE('',*,*,#2676,.T.);
#3491=ORIENTED_EDGE('',*,*,#2677,.F.);
#3492=ORIENTED_EDGE('',*,*,#2678,.F.);
#3493=ORIENTED_EDGE('',*,*,#2679,.F.);
#3494=ORIENTED_EDGE('',*,*,#2680,.T.);
#3495=ORIENTED_EDGE('',*,*,#2681,.F.);
#3496=ORIENTED_EDGE('',*,*,#2682,.F.);
#3497=ORIENTED_EDGE('',*,*,#2683,.F.);
#3498=ORIENTED_EDGE('',*,*,#2684,.F.);
#3499=ORIENTED_EDGE('',*,*,#2685,.T.);
#3500=ORIENTED_EDGE('',*,*,#2686,.F.);
#3501=ORIENTED_EDGE('',*,*,#2687,.F.);
#3502=ORIENTED_EDGE('',*,*,#2688,.F.);
#3503=ORIENTED_EDGE('',*,*,#2689,.T.);
#3504=ORIENTED_EDGE('',*,*,#2607,.T.);
#3505=ORIENTED_EDGE('',*,*,#2690,.T.);
#3506=ORIENTED_EDGE('',*,*,#2687,.T.);
#3507=ORIENTED_EDGE('',*,*,#2691,.T.);
#3508=ORIENTED_EDGE('',*,*,#2692,.F.);
#3509=ORIENTED_EDGE('',*,*,#2693,.F.);
#3510=ORIENTED_EDGE('',*,*,#2694,.T.);
#3511=ORIENTED_EDGE('',*,*,#2695,.F.);
#3512=ORIENTED_EDGE('',*,*,#2696,.F.);
#3513=ORIENTED_EDGE('',*,*,#2697,.F.);
#3514=ORIENTED_EDGE('',*,*,#2698,.T.);
#3515=ORIENTED_EDGE('',*,*,#2699,.F.);
#3516=ORIENTED_EDGE('',*,*,#2697,.T.);
#3517=ORIENTED_EDGE('',*,*,#2700,.T.);
#3518=ORIENTED_EDGE('',*,*,#2611,.T.);
#3519=ORIENTED_EDGE('',*,*,#2701,.T.);
#3520=ORIENTED_EDGE('',*,*,#2702,.T.);
#3521=ORIENTED_EDGE('',*,*,#2703,.F.);
#3522=ORIENTED_EDGE('',*,*,#2704,.F.);
#3523=ORIENTED_EDGE('',*,*,#2705,.F.);
#3524=ORIENTED_EDGE('',*,*,#2706,.F.);
#3525=ORIENTED_EDGE('',*,*,#2707,.F.);
#3526=ORIENTED_EDGE('',*,*,#2708,.T.);
#3527=ORIENTED_EDGE('',*,*,#2709,.F.);
#3528=ORIENTED_EDGE('',*,*,#2653,.T.);
#3529=ORIENTED_EDGE('',*,*,#2710,.T.);
#3530=ORIENTED_EDGE('',*,*,#2707,.T.);
#3531=ORIENTED_EDGE('',*,*,#2711,.T.);
#3532=ORIENTED_EDGE('',*,*,#2709,.T.);
#3533=ORIENTED_EDGE('',*,*,#2712,.T.);
#3534=ORIENTED_EDGE('',*,*,#2614,.T.);
#3535=ORIENTED_EDGE('',*,*,#2713,.T.);
#3536=ORIENTED_EDGE('',*,*,#2714,.F.);
#3537=ORIENTED_EDGE('',*,*,#2715,.F.);
#3538=ORIENTED_EDGE('',*,*,#2716,.T.);
#3539=ORIENTED_EDGE('',*,*,#2717,.F.);
#3540=ORIENTED_EDGE('',*,*,#2715,.T.);
#3541=ORIENTED_EDGE('',*,*,#2718,.T.);
#3542=ORIENTED_EDGE('',*,*,#2619,.T.);
#3543=ORIENTED_EDGE('',*,*,#2719,.T.);
#3544=ORIENTED_EDGE('',*,*,#2720,.F.);
#3545=ORIENTED_EDGE('',*,*,#2721,.F.);
#3546=ORIENTED_EDGE('',*,*,#2722,.T.);
#3547=ORIENTED_EDGE('',*,*,#2723,.F.);
#3548=ORIENTED_EDGE('',*,*,#2724,.F.);
#3549=ORIENTED_EDGE('',*,*,#2725,.F.);
#3550=ORIENTED_EDGE('',*,*,#2726,.T.);
#3551=ORIENTED_EDGE('',*,*,#2727,.F.);
#3552=ORIENTED_EDGE('',*,*,#2725,.T.);
#3553=ORIENTED_EDGE('',*,*,#2728,.T.);
#3554=ORIENTED_EDGE('',*,*,#2623,.T.);
#3555=ORIENTED_EDGE('',*,*,#2729,.T.);
#3556=ORIENTED_EDGE('',*,*,#2730,.F.);
#3557=ORIENTED_EDGE('',*,*,#2731,.F.);
#3558=ORIENTED_EDGE('',*,*,#2732,.T.);
#3559=ORIENTED_EDGE('',*,*,#2733,.F.);
#3560=ORIENTED_EDGE('',*,*,#2731,.T.);
#3561=ORIENTED_EDGE('',*,*,#2734,.T.);
#3562=ORIENTED_EDGE('',*,*,#2641,.T.);
#3563=ORIENTED_EDGE('',*,*,#2735,.T.);
#3564=ORIENTED_EDGE('',*,*,#2647,.T.);
#3565=ORIENTED_EDGE('',*,*,#2736,.T.);
#3566=ORIENTED_EDGE('',*,*,#2733,.T.);
#3567=ORIENTED_EDGE('',*,*,#2737,.T.);
#3568=ORIENTED_EDGE('',*,*,#2738,.T.);
#3569=ORIENTED_EDGE('',*,*,#2739,.F.);
#3570=ORIENTED_EDGE('',*,*,#2740,.F.);
#3571=ORIENTED_EDGE('',*,*,#2741,.F.);
#3572=ORIENTED_EDGE('',*,*,#2742,.F.);
#3573=ORIENTED_EDGE('',*,*,#2743,.F.);
#3574=ORIENTED_EDGE('',*,*,#2744,.T.);
#3575=ORIENTED_EDGE('',*,*,#2745,.F.);
#3576=ORIENTED_EDGE('',*,*,#2645,.T.);
#3577=ORIENTED_EDGE('',*,*,#2746,.T.);
#3578=ORIENTED_EDGE('',*,*,#2743,.T.);
#3579=ORIENTED_EDGE('',*,*,#2747,.T.);
#3580=ORIENTED_EDGE('',*,*,#2745,.T.);
#3581=ORIENTED_EDGE('',*,*,#2748,.T.);
#3582=ORIENTED_EDGE('',*,*,#2635,.T.);
#3583=ORIENTED_EDGE('',*,*,#2749,.T.);
#3584=ORIENTED_EDGE('',*,*,#2750,.F.);
#3585=ORIENTED_EDGE('',*,*,#2751,.F.);
#3586=ORIENTED_EDGE('',*,*,#2752,.F.);
#3587=ORIENTED_EDGE('',*,*,#2753,.T.);
#3588=ORIENTED_EDGE('',*,*,#2638,.T.);
#3589=ORIENTED_EDGE('',*,*,#2754,.T.);
#3590=ORIENTED_EDGE('',*,*,#2751,.T.);
#3591=ORIENTED_EDGE('',*,*,#2755,.T.);
#3592=ORIENTED_EDGE('',*,*,#2466,.T.);
#3593=ORIENTED_EDGE('',*,*,#2756,.F.);
#3594=ORIENTED_EDGE('',*,*,#2757,.T.);
#3595=ORIENTED_EDGE('',*,*,#2497,.F.);
#3596=ORIENTED_EDGE('',*,*,#2756,.T.);
#3597=ORIENTED_EDGE('',*,*,#2469,.T.);
#3598=ORIENTED_EDGE('',*,*,#2758,.T.);
#3599=ORIENTED_EDGE('',*,*,#2657,.T.);
#3600=ORIENTED_EDGE('',*,*,#2759,.T.);
#3601=ORIENTED_EDGE('',*,*,#2495,.T.);
#3602=ORIENTED_EDGE('',*,*,#2499,.T.);
#3603=ORIENTED_EDGE('',*,*,#2760,.T.);
#3604=ORIENTED_EDGE('',*,*,#2650,.T.);
#3605=ORIENTED_EDGE('',*,*,#2761,.T.);
#3606=ORIENTED_EDGE('',*,*,#2762,.F.);
#3607=ORIENTED_EDGE('',*,*,#2763,.F.);
#3608=ORIENTED_EDGE('',*,*,#2764,.T.);
#3609=ORIENTED_EDGE('',*,*,#2765,.F.);
#3610=ORIENTED_EDGE('',*,*,#2763,.T.);
#3611=ORIENTED_EDGE('',*,*,#2766,.T.);
#3612=ORIENTED_EDGE('',*,*,#2662,.T.);
#3613=ORIENTED_EDGE('',*,*,#2767,.T.);
#3614=ORIENTED_EDGE('',*,*,#2768,.F.);
#3615=ORIENTED_EDGE('',*,*,#2769,.F.);
#3616=ORIENTED_EDGE('',*,*,#2770,.F.);
#3617=ORIENTED_EDGE('',*,*,#2771,.T.);
#3618=ORIENTED_EDGE('',*,*,#2772,.T.);
#3619=ORIENTED_EDGE('',*,*,#2769,.T.);
#3620=ORIENTED_EDGE('',*,*,#2773,.T.);
#3621=ORIENTED_EDGE('',*,*,#2660,.T.);
#3622=ORIENTED_EDGE('',*,*,#2774,.T.);
#3623=ORIENTED_EDGE('',*,*,#2770,.T.);
#3624=ORIENTED_EDGE('',*,*,#2775,.T.);
#3625=ORIENTED_EDGE('',*,*,#2776,.F.);
#3626=ORIENTED_EDGE('',*,*,#2777,.F.);
#3627=ORIENTED_EDGE('',*,*,#2778,.F.);
#3628=ORIENTED_EDGE('',*,*,#2777,.T.);
#3629=ORIENTED_EDGE('',*,*,#2779,.T.);
#3630=ORIENTED_EDGE('',*,*,#2679,.T.);
#3631=ORIENTED_EDGE('',*,*,#2780,.T.);
#3632=ORIENTED_EDGE('',*,*,#2695,.T.);
#3633=ORIENTED_EDGE('',*,*,#2781,.T.);
#3634=ORIENTED_EDGE('',*,*,#2778,.T.);
#3635=ORIENTED_EDGE('',*,*,#2782,.T.);
#3636=ORIENTED_EDGE('',*,*,#2783,.F.);
#3637=ORIENTED_EDGE('',*,*,#2784,.F.);
#3638=ORIENTED_EDGE('',*,*,#2785,.F.);
#3639=ORIENTED_EDGE('',*,*,#2786,.F.);
#3640=ORIENTED_EDGE('',*,*,#2787,.F.);
#3641=ORIENTED_EDGE('',*,*,#2788,.F.);
#3642=ORIENTED_EDGE('',*,*,#2787,.T.);
#3643=ORIENTED_EDGE('',*,*,#2789,.T.);
#3644=ORIENTED_EDGE('',*,*,#2675,.T.);
#3645=ORIENTED_EDGE('',*,*,#2790,.T.);
#3646=ORIENTED_EDGE('',*,*,#2791,.F.);
#3647=ORIENTED_EDGE('',*,*,#2792,.F.);
#3648=ORIENTED_EDGE('',*,*,#2793,.T.);
#3649=ORIENTED_EDGE('',*,*,#2794,.F.);
#3650=ORIENTED_EDGE('',*,*,#2795,.T.);
#3651=ORIENTED_EDGE('',*,*,#2796,.T.);
#3652=ORIENTED_EDGE('',*,*,#2792,.T.);
#3653=ORIENTED_EDGE('',*,*,#2797,.T.);
#3654=ORIENTED_EDGE('',*,*,#2798,.F.);
#3655=ORIENTED_EDGE('',*,*,#2799,.F.);
#3656=ORIENTED_EDGE('',*,*,#2800,.F.);
#3657=ORIENTED_EDGE('',*,*,#2801,.T.);
#3658=ORIENTED_EDGE('',*,*,#2678,.T.);
#3659=ORIENTED_EDGE('',*,*,#2802,.T.);
#3660=ORIENTED_EDGE('',*,*,#2799,.T.);
#3661=ORIENTED_EDGE('',*,*,#2803,.T.);
#3662=ORIENTED_EDGE('',*,*,#2800,.T.);
#3663=ORIENTED_EDGE('',*,*,#2804,.T.);
#3664=ORIENTED_EDGE('',*,*,#2705,.T.);
#3665=ORIENTED_EDGE('',*,*,#2805,.T.);
#3666=ORIENTED_EDGE('',*,*,#2806,.F.);
#3667=ORIENTED_EDGE('',*,*,#2807,.F.);
#3668=ORIENTED_EDGE('',*,*,#2808,.F.);
#3669=ORIENTED_EDGE('',*,*,#2809,.T.);
#3670=ORIENTED_EDGE('',*,*,#2807,.T.);
#3671=ORIENTED_EDGE('',*,*,#2810,.T.);
#3672=ORIENTED_EDGE('',*,*,#2683,.T.);
#3673=ORIENTED_EDGE('',*,*,#2811,.T.);
#3674=ORIENTED_EDGE('',*,*,#2812,.T.);
#3675=ORIENTED_EDGE('',*,*,#2813,.F.);
#3676=ORIENTED_EDGE('',*,*,#2814,.F.);
#3677=ORIENTED_EDGE('',*,*,#2815,.F.);
#3678=ORIENTED_EDGE('',*,*,#2813,.T.);
#3679=ORIENTED_EDGE('',*,*,#2816,.T.);
#3680=ORIENTED_EDGE('',*,*,#2750,.T.);
#3681=ORIENTED_EDGE('',*,*,#2817,.T.);
#3682=ORIENTED_EDGE('',*,*,#2818,.F.);
#3683=ORIENTED_EDGE('',*,*,#2819,.F.);
#3684=ORIENTED_EDGE('',*,*,#2820,.T.);
#3685=ORIENTED_EDGE('',*,*,#2821,.F.);
#3686=ORIENTED_EDGE('',*,*,#2727,.T.);
#3687=ORIENTED_EDGE('',*,*,#2822,.T.);
#3688=ORIENTED_EDGE('',*,*,#2819,.T.);
#3689=ORIENTED_EDGE('',*,*,#2823,.T.);
#3690=ORIENTED_EDGE('',*,*,#2821,.T.);
#3691=ORIENTED_EDGE('',*,*,#2824,.T.);
#3692=ORIENTED_EDGE('',*,*,#2693,.T.);
#3693=ORIENTED_EDGE('',*,*,#2825,.T.);
#3694=ORIENTED_EDGE('',*,*,#2826,.T.);
#3695=ORIENTED_EDGE('',*,*,#2827,.F.);
#3696=ORIENTED_EDGE('',*,*,#2828,.F.);
#3697=ORIENTED_EDGE('',*,*,#2829,.F.);
#3698=ORIENTED_EDGE('',*,*,#2721,.T.);
#3699=ORIENTED_EDGE('',*,*,#2830,.T.);
#3700=ORIENTED_EDGE('',*,*,#2827,.T.);
#3701=ORIENTED_EDGE('',*,*,#2831,.T.);
#3702=ORIENTED_EDGE('',*,*,#2832,.T.);
#3703=ORIENTED_EDGE('',*,*,#2833,.F.);
#3704=ORIENTED_EDGE('',*,*,#2834,.F.);
#3705=ORIENTED_EDGE('',*,*,#2835,.F.);
#3706=ORIENTED_EDGE('',*,*,#2836,.F.);
#3707=ORIENTED_EDGE('',*,*,#2837,.F.);
#3708=ORIENTED_EDGE('',*,*,#2838,.T.);
#3709=ORIENTED_EDGE('',*,*,#2839,.F.);
#3710=ORIENTED_EDGE('',*,*,#2432,.T.);
#3711=ORIENTED_EDGE('',*,*,#2840,.F.);
#3712=ORIENTED_EDGE('',*,*,#2841,.T.);
#3713=ORIENTED_EDGE('',*,*,#2463,.F.);
#3714=ORIENTED_EDGE('',*,*,#2398,.T.);
#3715=ORIENTED_EDGE('',*,*,#2842,.F.);
#3716=ORIENTED_EDGE('',*,*,#2843,.T.);
#3717=ORIENTED_EDGE('',*,*,#2429,.F.);
#3718=ORIENTED_EDGE('',*,*,#2477,.T.);
#3719=ORIENTED_EDGE('',*,*,#2481,.T.);
#3720=ORIENTED_EDGE('',*,*,#2844,.T.);
#3721=ORIENTED_EDGE('',*,*,#2403,.T.);
#3722=ORIENTED_EDGE('',*,*,#2407,.T.);
#3723=ORIENTED_EDGE('',*,*,#2845,.T.);
#3724=ORIENTED_EDGE('',*,*,#2842,.T.);
#3725=ORIENTED_EDGE('',*,*,#2401,.T.);
#3726=ORIENTED_EDGE('',*,*,#2846,.T.);
#3727=ORIENTED_EDGE('',*,*,#2742,.T.);
#3728=ORIENTED_EDGE('',*,*,#2847,.T.);
#3729=ORIENTED_EDGE('',*,*,#2427,.T.);
#3730=ORIENTED_EDGE('',*,*,#2431,.T.);
#3731=ORIENTED_EDGE('',*,*,#2848,.T.);
#3732=ORIENTED_EDGE('',*,*,#2739,.T.);
#3733=ORIENTED_EDGE('',*,*,#2849,.T.);
#3734=ORIENTED_EDGE('',*,*,#2850,.F.);
#3735=ORIENTED_EDGE('',*,*,#2851,.F.);
#3736=ORIENTED_EDGE('',*,*,#2852,.T.);
#3737=ORIENTED_EDGE('',*,*,#2853,.F.);
#3738=ORIENTED_EDGE('',*,*,#2854,.F.);
#3739=ORIENTED_EDGE('',*,*,#2855,.F.);
#3740=ORIENTED_EDGE('',*,*,#2856,.F.);
#3741=ORIENTED_EDGE('',*,*,#2784,.T.);
#3742=ORIENTED_EDGE('',*,*,#2857,.T.);
#3743=ORIENTED_EDGE('',*,*,#2855,.T.);
#3744=ORIENTED_EDGE('',*,*,#2858,.T.);
#3745=ORIENTED_EDGE('',*,*,#2776,.T.);
#3746=ORIENTED_EDGE('',*,*,#2859,.T.);
#3747=ORIENTED_EDGE('',*,*,#2856,.T.);
#3748=ORIENTED_EDGE('',*,*,#2860,.T.);
#3749=ORIENTED_EDGE('',*,*,#2861,.F.);
#3750=ORIENTED_EDGE('',*,*,#2862,.F.);
#3751=ORIENTED_EDGE('',*,*,#2863,.F.);
#3752=ORIENTED_EDGE('',*,*,#2862,.T.);
#3753=ORIENTED_EDGE('',*,*,#2864,.T.);
#3754=ORIENTED_EDGE('',*,*,#2794,.T.);
#3755=ORIENTED_EDGE('',*,*,#2865,.T.);
#3756=ORIENTED_EDGE('',*,*,#2866,.F.);
#3757=ORIENTED_EDGE('',*,*,#2867,.F.);
#3758=ORIENTED_EDGE('',*,*,#2868,.T.);
#3759=ORIENTED_EDGE('',*,*,#2869,.F.);
#3760=ORIENTED_EDGE('',*,*,#2835,.T.);
#3761=ORIENTED_EDGE('',*,*,#2870,.T.);
#3762=ORIENTED_EDGE('',*,*,#2867,.T.);
#3763=ORIENTED_EDGE('',*,*,#2871,.T.);
#3764=ORIENTED_EDGE('',*,*,#2869,.T.);
#3765=ORIENTED_EDGE('',*,*,#2872,.T.);
#3766=ORIENTED_EDGE('',*,*,#2798,.T.);
#3767=ORIENTED_EDGE('',*,*,#2873,.T.);
#3768=ORIENTED_EDGE('',*,*,#2874,.F.);
#3769=ORIENTED_EDGE('',*,*,#2875,.F.);
#3770=ORIENTED_EDGE('',*,*,#2876,.T.);
#3771=ORIENTED_EDGE('',*,*,#2877,.F.);
#3772=ORIENTED_EDGE('',*,*,#2808,.T.);
#3773=ORIENTED_EDGE('',*,*,#2878,.T.);
#3774=ORIENTED_EDGE('',*,*,#2875,.T.);
#3775=ORIENTED_EDGE('',*,*,#2879,.T.);
#3776=ORIENTED_EDGE('',*,*,#2364,.T.);
#3777=ORIENTED_EDGE('',*,*,#2880,.F.);
#3778=ORIENTED_EDGE('',*,*,#2881,.T.);
#3779=ORIENTED_EDGE('',*,*,#2395,.F.);
#3780=ORIENTED_EDGE('',*,*,#2381,.T.);
#3781=ORIENTED_EDGE('',*,*,#2385,.T.);
#3782=ORIENTED_EDGE('',*,*,#2882,.T.);
#3783=ORIENTED_EDGE('',*,*,#2833,.T.);
#3784=ORIENTED_EDGE('',*,*,#2883,.T.);
#3785=ORIENTED_EDGE('',*,*,#2884,.F.);
#3786=ORIENTED_EDGE('',*,*,#2885,.F.);
#3787=ORIENTED_EDGE('',*,*,#2886,.T.);
#3788=ORIENTED_EDGE('',*,*,#2887,.F.);
#3789=ORIENTED_EDGE('',*,*,#2888,.F.);
#3790=ORIENTED_EDGE('',*,*,#2889,.F.);
#3791=ORIENTED_EDGE('',*,*,#2890,.T.);
#3792=ORIENTED_EDGE('',*,*,#2891,.F.);
#3793=ORIENTED_EDGE('',*,*,#2889,.T.);
#3794=ORIENTED_EDGE('',*,*,#2892,.T.);
#3795=ORIENTED_EDGE('',*,*,#2854,.T.);
#3796=ORIENTED_EDGE('',*,*,#2893,.T.);
#3797=ORIENTED_EDGE('',*,*,#2891,.T.);
#3798=ORIENTED_EDGE('',*,*,#2894,.T.);
#3799=ORIENTED_EDGE('',*,*,#2863,.T.);
#3800=ORIENTED_EDGE('',*,*,#2895,.T.);
#3801=ORIENTED_EDGE('',*,*,#2896,.T.);
#3802=ORIENTED_EDGE('',*,*,#2897,.F.);
#3803=ORIENTED_EDGE('',*,*,#2898,.F.);
#3804=ORIENTED_EDGE('',*,*,#2899,.F.);
#3805=ORIENTED_EDGE('',*,*,#2900,.F.);
#3806=ORIENTED_EDGE('',*,*,#2901,.F.);
#3807=ORIENTED_EDGE('',*,*,#2902,.T.);
#3808=ORIENTED_EDGE('',*,*,#2903,.F.);
#3809=ORIENTED_EDGE('',*,*,#2904,.F.);
#3810=ORIENTED_EDGE('',*,*,#2905,.F.);
#3811=ORIENTED_EDGE('',*,*,#2906,.T.);
#3812=ORIENTED_EDGE('',*,*,#2907,.F.);
#3813=ORIENTED_EDGE('',*,*,#2908,.F.);
#3814=ORIENTED_EDGE('',*,*,#2909,.F.);
#3815=ORIENTED_EDGE('',*,*,#2910,.T.);
#3816=ORIENTED_EDGE('',*,*,#2911,.F.);
#3817=ORIENTED_EDGE('',*,*,#2912,.F.);
#3818=ORIENTED_EDGE('',*,*,#2913,.F.);
#3819=ORIENTED_EDGE('',*,*,#2914,.T.);
#3820=ORIENTED_EDGE('',*,*,#2915,.F.);
#3821=ORIENTED_EDGE('',*,*,#2905,.T.);
#3822=ORIENTED_EDGE('',*,*,#2916,.T.);
#3823=ORIENTED_EDGE('',*,*,#2913,.T.);
#3824=ORIENTED_EDGE('',*,*,#2917,.T.);
#3825=ORIENTED_EDGE('',*,*,#2918,.F.);
#3826=ORIENTED_EDGE('',*,*,#2919,.F.);
#3827=ORIENTED_EDGE('',*,*,#2920,.F.);
#3828=ORIENTED_EDGE('',*,*,#2921,.T.);
#3829=ORIENTED_EDGE('',*,*,#2922,.T.);
#3830=ORIENTED_EDGE('',*,*,#2919,.T.);
#3831=ORIENTED_EDGE('',*,*,#2923,.T.);
#3832=ORIENTED_EDGE('',*,*,#2909,.T.);
#3833=ORIENTED_EDGE('',*,*,#2924,.T.);
#3834=ORIENTED_EDGE('',*,*,#2920,.T.);
#3835=ORIENTED_EDGE('',*,*,#2925,.T.);
#3836=ORIENTED_EDGE('',*,*,#2926,.F.);
#3837=ORIENTED_EDGE('',*,*,#2927,.F.);
#3838=ORIENTED_EDGE('',*,*,#2928,.F.);
#3839=ORIENTED_EDGE('',*,*,#2929,.T.);
#3840=ORIENTED_EDGE('',*,*,#2930,.T.);
#3841=ORIENTED_EDGE('',*,*,#2927,.T.);
#3842=ORIENTED_EDGE('',*,*,#2931,.T.);
#3843=ORIENTED_EDGE('',*,*,#2918,.T.);
#3844=ORIENTED_EDGE('',*,*,#2932,.T.);
#3845=ORIENTED_EDGE('',*,*,#2928,.T.);
#3846=ORIENTED_EDGE('',*,*,#2933,.T.);
#3847=ORIENTED_EDGE('',*,*,#2915,.T.);
#3848=ORIENTED_EDGE('',*,*,#2934,.T.);
#3849=ORIENTED_EDGE('',*,*,#2926,.T.);
#3850=ORIENTED_EDGE('',*,*,#2935,.T.);
#3851=ORIENTED_EDGE('',*,*,#2912,.T.);
#3852=ORIENTED_EDGE('',*,*,#2936,.T.);
#3853=ORIENTED_EDGE('',*,*,#2908,.T.);
#3854=ORIENTED_EDGE('',*,*,#2937,.T.);
#3855=ORIENTED_EDGE('',*,*,#2901,.T.);
#3856=ORIENTED_EDGE('',*,*,#2938,.T.);
#3857=ORIENTED_EDGE('',*,*,#2911,.T.);
#3858=ORIENTED_EDGE('',*,*,#2939,.T.);
#3859=ORIENTED_EDGE('',*,*,#2897,.T.);
#3860=ORIENTED_EDGE('',*,*,#2940,.T.);
#3861=ORIENTED_EDGE('',*,*,#2907,.T.);
#3862=ORIENTED_EDGE('',*,*,#2941,.T.);
#3863=ORIENTED_EDGE('',*,*,#2888,.T.);
#3864=ORIENTED_EDGE('',*,*,#2942,.T.);
#3865=ORIENTED_EDGE('',*,*,#2904,.T.);
#3866=ORIENTED_EDGE('',*,*,#2943,.T.);
#3867=ORIENTED_EDGE('',*,*,#2885,.T.);
#3868=ORIENTED_EDGE('',*,*,#2944,.T.);
#3869=ORIENTED_EDGE('',*,*,#2903,.T.);
#3870=ORIENTED_EDGE('',*,*,#2945,.T.);
#3871=ORIENTED_EDGE('',*,*,#2375,.T.);
#3872=ORIENTED_EDGE('',*,*,#2379,.T.);
#3873=ORIENTED_EDGE('',*,*,#2946,.T.);
#3874=ORIENTED_EDGE('',*,*,#2900,.T.);
#3875=ORIENTED_EDGE('',*,*,#2947,.T.);
#3876=ORIENTED_EDGE('',*,*,#2898,.T.);
#3877=ORIENTED_EDGE('',*,*,#2948,.T.);
#3878=ORIENTED_EDGE('',*,*,#2866,.T.);
#3879=ORIENTED_EDGE('',*,*,#2949,.T.);
#3880=ORIENTED_EDGE('',*,*,#2877,.T.);
#3881=ORIENTED_EDGE('',*,*,#2950,.T.);
#3882=ORIENTED_EDGE('',*,*,#2899,.T.);
#3883=ORIENTED_EDGE('',*,*,#2951,.T.);
#3884=ORIENTED_EDGE('',*,*,#2887,.T.);
#3885=ORIENTED_EDGE('',*,*,#2952,.T.);
#3886=ORIENTED_EDGE('',*,*,#2851,.T.);
#3887=ORIENTED_EDGE('',*,*,#2953,.T.);
#3888=ORIENTED_EDGE('',*,*,#2884,.T.);
#3889=ORIENTED_EDGE('',*,*,#2954,.T.);
#3890=ORIENTED_EDGE('',*,*,#2421,.T.);
#3891=ORIENTED_EDGE('',*,*,#2425,.T.);
#3892=ORIENTED_EDGE('',*,*,#2955,.T.);
#3893=ORIENTED_EDGE('',*,*,#2837,.T.);
#3894=ORIENTED_EDGE('',*,*,#2956,.T.);
#3895=ORIENTED_EDGE('',*,*,#2369,.T.);
#3896=ORIENTED_EDGE('',*,*,#2373,.T.);
#3897=ORIENTED_EDGE('',*,*,#2957,.T.);
#3898=ORIENTED_EDGE('',*,*,#2828,.T.);
#3899=ORIENTED_EDGE('',*,*,#2958,.T.);
#3900=ORIENTED_EDGE('',*,*,#2880,.T.);
#3901=ORIENTED_EDGE('',*,*,#2367,.T.);
#3902=ORIENTED_EDGE('',*,*,#2959,.T.);
#3903=ORIENTED_EDGE('',*,*,#2437,.T.);
#3904=ORIENTED_EDGE('',*,*,#2441,.T.);
#3905=ORIENTED_EDGE('',*,*,#2960,.T.);
#3906=ORIENTED_EDGE('',*,*,#2393,.T.);
#3907=ORIENTED_EDGE('',*,*,#2397,.T.);
#3908=ORIENTED_EDGE('',*,*,#2961,.T.);
#3909=ORIENTED_EDGE('',*,*,#2818,.T.);
#3910=ORIENTED_EDGE('',*,*,#2962,.T.);
#3911=ORIENTED_EDGE('',*,*,#2387,.T.);
#3912=ORIENTED_EDGE('',*,*,#2391,.T.);
#3913=ORIENTED_EDGE('',*,*,#2963,.T.);
#3914=ORIENTED_EDGE('',*,*,#2814,.T.);
#3915=ORIENTED_EDGE('',*,*,#2964,.T.);
#3916=ORIENTED_EDGE('',*,*,#2874,.T.);
#3917=ORIENTED_EDGE('',*,*,#2965,.T.);
#3918=ORIENTED_EDGE('',*,*,#2861,.T.);
#3919=ORIENTED_EDGE('',*,*,#2966,.T.);
#3920=ORIENTED_EDGE('',*,*,#2788,.T.);
#3921=ORIENTED_EDGE('',*,*,#2967,.T.);
#3922=ORIENTED_EDGE('',*,*,#2853,.T.);
#3923=ORIENTED_EDGE('',*,*,#2968,.T.);
#3924=ORIENTED_EDGE('',*,*,#2768,.T.);
#3925=ORIENTED_EDGE('',*,*,#2969,.T.);
#3926=ORIENTED_EDGE('',*,*,#2850,.T.);
#3927=ORIENTED_EDGE('',*,*,#2970,.T.);
#3928=ORIENTED_EDGE('',*,*,#2762,.T.);
#3929=ORIENTED_EDGE('',*,*,#2971,.T.);
#3930=ORIENTED_EDGE('',*,*,#2415,.T.);
#3931=ORIENTED_EDGE('',*,*,#2419,.T.);
#3932=ORIENTED_EDGE('',*,*,#2972,.T.);
#3933=ORIENTED_EDGE('',*,*,#2752,.T.);
#3934=ORIENTED_EDGE('',*,*,#2973,.T.);
#3935=ORIENTED_EDGE('',*,*,#2409,.T.);
#3936=ORIENTED_EDGE('',*,*,#2413,.T.);
#3937=ORIENTED_EDGE('',*,*,#2974,.T.);
#3938=ORIENTED_EDGE('',*,*,#2730,.T.);
#3939=ORIENTED_EDGE('',*,*,#2975,.T.);
#3940=ORIENTED_EDGE('',*,*,#2840,.T.);
#3941=ORIENTED_EDGE('',*,*,#2435,.T.);
#3942=ORIENTED_EDGE('',*,*,#2976,.T.);
#3943=ORIENTED_EDGE('',*,*,#2720,.T.);
#3944=ORIENTED_EDGE('',*,*,#2977,.T.);
#3945=ORIENTED_EDGE('',*,*,#2489,.T.);
#3946=ORIENTED_EDGE('',*,*,#2493,.T.);
#3947=ORIENTED_EDGE('',*,*,#2978,.T.);
#3948=ORIENTED_EDGE('',*,*,#2461,.T.);
#3949=ORIENTED_EDGE('',*,*,#2465,.T.);
#3950=ORIENTED_EDGE('',*,*,#2979,.T.);
#3951=ORIENTED_EDGE('',*,*,#2706,.T.);
#3952=ORIENTED_EDGE('',*,*,#2980,.T.);
#3953=ORIENTED_EDGE('',*,*,#2455,.T.);
#3954=ORIENTED_EDGE('',*,*,#2459,.T.);
#3955=ORIENTED_EDGE('',*,*,#2981,.T.);
#3956=ORIENTED_EDGE('',*,*,#2449,.T.);
#3957=ORIENTED_EDGE('',*,*,#2453,.T.);
#3958=ORIENTED_EDGE('',*,*,#2982,.T.);
#3959=ORIENTED_EDGE('',*,*,#2717,.T.);
#3960=ORIENTED_EDGE('',*,*,#2983,.T.);
#3961=ORIENTED_EDGE('',*,*,#2443,.T.);
#3962=ORIENTED_EDGE('',*,*,#2447,.T.);
#3963=ORIENTED_EDGE('',*,*,#2984,.T.);
#3964=ORIENTED_EDGE('',*,*,#2724,.T.);
#3965=ORIENTED_EDGE('',*,*,#2985,.T.);
#3966=ORIENTED_EDGE('',*,*,#2703,.T.);
#3967=ORIENTED_EDGE('',*,*,#2986,.T.);
#3968=ORIENTED_EDGE('',*,*,#2839,.T.);
#3969=ORIENTED_EDGE('',*,*,#2987,.T.);
#3970=ORIENTED_EDGE('',*,*,#2696,.T.);
#3971=ORIENTED_EDGE('',*,*,#2988,.T.);
#3972=ORIENTED_EDGE('',*,*,#2836,.T.);
#3973=ORIENTED_EDGE('',*,*,#2989,.T.);
#3974=ORIENTED_EDGE('',*,*,#2834,.T.);
#3975=ORIENTED_EDGE('',*,*,#2990,.T.);
#3976=ORIENTED_EDGE('',*,*,#2692,.T.);
#3977=ORIENTED_EDGE('',*,*,#2991,.T.);
#3978=ORIENTED_EDGE('',*,*,#2699,.T.);
#3979=ORIENTED_EDGE('',*,*,#2992,.T.);
#3980=ORIENTED_EDGE('',*,*,#2829,.T.);
#3981=ORIENTED_EDGE('',*,*,#2993,.T.);
#3982=ORIENTED_EDGE('',*,*,#2688,.T.);
#3983=ORIENTED_EDGE('',*,*,#2994,.T.);
#3984=ORIENTED_EDGE('',*,*,#2815,.T.);
#3985=ORIENTED_EDGE('',*,*,#2995,.T.);
#3986=ORIENTED_EDGE('',*,*,#2806,.T.);
#3987=ORIENTED_EDGE('',*,*,#2996,.T.);
#3988=ORIENTED_EDGE('',*,*,#2765,.T.);
#3989=ORIENTED_EDGE('',*,*,#2997,.T.);
#3990=ORIENTED_EDGE('',*,*,#2674,.T.);
#3991=ORIENTED_EDGE('',*,*,#2998,.T.);
#3992=ORIENTED_EDGE('',*,*,#2791,.T.);
#3993=ORIENTED_EDGE('',*,*,#2999,.T.);
#3994=ORIENTED_EDGE('',*,*,#2672,.T.);
#3995=ORIENTED_EDGE('',*,*,#3000,.T.);
#3996=ORIENTED_EDGE('',*,*,#2786,.T.);
#3997=ORIENTED_EDGE('',*,*,#3001,.T.);
#3998=ORIENTED_EDGE('',*,*,#2682,.T.);
#3999=ORIENTED_EDGE('',*,*,#3002,.T.);
#4000=ORIENTED_EDGE('',*,*,#2785,.T.);
#4001=ORIENTED_EDGE('',*,*,#3003,.T.);
#4002=ORIENTED_EDGE('',*,*,#2783,.T.);
#4003=ORIENTED_EDGE('',*,*,#3004,.T.);
#4004=ORIENTED_EDGE('',*,*,#2668,.T.);
#4005=ORIENTED_EDGE('',*,*,#3005,.T.);
#4006=ORIENTED_EDGE('',*,*,#2642,.T.);
#4007=ORIENTED_EDGE('',*,*,#3006,.T.);
#4008=ORIENTED_EDGE('',*,*,#2483,.T.);
#4009=ORIENTED_EDGE('',*,*,#2487,.T.);
#4010=ORIENTED_EDGE('',*,*,#3007,.T.);
#4011=ORIENTED_EDGE('',*,*,#2646,.T.);
#4012=ORIENTED_EDGE('',*,*,#3008,.T.);
#4013=ORIENTED_EDGE('',*,*,#2471,.T.);
#4014=ORIENTED_EDGE('',*,*,#2475,.T.);
#4015=ORIENTED_EDGE('',*,*,#3009,.T.);
#4016=ORIENTED_EDGE('',*,*,#2740,.T.);
#4017=ORIENTED_EDGE('',*,*,#3010,.T.);
#4018=ORIENTED_EDGE('',*,*,#2634,.T.);
#4019=ORIENTED_EDGE('',*,*,#3011,.T.);
#4020=ORIENTED_EDGE('',*,*,#2631,.T.);
#4021=ORIENTED_EDGE('',*,*,#3012,.T.);
#4022=ORIENTED_EDGE('',*,*,#2741,.T.);
#4023=ORIENTED_EDGE('',*,*,#3013,.T.);
#4024=ORIENTED_EDGE('',*,*,#2643,.T.);
#4025=ORIENTED_EDGE('',*,*,#3014,.T.);
#4026=ORIENTED_EDGE('',*,*,#2723,.T.);
#4027=ORIENTED_EDGE('',*,*,#3015,.T.);
#4028=ORIENTED_EDGE('',*,*,#2613,.T.);
#4029=ORIENTED_EDGE('',*,*,#3016,.T.);
#4030=ORIENTED_EDGE('',*,*,#2714,.T.);
#4031=ORIENTED_EDGE('',*,*,#3017,.T.);
#4032=ORIENTED_EDGE('',*,*,#2704,.T.);
#4033=ORIENTED_EDGE('',*,*,#3018,.T.);
#4034=ORIENTED_EDGE('',*,*,#2630,.T.);
#4035=ORIENTED_EDGE('',*,*,#3019,.T.);
#4036=ORIENTED_EDGE('',*,*,#2633,.T.);
#4037=ORIENTED_EDGE('',*,*,#3020,.T.);
#4038=ORIENTED_EDGE('',*,*,#2686,.T.);
#4039=ORIENTED_EDGE('',*,*,#3021,.T.);
#4040=ORIENTED_EDGE('',*,*,#2684,.T.);
#4041=ORIENTED_EDGE('',*,*,#3022,.T.);
#4042=ORIENTED_EDGE('',*,*,#2599,.T.);
#4043=ORIENTED_EDGE('',*,*,#3023,.T.);
#4044=ORIENTED_EDGE('',*,*,#2681,.T.);
#4045=ORIENTED_EDGE('',*,*,#3024,.T.);
#4046=ORIENTED_EDGE('',*,*,#2612,.T.);
#4047=ORIENTED_EDGE('',*,*,#3025,.T.);
#4048=ORIENTED_EDGE('',*,*,#3026,.T.);
#4049=ORIENTED_EDGE('',*,*,#3027,.T.);
#4050=ORIENTED_EDGE('',*,*,#2677,.T.);
#4051=ORIENTED_EDGE('',*,*,#3028,.T.);
#4052=ORIENTED_EDGE('',*,*,#2587,.T.);
#4053=ORIENTED_EDGE('',*,*,#3029,.T.);
#4054=ORIENTED_EDGE('',*,*,#2673,.T.);
#4055=ORIENTED_EDGE('',*,*,#3030,.T.);
#4056=ORIENTED_EDGE('',*,*,#2671,.T.);
#4057=ORIENTED_EDGE('',*,*,#3031,.T.);
#4058=ORIENTED_EDGE('',*,*,#2596,.T.);
#4059=ORIENTED_EDGE('',*,*,#3032,.T.);
#4060=ORIENTED_EDGE('',*,*,#2639,.T.);
#4061=ORIENTED_EDGE('',*,*,#3033,.T.);
#4062=ORIENTED_EDGE('',*,*,#2666,.T.);
#4063=ORIENTED_EDGE('',*,*,#3034,.T.);
#4064=ORIENTED_EDGE('',*,*,#2659,.T.);
#4065=ORIENTED_EDGE('',*,*,#3035,.T.);
#4066=ORIENTED_EDGE('',*,*,#2573,.T.);
#4067=ORIENTED_EDGE('',*,*,#3036,.T.);
#4068=ORIENTED_EDGE('',*,*,#2656,.T.);
#4069=ORIENTED_EDGE('',*,*,#3037,.T.);
#4070=ORIENTED_EDGE('',*,*,#2581,.T.);
#4071=ORIENTED_EDGE('',*,*,#3038,.T.);
#4072=ORIENTED_EDGE('',*,*,#2649,.T.);
#4073=ORIENTED_EDGE('',*,*,#3039,.T.);
#4074=ORIENTED_EDGE('',*,*,#2570,.T.);
#4075=ORIENTED_EDGE('',*,*,#3040,.T.);
#4076=ORIENTED_EDGE('',*,*,#2637,.T.);
#4077=ORIENTED_EDGE('',*,*,#3041,.T.);
#4078=ORIENTED_EDGE('',*,*,#2566,.T.);
#4079=ORIENTED_EDGE('',*,*,#3042,.T.);
#4080=ORIENTED_EDGE('',*,*,#2617,.T.);
#4081=ORIENTED_EDGE('',*,*,#3043,.T.);
#4082=ORIENTED_EDGE('',*,*,#2552,.T.);
#4083=ORIENTED_EDGE('',*,*,#3044,.T.);
#4084=ORIENTED_EDGE('',*,*,#2616,.T.);
#4085=ORIENTED_EDGE('',*,*,#3045,.T.);
#4086=ORIENTED_EDGE('',*,*,#2550,.T.);
#4087=ORIENTED_EDGE('',*,*,#3046,.T.);
#4088=ORIENTED_EDGE('',*,*,#2610,.T.);
#4089=ORIENTED_EDGE('',*,*,#3047,.T.);
#4090=ORIENTED_EDGE('',*,*,#2567,.T.);
#4091=ORIENTED_EDGE('',*,*,#3048,.T.);
#4092=ORIENTED_EDGE('',*,*,#2608,.T.);
#4093=ORIENTED_EDGE('',*,*,#3049,.T.);
#4094=ORIENTED_EDGE('',*,*,#2565,.T.);
#4095=ORIENTED_EDGE('',*,*,#3050,.T.);
#4096=ORIENTED_EDGE('',*,*,#2538,.T.);
#4097=ORIENTED_EDGE('',*,*,#3051,.T.);
#4098=ORIENTED_EDGE('',*,*,#2594,.T.);
#4099=ORIENTED_EDGE('',*,*,#3052,.T.);
#4100=ORIENTED_EDGE('',*,*,#2568,.T.);
#4101=ORIENTED_EDGE('',*,*,#3053,.T.);
#4102=ORIENTED_EDGE('',*,*,#2520,.T.);
#4103=ORIENTED_EDGE('',*,*,#3054,.T.);
#4104=ORIENTED_EDGE('',*,*,#3055,.T.);
#4105=ORIENTED_EDGE('',*,*,#3056,.T.);
#4106=ORIENTED_EDGE('',*,*,#2559,.T.);
#4107=ORIENTED_EDGE('',*,*,#3057,.T.);
#4108=ORIENTED_EDGE('',*,*,#2556,.T.);
#4109=ORIENTED_EDGE('',*,*,#3058,.T.);
#4110=ORIENTED_EDGE('',*,*,#2511,.T.);
#4111=ORIENTED_EDGE('',*,*,#3059,.T.);
#4112=ORIENTED_EDGE('',*,*,#3060,.T.);
#4113=ORIENTED_EDGE('',*,*,#3061,.T.);
#4114=ORIENTED_EDGE('',*,*,#2549,.T.);
#4115=ORIENTED_EDGE('',*,*,#3062,.T.);
#4116=ORIENTED_EDGE('',*,*,#2546,.T.);
#4117=ORIENTED_EDGE('',*,*,#3063,.T.);
#4118=ORIENTED_EDGE('',*,*,#2504,.T.);
#4119=ORIENTED_EDGE('',*,*,#3064,.T.);
#4120=ORIENTED_EDGE('',*,*,#2500,.T.);
#4121=ORIENTED_EDGE('',*,*,#3065,.T.);
#4122=ORIENTED_EDGE('',*,*,#2523,.T.);
#4123=ORIENTED_EDGE('',*,*,#3066,.T.);
#4124=ORIENTED_EDGE('',*,*,#3067,.T.);
#4125=ORIENTED_EDGE('',*,*,#3068,.T.);
#4126=ORIENTED_EDGE('',*,*,#2503,.T.);
#4127=ORIENTED_EDGE('',*,*,#3069,.T.);
#4128=ORIENTED_EDGE('',*,*,#2578,.F.);
#4129=ORIENTED_EDGE('',*,*,#3035,.F.);
#4130=ORIENTED_EDGE('',*,*,#2658,.F.);
#4131=ORIENTED_EDGE('',*,*,#2758,.F.);
#4132=ORIENTED_EDGE('',*,*,#2468,.F.);
#4133=ORIENTED_EDGE('',*,*,#2472,.F.);
#4134=ORIENTED_EDGE('',*,*,#3008,.F.);
#4135=ORIENTED_EDGE('',*,*,#3040,.F.);
#4136=ORIENTED_EDGE('',*,*,#2572,.F.);
#4137=ORIENTED_EDGE('',*,*,#2525,.F.);
#4138=ORIENTED_EDGE('',*,*,#2528,.F.);
#4139=ORIENTED_EDGE('',*,*,#3070,.T.);
#4140=ORIENTED_EDGE('',*,*,#2529,.F.);
#4141=ORIENTED_EDGE('',*,*,#3065,.F.);
#4142=ORIENTED_EDGE('',*,*,#3068,.F.);
#4143=ORIENTED_EDGE('',*,*,#3071,.T.);
#4144=ORIENTED_EDGE('',*,*,#2576,.F.);
#4145=ORIENTED_EDGE('',*,*,#3070,.F.);
#4146=ORIENTED_EDGE('',*,*,#2527,.F.);
#4147=ORIENTED_EDGE('',*,*,#3071,.F.);
#4148=ORIENTED_EDGE('',*,*,#3067,.F.);
#4149=ORIENTED_EDGE('',*,*,#3072,.F.);
#4150=ORIENTED_EDGE('',*,*,#2533,.F.);
#4151=ORIENTED_EDGE('',*,*,#3073,.F.);
#4152=ORIENTED_EDGE('',*,*,#3074,.F.);
#4153=ORIENTED_EDGE('',*,*,#2517,.F.);
#4154=ORIENTED_EDGE('',*,*,#3058,.F.);
#4155=ORIENTED_EDGE('',*,*,#3056,.F.);
#4156=ORIENTED_EDGE('',*,*,#3075,.T.);
#4157=ORIENTED_EDGE('',*,*,#2931,.F.);
#4158=ORIENTED_EDGE('',*,*,#2934,.F.);
#4159=ORIENTED_EDGE('',*,*,#2914,.F.);
#4160=ORIENTED_EDGE('',*,*,#2916,.F.);
#4161=ORIENTED_EDGE('',*,*,#2942,.F.);
#4162=ORIENTED_EDGE('',*,*,#2895,.F.);
#4163=ORIENTED_EDGE('',*,*,#2865,.F.);
#4164=ORIENTED_EDGE('',*,*,#2793,.F.);
#4165=ORIENTED_EDGE('',*,*,#2796,.F.);
#4166=ORIENTED_EDGE('',*,*,#3076,.T.);
#4167=ORIENTED_EDGE('',*,*,#2797,.F.);
#4168=ORIENTED_EDGE('',*,*,#2998,.F.);
#4169=ORIENTED_EDGE('',*,*,#3027,.F.);
#4170=ORIENTED_EDGE('',*,*,#3077,.T.);
#4171=ORIENTED_EDGE('',*,*,#2929,.F.);
#4172=ORIENTED_EDGE('',*,*,#3076,.F.);
#4173=ORIENTED_EDGE('',*,*,#2795,.F.);
#4174=ORIENTED_EDGE('',*,*,#3077,.F.);
#4175=ORIENTED_EDGE('',*,*,#3026,.F.);
#4176=ORIENTED_EDGE('',*,*,#3078,.F.);
#4177=ORIENTED_EDGE('',*,*,#2921,.F.);
#4178=ORIENTED_EDGE('',*,*,#3079,.F.);
#4179=ORIENTED_EDGE('',*,*,#3080,.F.);
#4180=ORIENTED_EDGE('',*,*,#2510,.F.);
#4181=ORIENTED_EDGE('',*,*,#3063,.F.);
#4182=ORIENTED_EDGE('',*,*,#3061,.F.);
#4183=ORIENTED_EDGE('',*,*,#3081,.T.);
#4184=ORIENTED_EDGE('',*,*,#2571,.F.);
#4185=ORIENTED_EDGE('',*,*,#3054,.F.);
#4186=ORIENTED_EDGE('',*,*,#2522,.F.);
#4187=ORIENTED_EDGE('',*,*,#3066,.F.);
#4188=ORIENTED_EDGE('',*,*,#2579,.F.);
#4189=ORIENTED_EDGE('',*,*,#2585,.F.);
#4190=ORIENTED_EDGE('',*,*,#3037,.F.);
#4191=ORIENTED_EDGE('',*,*,#3036,.F.);
#4192=ORIENTED_EDGE('',*,*,#3082,.T.);
#4193=ORIENTED_EDGE('',*,*,#2603,.F.);
#4194=ORIENTED_EDGE('',*,*,#3064,.F.);
#4195=ORIENTED_EDGE('',*,*,#2544,.F.);
#4196=ORIENTED_EDGE('',*,*,#2605,.F.);
#4197=ORIENTED_EDGE('',*,*,#2627,.F.);
#4198=ORIENTED_EDGE('',*,*,#3059,.F.);
#4199=ORIENTED_EDGE('',*,*,#2563,.F.);
#4200=ORIENTED_EDGE('',*,*,#2629,.F.);
#4201=ORIENTED_EDGE('',*,*,#2718,.F.);
#4202=ORIENTED_EDGE('',*,*,#3016,.F.);
#4203=ORIENTED_EDGE('',*,*,#3046,.F.);
#4204=ORIENTED_EDGE('',*,*,#3043,.F.);
#4205=ORIENTED_EDGE('',*,*,#3083,.T.);
#4206=ORIENTED_EDGE('',*,*,#2732,.F.);
#4207=ORIENTED_EDGE('',*,*,#2735,.F.);
#4208=ORIENTED_EDGE('',*,*,#2640,.F.);
#4209=ORIENTED_EDGE('',*,*,#3034,.F.);
#4210=ORIENTED_EDGE('',*,*,#3004,.F.);
#4211=ORIENTED_EDGE('',*,*,#3002,.F.);
#4212=ORIENTED_EDGE('',*,*,#2685,.F.);
#4213=ORIENTED_EDGE('',*,*,#3023,.F.);
#4214=ORIENTED_EDGE('',*,*,#2604,.F.);
#4215=ORIENTED_EDGE('',*,*,#2597,.F.);
#4216=ORIENTED_EDGE('',*,*,#3051,.F.);
#4217=ORIENTED_EDGE('',*,*,#2540,.F.);
#4218=ORIENTED_EDGE('',*,*,#3053,.F.);
#4219=ORIENTED_EDGE('',*,*,#3039,.F.);
#4220=ORIENTED_EDGE('',*,*,#2648,.F.);
#4221=ORIENTED_EDGE('',*,*,#2737,.F.);
#4222=ORIENTED_EDGE('',*,*,#2757,.F.);
#4223=ORIENTED_EDGE('',*,*,#2759,.F.);
#4224=ORIENTED_EDGE('',*,*,#3038,.F.);
#4225=ORIENTED_EDGE('',*,*,#2654,.F.);
#4226=ORIENTED_EDGE('',*,*,#2760,.F.);
#4227=ORIENTED_EDGE('',*,*,#2498,.F.);
#4228=ORIENTED_EDGE('',*,*,#2766,.F.);
#4229=ORIENTED_EDGE('',*,*,#2970,.F.);
#4230=ORIENTED_EDGE('',*,*,#2969,.F.);
#4231=ORIENTED_EDGE('',*,*,#2774,.F.);
#4232=ORIENTED_EDGE('',*,*,#3084,.T.);
#4233=ORIENTED_EDGE('',*,*,#2801,.F.);
#4234=ORIENTED_EDGE('',*,*,#2805,.F.);
#4235=ORIENTED_EDGE('',*,*,#3019,.F.);
#4236=ORIENTED_EDGE('',*,*,#3021,.F.);
#4237=ORIENTED_EDGE('',*,*,#2689,.F.);
#4238=ORIENTED_EDGE('',*,*,#2995,.F.);
#4239=ORIENTED_EDGE('',*,*,#2965,.F.);
#4240=ORIENTED_EDGE('',*,*,#2951,.F.);
#4241=ORIENTED_EDGE('',*,*,#2949,.F.);
#4242=ORIENTED_EDGE('',*,*,#2873,.F.);
#4243=ORIENTED_EDGE('',*,*,#2802,.F.);
#4244=ORIENTED_EDGE('',*,*,#3025,.F.);
#4245=ORIENTED_EDGE('',*,*,#2700,.F.);
#4246=ORIENTED_EDGE('',*,*,#2989,.F.);
#4247=ORIENTED_EDGE('',*,*,#2986,.F.);
#4248=ORIENTED_EDGE('',*,*,#2702,.F.);
#4249=ORIENTED_EDGE('',*,*,#2804,.F.);
#4250=ORIENTED_EDGE('',*,*,#2812,.F.);
#4251=ORIENTED_EDGE('',*,*,#2994,.F.);
#4252=ORIENTED_EDGE('',*,*,#2690,.F.);
#4253=ORIENTED_EDGE('',*,*,#2669,.F.);
#4254=ORIENTED_EDGE('',*,*,#3033,.F.);
#4255=ORIENTED_EDGE('',*,*,#2755,.F.);
#4256=ORIENTED_EDGE('',*,*,#2816,.F.);
#4257=ORIENTED_EDGE('',*,*,#2592,.F.);
#4258=ORIENTED_EDGE('',*,*,#3052,.F.);
#4259=ORIENTED_EDGE('',*,*,#3031,.F.);
#4260=ORIENTED_EDGE('',*,*,#3029,.F.);
#4261=ORIENTED_EDGE('',*,*,#2826,.F.);
#4262=ORIENTED_EDGE('',*,*,#2992,.F.);
#4263=ORIENTED_EDGE('',*,*,#2698,.F.);
#4264=ORIENTED_EDGE('',*,*,#2701,.F.);
#4265=ORIENTED_EDGE('',*,*,#3048,.F.);
#4266=ORIENTED_EDGE('',*,*,#3041,.F.);
#4267=ORIENTED_EDGE('',*,*,#2636,.F.);
#4268=ORIENTED_EDGE('',*,*,#2748,.F.);
#4269=ORIENTED_EDGE('',*,*,#2744,.F.);
#4270=ORIENTED_EDGE('',*,*,#2746,.F.);
#4271=ORIENTED_EDGE('',*,*,#2644,.F.);
#4272=ORIENTED_EDGE('',*,*,#3015,.F.);
#4273=ORIENTED_EDGE('',*,*,#2722,.F.);
#4274=ORIENTED_EDGE('',*,*,#2831,.F.);
#4275=ORIENTED_EDGE('',*,*,#2462,.F.);
#4276=ORIENTED_EDGE('',*,*,#2978,.F.);
#4277=ORIENTED_EDGE('',*,*,#2492,.F.);
#4278=ORIENTED_EDGE('',*,*,#2496,.F.);
#4279=ORIENTED_EDGE('',*,*,#2761,.F.);
#4280=ORIENTED_EDGE('',*,*,#2711,.F.);
#4281=ORIENTED_EDGE('',*,*,#2981,.F.);
#4282=ORIENTED_EDGE('',*,*,#2458,.F.);
#4283=ORIENTED_EDGE('',*,*,#2841,.F.);
#4284=ORIENTED_EDGE('',*,*,#2977,.F.);
#4285=ORIENTED_EDGE('',*,*,#3014,.F.);
#4286=ORIENTED_EDGE('',*,*,#3007,.F.);
#4287=ORIENTED_EDGE('',*,*,#2486,.F.);
#4288=ORIENTED_EDGE('',*,*,#2490,.F.);
#4289=ORIENTED_EDGE('',*,*,#2979,.F.);
#4290=ORIENTED_EDGE('',*,*,#2464,.F.);
#4291=ORIENTED_EDGE('',*,*,#2456,.F.);
#4292=ORIENTED_EDGE('',*,*,#2980,.F.);
#4293=ORIENTED_EDGE('',*,*,#2713,.F.);
#4294=ORIENTED_EDGE('',*,*,#3017,.F.);
#4295=ORIENTED_EDGE('',*,*,#2982,.F.);
#4296=ORIENTED_EDGE('',*,*,#2452,.F.);
#4297=ORIENTED_EDGE('',*,*,#2416,.F.);
#4298=ORIENTED_EDGE('',*,*,#2973,.F.);
#4299=ORIENTED_EDGE('',*,*,#2754,.F.);
#4300=ORIENTED_EDGE('',*,*,#2734,.F.);
#4301=ORIENTED_EDGE('',*,*,#2974,.F.);
#4302=ORIENTED_EDGE('',*,*,#2412,.F.);
#4303=ORIENTED_EDGE('',*,*,#2843,.F.);
#4304=ORIENTED_EDGE('',*,*,#2847,.F.);
#4305=ORIENTED_EDGE('',*,*,#2749,.F.);
#4306=ORIENTED_EDGE('',*,*,#3010,.F.);
#4307=ORIENTED_EDGE('',*,*,#2848,.F.);
#4308=ORIENTED_EDGE('',*,*,#2430,.F.);
#4309=ORIENTED_EDGE('',*,*,#2404,.F.);
#4310=ORIENTED_EDGE('',*,*,#2844,.F.);
#4311=ORIENTED_EDGE('',*,*,#2480,.F.);
#4312=ORIENTED_EDGE('',*,*,#2484,.F.);
#4313=ORIENTED_EDGE('',*,*,#3006,.F.);
#4314=ORIENTED_EDGE('',*,*,#2747,.F.);
#4315=ORIENTED_EDGE('',*,*,#2846,.F.);
#4316=ORIENTED_EDGE('',*,*,#2400,.F.);
#4317=ORIENTED_EDGE('',*,*,#2410,.F.);
#4318=ORIENTED_EDGE('',*,*,#2975,.F.);
#4319=ORIENTED_EDGE('',*,*,#2736,.F.);
#4320=ORIENTED_EDGE('',*,*,#3009,.F.);
#4321=ORIENTED_EDGE('',*,*,#2474,.F.);
#4322=ORIENTED_EDGE('',*,*,#2478,.F.);
#4323=ORIENTED_EDGE('',*,*,#2845,.F.);
#4324=ORIENTED_EDGE('',*,*,#2406,.F.);
#4325=ORIENTED_EDGE('',*,*,#2857,.F.);
#4326=ORIENTED_EDGE('',*,*,#3005,.F.);
#4327=ORIENTED_EDGE('',*,*,#2670,.F.);
#4328=ORIENTED_EDGE('',*,*,#2609,.F.);
#4329=ORIENTED_EDGE('',*,*,#3050,.F.);
#4330=ORIENTED_EDGE('',*,*,#3047,.F.);
#4331=ORIENTED_EDGE('',*,*,#3024,.F.);
#4332=ORIENTED_EDGE('',*,*,#2680,.F.);
#4333=ORIENTED_EDGE('',*,*,#2779,.F.);
#4334=ORIENTED_EDGE('',*,*,#2860,.F.);
#4335=ORIENTED_EDGE('',*,*,#2864,.F.);
#4336=ORIENTED_EDGE('',*,*,#2967,.F.);
#4337=ORIENTED_EDGE('',*,*,#2790,.F.);
#4338=ORIENTED_EDGE('',*,*,#2999,.F.);
#4339=ORIENTED_EDGE('',*,*,#2868,.F.);
#4340=ORIENTED_EDGE('',*,*,#2870,.F.);
#4341=ORIENTED_EDGE('',*,*,#2991,.F.);
#4342=ORIENTED_EDGE('',*,*,#2782,.F.);
#4343=ORIENTED_EDGE('',*,*,#2780,.F.);
#4344=ORIENTED_EDGE('',*,*,#2803,.F.);
#4345=ORIENTED_EDGE('',*,*,#2872,.F.);
#4346=ORIENTED_EDGE('',*,*,#2388,.F.);
#4347=ORIENTED_EDGE('',*,*,#2962,.F.);
#4348=ORIENTED_EDGE('',*,*,#2825,.F.);
#4349=ORIENTED_EDGE('',*,*,#2990,.F.);
#4350=ORIENTED_EDGE('',*,*,#2882,.F.);
#4351=ORIENTED_EDGE('',*,*,#2384,.F.);
#4352=ORIENTED_EDGE('',*,*,#2370,.F.);
#4353=ORIENTED_EDGE('',*,*,#2956,.F.);
#4354=ORIENTED_EDGE('',*,*,#2988,.F.);
#4355=ORIENTED_EDGE('',*,*,#2993,.F.);
#4356=ORIENTED_EDGE('',*,*,#2959,.F.);
#4357=ORIENTED_EDGE('',*,*,#2366,.F.);
#4358=ORIENTED_EDGE('',*,*,#2881,.F.);
#4359=ORIENTED_EDGE('',*,*,#2958,.F.);
#4360=ORIENTED_EDGE('',*,*,#2830,.F.);
#4361=ORIENTED_EDGE('',*,*,#2976,.F.);
#4362=ORIENTED_EDGE('',*,*,#2434,.F.);
#4363=ORIENTED_EDGE('',*,*,#2438,.F.);
#4364=ORIENTED_EDGE('',*,*,#2961,.F.);
#4365=ORIENTED_EDGE('',*,*,#2396,.F.);
#4366=ORIENTED_EDGE('',*,*,#2394,.F.);
#4367=ORIENTED_EDGE('',*,*,#2960,.F.);
#4368=ORIENTED_EDGE('',*,*,#2440,.F.);
#4369=ORIENTED_EDGE('',*,*,#2444,.F.);
#4370=ORIENTED_EDGE('',*,*,#2985,.F.);
#4371=ORIENTED_EDGE('',*,*,#2823,.F.);
#4372=ORIENTED_EDGE('',*,*,#2963,.F.);
#4373=ORIENTED_EDGE('',*,*,#2390,.F.);
#4374=ORIENTED_EDGE('',*,*,#2890,.F.);
#4375=ORIENTED_EDGE('',*,*,#2893,.F.);
#4376=ORIENTED_EDGE('',*,*,#2859,.F.);
#4377=ORIENTED_EDGE('',*,*,#2781,.F.);
#4378=ORIENTED_EDGE('',*,*,#2694,.F.);
#4379=ORIENTED_EDGE('',*,*,#2824,.F.);
#4380=ORIENTED_EDGE('',*,*,#2820,.F.);
#4381=ORIENTED_EDGE('',*,*,#2822,.F.);
#4382=ORIENTED_EDGE('',*,*,#2726,.F.);
#4383=ORIENTED_EDGE('',*,*,#2729,.F.);
#4384=ORIENTED_EDGE('',*,*,#2628,.F.);
#4385=ORIENTED_EDGE('',*,*,#2590,.F.);
#4386=ORIENTED_EDGE('',*,*,#3030,.F.);
#4387=ORIENTED_EDGE('',*,*,#3001,.F.);
#4388=ORIENTED_EDGE('',*,*,#2966,.F.);
#4389=ORIENTED_EDGE('',*,*,#2894,.F.);
#4390=ORIENTED_EDGE('',*,*,#2896,.F.);
#4391=ORIENTED_EDGE('',*,*,#2950,.F.);
#4392=ORIENTED_EDGE('',*,*,#2876,.F.);
#4393=ORIENTED_EDGE('',*,*,#2878,.F.);
#4394=ORIENTED_EDGE('',*,*,#2811,.F.);
#4395=ORIENTED_EDGE('',*,*,#3003,.F.);
#4396=ORIENTED_EDGE('',*,*,#2858,.F.);
#4397=ORIENTED_EDGE('',*,*,#2892,.F.);
#4398=ORIENTED_EDGE('',*,*,#2943,.F.);
#4399=ORIENTED_EDGE('',*,*,#2940,.F.);
#4400=ORIENTED_EDGE('',*,*,#2906,.F.);
#4401=ORIENTED_EDGE('',*,*,#2917,.F.);
#4402=ORIENTED_EDGE('',*,*,#2937,.F.);
#4403=ORIENTED_EDGE('',*,*,#2938,.F.);
#4404=ORIENTED_EDGE('',*,*,#2946,.F.);
#4405=ORIENTED_EDGE('',*,*,#2378,.F.);
#4406=ORIENTED_EDGE('',*,*,#2382,.F.);
#4407=ORIENTED_EDGE('',*,*,#2883,.F.);
#4408=ORIENTED_EDGE('',*,*,#2832,.F.);
#4409=ORIENTED_EDGE('',*,*,#2871,.F.);
#4410=ORIENTED_EDGE('',*,*,#2948,.F.);
#4411=ORIENTED_EDGE('',*,*,#2941,.F.);
#4412=ORIENTED_EDGE('',*,*,#2924,.F.);
#4413=ORIENTED_EDGE('',*,*,#2936,.F.);
#4414=ORIENTED_EDGE('',*,*,#2935,.F.);
#4415=ORIENTED_EDGE('',*,*,#2932,.F.);
#4416=ORIENTED_EDGE('',*,*,#3085,.T.);
#4417=ORIENTED_EDGE('',*,*,#2944,.F.);
#4418=ORIENTED_EDGE('',*,*,#2955,.F.);
#4419=ORIENTED_EDGE('',*,*,#2424,.F.);
#4420=ORIENTED_EDGE('',*,*,#2428,.F.);
#4421=ORIENTED_EDGE('',*,*,#2849,.F.);
#4422=ORIENTED_EDGE('',*,*,#2738,.F.);
#4423=ORIENTED_EDGE('',*,*,#3012,.F.);
#4424=ORIENTED_EDGE('',*,*,#3018,.F.);
#4425=ORIENTED_EDGE('',*,*,#2987,.F.);
#4426=ORIENTED_EDGE('',*,*,#2838,.F.);
#4427=ORIENTED_EDGE('',*,*,#2957,.F.);
#4428=ORIENTED_EDGE('',*,*,#2372,.F.);
#4429=ORIENTED_EDGE('',*,*,#2376,.F.);
#4430=ORIENTED_EDGE('',*,*,#2947,.F.);
#4431=ORIENTED_EDGE('',*,*,#2953,.F.);
#4432=ORIENTED_EDGE('',*,*,#2971,.F.);
#4433=ORIENTED_EDGE('',*,*,#2996,.F.);
#4434=ORIENTED_EDGE('',*,*,#2809,.F.);
#4435=ORIENTED_EDGE('',*,*,#2879,.F.);
#4436=ORIENTED_EDGE('',*,*,#2964,.F.);
#4437=ORIENTED_EDGE('',*,*,#2817,.F.);
#4438=ORIENTED_EDGE('',*,*,#2753,.F.);
#4439=ORIENTED_EDGE('',*,*,#2972,.F.);
#4440=ORIENTED_EDGE('',*,*,#2418,.F.);
#4441=ORIENTED_EDGE('',*,*,#2422,.F.);
#4442=ORIENTED_EDGE('',*,*,#2954,.F.);
#4443=ORIENTED_EDGE('',*,*,#3011,.F.);
#4444=ORIENTED_EDGE('',*,*,#3042,.F.);
#4445=ORIENTED_EDGE('',*,*,#3049,.F.);
#4446=ORIENTED_EDGE('',*,*,#2691,.F.);
#4447=ORIENTED_EDGE('',*,*,#3020,.F.);
#4448=ORIENTED_EDGE('',*,*,#2632,.F.);
#4449=ORIENTED_EDGE('',*,*,#3013,.F.);
#4450=ORIENTED_EDGE('',*,*,#3082,.F.);
#4451=ORIENTED_EDGE('',*,*,#3086,.T.);
#4452=ORIENTED_EDGE('',*,*,#3074,.T.);
#4453=ORIENTED_EDGE('',*,*,#3086,.F.);
#4454=ORIENTED_EDGE('',*,*,#2577,.F.);
#4455=ORIENTED_EDGE('',*,*,#3073,.T.);
#4456=ORIENTED_EDGE('',*,*,#2535,.F.);
#4457=ORIENTED_EDGE('',*,*,#2580,.F.);
#4458=ORIENTED_EDGE('',*,*,#3083,.F.);
#4459=ORIENTED_EDGE('',*,*,#3087,.T.);
#4460=ORIENTED_EDGE('',*,*,#3088,.T.);
#4461=ORIENTED_EDGE('',*,*,#3087,.F.);
#4462=ORIENTED_EDGE('',*,*,#2621,.F.);
#4463=ORIENTED_EDGE('',*,*,#3089,.T.);
#4464=ORIENTED_EDGE('',*,*,#3057,.F.);
#4465=ORIENTED_EDGE('',*,*,#2558,.F.);
#4466=ORIENTED_EDGE('',*,*,#2626,.F.);
#4467=ORIENTED_EDGE('',*,*,#2728,.F.);
#4468=ORIENTED_EDGE('',*,*,#2984,.F.);
#4469=ORIENTED_EDGE('',*,*,#2446,.F.);
#4470=ORIENTED_EDGE('',*,*,#2450,.F.);
#4471=ORIENTED_EDGE('',*,*,#2983,.F.);
#4472=ORIENTED_EDGE('',*,*,#2716,.F.);
#4473=ORIENTED_EDGE('',*,*,#2719,.F.);
#4474=ORIENTED_EDGE('',*,*,#2554,.F.);
#4475=ORIENTED_EDGE('',*,*,#3090,.T.);
#4476=ORIENTED_EDGE('',*,*,#2622,.F.);
#4477=ORIENTED_EDGE('',*,*,#3044,.F.);
#4478=ORIENTED_EDGE('',*,*,#2534,.F.);
#4479=ORIENTED_EDGE('',*,*,#3072,.T.);
#4480=ORIENTED_EDGE('',*,*,#3069,.F.);
#4481=ORIENTED_EDGE('',*,*,#2502,.F.);
#4482=ORIENTED_EDGE('',*,*,#2521,.F.);
#4483=ORIENTED_EDGE('',*,*,#2539,.F.);
#4484=ORIENTED_EDGE('',*,*,#2593,.F.);
#4485=ORIENTED_EDGE('',*,*,#2591,.F.);
#4486=ORIENTED_EDGE('',*,*,#2564,.F.);
#4487=ORIENTED_EDGE('',*,*,#2513,.F.);
#4488=ORIENTED_EDGE('',*,*,#2516,.F.);
#4489=ORIENTED_EDGE('',*,*,#3091,.T.);
#4490=ORIENTED_EDGE('',*,*,#2555,.F.);
#4491=ORIENTED_EDGE('',*,*,#3045,.F.);
#4492=ORIENTED_EDGE('',*,*,#2615,.F.);
#4493=ORIENTED_EDGE('',*,*,#2712,.F.);
#4494=ORIENTED_EDGE('',*,*,#2708,.F.);
#4495=ORIENTED_EDGE('',*,*,#2710,.F.);
#4496=ORIENTED_EDGE('',*,*,#2652,.F.);
#4497=ORIENTED_EDGE('',*,*,#2655,.F.);
#4498=ORIENTED_EDGE('',*,*,#2583,.F.);
#4499=ORIENTED_EDGE('',*,*,#2586,.F.);
#4500=ORIENTED_EDGE('',*,*,#2553,.F.);
#4501=ORIENTED_EDGE('',*,*,#3091,.F.);
#4502=ORIENTED_EDGE('',*,*,#2515,.F.);
#4503=ORIENTED_EDGE('',*,*,#3075,.F.);
#4504=ORIENTED_EDGE('',*,*,#3055,.F.);
#4505=ORIENTED_EDGE('',*,*,#3089,.F.);
#4506=ORIENTED_EDGE('',*,*,#2620,.F.);
#4507=ORIENTED_EDGE('',*,*,#3090,.F.);
#4508=ORIENTED_EDGE('',*,*,#3088,.F.);
#4509=ORIENTED_EDGE('',*,*,#3085,.F.);
#4510=ORIENTED_EDGE('',*,*,#3092,.T.);
#4511=ORIENTED_EDGE('',*,*,#3080,.T.);
#4512=ORIENTED_EDGE('',*,*,#3092,.F.);
#4513=ORIENTED_EDGE('',*,*,#2930,.F.);
#4514=ORIENTED_EDGE('',*,*,#3079,.T.);
#4515=ORIENTED_EDGE('',*,*,#2923,.F.);
#4516=ORIENTED_EDGE('',*,*,#2933,.F.);
#4517=ORIENTED_EDGE('',*,*,#3084,.F.);
#4518=ORIENTED_EDGE('',*,*,#3093,.T.);
#4519=ORIENTED_EDGE('',*,*,#3094,.T.);
#4520=ORIENTED_EDGE('',*,*,#3093,.F.);
#4521=ORIENTED_EDGE('',*,*,#2922,.F.);
#4522=ORIENTED_EDGE('',*,*,#3078,.T.);
#4523=ORIENTED_EDGE('',*,*,#3028,.F.);
#4524=ORIENTED_EDGE('',*,*,#2676,.F.);
#4525=ORIENTED_EDGE('',*,*,#2789,.F.);
#4526=ORIENTED_EDGE('',*,*,#3000,.F.);
#4527=ORIENTED_EDGE('',*,*,#3032,.F.);
#4528=ORIENTED_EDGE('',*,*,#2598,.F.);
#4529=ORIENTED_EDGE('',*,*,#2545,.F.);
#4530=ORIENTED_EDGE('',*,*,#2506,.F.);
#4531=ORIENTED_EDGE('',*,*,#2509,.F.);
#4532=ORIENTED_EDGE('',*,*,#3095,.T.);
#4533=ORIENTED_EDGE('',*,*,#2773,.F.);
#4534=ORIENTED_EDGE('',*,*,#2968,.F.);
#4535=ORIENTED_EDGE('',*,*,#2852,.F.);
#4536=ORIENTED_EDGE('',*,*,#2952,.F.);
#4537=ORIENTED_EDGE('',*,*,#2886,.F.);
#4538=ORIENTED_EDGE('',*,*,#2945,.F.);
#4539=ORIENTED_EDGE('',*,*,#2902,.F.);
#4540=ORIENTED_EDGE('',*,*,#2939,.F.);
#4541=ORIENTED_EDGE('',*,*,#2910,.F.);
#4542=ORIENTED_EDGE('',*,*,#2925,.F.);
#4543=ORIENTED_EDGE('',*,*,#2664,.F.);
#4544=ORIENTED_EDGE('',*,*,#3096,.T.);
#4545=ORIENTED_EDGE('',*,*,#3062,.F.);
#4546=ORIENTED_EDGE('',*,*,#2548,.F.);
#4547=ORIENTED_EDGE('',*,*,#2602,.F.);
#4548=ORIENTED_EDGE('',*,*,#3022,.F.);
#4549=ORIENTED_EDGE('',*,*,#2810,.F.);
#4550=ORIENTED_EDGE('',*,*,#2997,.F.);
#4551=ORIENTED_EDGE('',*,*,#2764,.F.);
#4552=ORIENTED_EDGE('',*,*,#2767,.F.);
#4553=ORIENTED_EDGE('',*,*,#2772,.F.);
#4554=ORIENTED_EDGE('',*,*,#3097,.T.);
#4555=ORIENTED_EDGE('',*,*,#2665,.F.);
#4556=ORIENTED_EDGE('',*,*,#2775,.F.);
#4557=ORIENTED_EDGE('',*,*,#2771,.F.);
#4558=ORIENTED_EDGE('',*,*,#3095,.F.);
#4559=ORIENTED_EDGE('',*,*,#2508,.F.);
#4560=ORIENTED_EDGE('',*,*,#3081,.F.);
#4561=ORIENTED_EDGE('',*,*,#3060,.F.);
#4562=ORIENTED_EDGE('',*,*,#3096,.F.);
#4563=ORIENTED_EDGE('',*,*,#2663,.F.);
#4564=ORIENTED_EDGE('',*,*,#3097,.F.);
#4565=ORIENTED_EDGE('',*,*,#3094,.F.);
#4566=B_SPLINE_SURFACE_WITH_KNOTS('',3,3,((#7221,#7222,#7223,#7224,#7225,
#7226,#7227),(#7228,#7229,#7230,#7231,#7232,#7233,#7234),(#7235,#7236,#7237,
#7238,#7239,#7240,#7241),(#7242,#7243,#7244,#7245,#7246,#7247,#7248),(#7249,
#7250,#7251,#7252,#7253,#7254,#7255),(#7256,#7257,#7258,#7259,#7260,#7261,
#7262),(#7263,#7264,#7265,#7266,#7267,#7268,#7269)),.UNSPECIFIED.,.F.,.F.,
 .F.,(4,1,1,1,4),(4,1,1,1,4),(0.,0.25,0.5,0.75,1.),(0.,0.25,0.5,0.75,1.),
 .UNSPECIFIED.);
#4567=B_SPLINE_SURFACE_WITH_KNOTS('',3,3,((#7290,#7291,#7292,#7293,#7294,
#7295,#7296),(#7297,#7298,#7299,#7300,#7301,#7302,#7303),(#7304,#7305,#7306,
#7307,#7308,#7309,#7310),(#7311,#7312,#7313,#7314,#7315,#7316,#7317),(#7318,
#7319,#7320,#7321,#7322,#7323,#7324),(#7325,#7326,#7327,#7328,#7329,#7330,
#7331),(#7332,#7333,#7334,#7335,#7336,#7337,#7338)),.UNSPECIFIED.,.F.,.F.,
 .F.,(4,1,1,1,4),(4,1,1,1,4),(0.,0.25,0.5,0.75,1.),(0.,0.25,0.5,0.75,1.),
 .UNSPECIFIED.);
#4568=B_SPLINE_SURFACE_WITH_KNOTS('',3,3,((#7350,#7351,#7352,#7353,#7354,
#7355,#7356),(#7357,#7358,#7359,#7360,#7361,#7362,#7363),(#7364,#7365,#7366,
#7367,#7368,#7369,#7370),(#7371,#7372,#7373,#7374,#7375,#7376,#7377),(#7378,
#7379,#7380,#7381,#7382,#7383,#7384),(#7385,#7386,#7387,#7388,#7389,#7390,
#7391),(#7392,#7393,#7394,#7395,#7396,#7397,#7398)),.UNSPECIFIED.,.F.,.F.,
 .F.,(4,1,1,1,4),(4,1,1,1,4),(0.,0.25,0.5,0.75,1.),(0.,0.25,0.5,0.75,1.),
 .UNSPECIFIED.);
#4569=B_SPLINE_SURFACE_WITH_KNOTS('',3,3,((#7410,#7411,#7412,#7413,#7414,
#7415,#7416),(#7417,#7418,#7419,#7420,#7421,#7422,#7423),(#7424,#7425,#7426,
#7427,#7428,#7429,#7430),(#7431,#7432,#7433,#7434,#7435,#7436,#7437),(#7438,
#7439,#7440,#7441,#7442,#7443,#7444),(#7445,#7446,#7447,#7448,#7449,#7450,
#7451),(#7452,#7453,#7454,#7455,#7456,#7457,#7458)),.UNSPECIFIED.,.F.,.F.,
 .F.,(4,1,1,1,4),(4,1,1,1,4),(0.,0.25,0.5,0.75,1.),(0.,0.25,0.5,0.75,1.),
 .UNSPECIFIED.);
#4570=B_SPLINE_SURFACE_WITH_KNOTS('',3,3,((#7470,#7471,#7472,#7473,#7474,
#7475,#7476),(#7477,#7478,#7479,#7480,#7481,#7482,#7483),(#7484,#7485,#7486,
#7487,#7488,#7489,#7490),(#7491,#7492,#7493,#7494,#7495,#7496,#7497),(#7498,
#7499,#7500,#7501,#7502,#7503,#7504),(#7505,#7506,#7507,#7508,#7509,#7510,
#7511),(#7512,#7513,#7514,#7515,#7516,#7517,#7518)),.UNSPECIFIED.,.F.,.F.,
 .F.,(4,1,1,1,4),(4,1,1,1,4),(0.,0.25,0.5,0.75,1.),(0.,0.25,0.5,0.75,1.),
 .UNSPECIFIED.);
#4571=B_SPLINE_SURFACE_WITH_KNOTS('',3,3,((#7530,#7531,#7532,#7533,#7534,
#7535,#7536),(#7537,#7538,#7539,#7540,#7541,#7542,#7543),(#7544,#7545,#7546,
#7547,#7548,#7549,#7550),(#7551,#7552,#7553,#7554,#7555,#7556,#7557),(#7558,
#7559,#7560,#7561,#7562,#7563,#7564),(#7565,#7566,#7567,#7568,#7569,#7570,
#7571),(#7572,#7573,#7574,#7575,#7576,#7577,#7578)),.UNSPECIFIED.,.F.,.F.,
 .F.,(4,1,1,1,4),(4,1,1,1,4),(0.,0.25,0.5,0.75,1.),(0.,0.25,0.5,0.75,1.),
 .UNSPECIFIED.);
#4572=B_SPLINE_SURFACE_WITH_KNOTS('',3,3,((#7590,#7591,#7592,#7593,#7594,
#7595,#7596),(#7597,#7598,#7599,#7600,#7601,#7602,#7603),(#7604,#7605,#7606,
#7607,#7608,#7609,#7610),(#7611,#7612,#7613,#7614,#7615,#7616,#7617),(#7618,
#7619,#7620,#7621,#7622,#7623,#7624),(#7625,#7626,#7627,#7628,#7629,#7630,
#7631),(#7632,#7633,#7634,#7635,#7636,#7637,#7638)),.UNSPECIFIED.,.F.,.F.,
 .F.,(4,1,1,1,4),(4,1,1,1,4),(0.,0.25,0.5,0.75,1.),(0.,0.25,0.5,0.75,1.),
 .UNSPECIFIED.);
#4573=B_SPLINE_SURFACE_WITH_KNOTS('',3,3,((#7650,#7651,#7652,#7653,#7654,
#7655,#7656),(#7657,#7658,#7659,#7660,#7661,#7662,#7663),(#7664,#7665,#7666,
#7667,#7668,#7669,#7670),(#7671,#7672,#7673,#7674,#7675,#7676,#7677),(#7678,
#7679,#7680,#7681,#7682,#7683,#7684),(#7685,#7686,#7687,#7688,#7689,#7690,
#7691),(#7692,#7693,#7694,#7695,#7696,#7697,#7698)),.UNSPECIFIED.,.F.,.F.,
 .F.,(4,1,1,1,4),(4,1,1,1,4),(0.,0.25,0.5,0.75,1.),(0.,0.25,0.5,0.75,1.),
 .UNSPECIFIED.);
#4574=B_SPLINE_SURFACE_WITH_KNOTS('',3,3,((#7710,#7711,#7712,#7713,#7714,
#7715,#7716),(#7717,#7718,#7719,#7720,#7721,#7722,#7723),(#7724,#7725,#7726,
#7727,#7728,#7729,#7730),(#7731,#7732,#7733,#7734,#7735,#7736,#7737),(#7738,
#7739,#7740,#7741,#7742,#7743,#7744),(#7745,#7746,#7747,#7748,#7749,#7750,
#7751),(#7752,#7753,#7754,#7755,#7756,#7757,#7758)),.UNSPECIFIED.,.F.,.F.,
 .F.,(4,1,1,1,4),(4,1,1,1,4),(0.,0.25,0.5,0.75,1.),(0.,0.25,0.5,0.75,1.),
 .UNSPECIFIED.);
#4575=B_SPLINE_SURFACE_WITH_KNOTS('',3,3,((#7770,#7771,#7772,#7773,#7774,
#7775,#7776),(#7777,#7778,#7779,#7780,#7781,#7782,#7783),(#7784,#7785,#7786,
#7787,#7788,#7789,#7790),(#7791,#7792,#7793,#7794,#7795,#7796,#7797),(#7798,
#7799,#7800,#7801,#7802,#7803,#7804),(#7805,#7806,#7807,#7808,#7809,#7810,
#7811),(#7812,#7813,#7814,#7815,#7816,#7817,#7818)),.UNSPECIFIED.,.F.,.F.,
 .F.,(4,1,1,1,4),(4,1,1,1,4),(0.,0.25,0.5,0.75,1.),(0.,0.25,0.5,0.75,1.),
 .UNSPECIFIED.);
#4576=B_SPLINE_SURFACE_WITH_KNOTS('',3,3,((#7830,#7831,#7832,#7833,#7834,
#7835,#7836),(#7837,#7838,#7839,#7840,#7841,#7842,#7843),(#7844,#7845,#7846,
#7847,#7848,#7849,#7850),(#7851,#7852,#7853,#7854,#7855,#7856,#7857),(#7858,
#7859,#7860,#7861,#7862,#7863,#7864),(#7865,#7866,#7867,#7868,#7869,#7870,
#7871),(#7872,#7873,#7874,#7875,#7876,#7877,#7878)),.UNSPECIFIED.,.F.,.F.,
 .F.,(4,1,1,1,4),(4,1,1,1,4),(0.,0.25,0.5,0.75,1.),(0.,0.25,0.5,0.75,1.),
 .UNSPECIFIED.);
#4577=B_SPLINE_SURFACE_WITH_KNOTS('',3,3,((#7890,#7891,#7892,#7893,#7894,
#7895,#7896),(#7897,#7898,#7899,#7900,#7901,#7902,#7903),(#7904,#7905,#7906,
#7907,#7908,#7909,#7910),(#7911,#7912,#7913,#7914,#7915,#7916,#7917),(#7918,
#7919,#7920,#7921,#7922,#7923,#7924),(#7925,#7926,#7927,#7928,#7929,#7930,
#7931),(#7932,#7933,#7934,#7935,#7936,#7937,#7938)),.UNSPECIFIED.,.F.,.F.,
 .F.,(4,1,1,1,4),(4,1,1,1,4),(0.,0.25,0.5,0.75,1.),(0.,0.25,0.5,0.75,1.),
 .UNSPECIFIED.);
#4578=B_SPLINE_SURFACE_WITH_KNOTS('',3,3,((#7959,#7960,#7961,#7962,#7963,
#7964,#7965),(#7966,#7967,#7968,#7969,#7970,#7971,#7972),(#7973,#7974,#7975,
#7976,#7977,#7978,#7979),(#7980,#7981,#7982,#7983,#7984,#7985,#7986),(#7987,
#7988,#7989,#7990,#7991,#7992,#7993),(#7994,#7995,#7996,#7997,#7998,#7999,
#8000),(#8001,#8002,#8003,#8004,#8005,#8006,#8007)),.UNSPECIFIED.,.F.,.F.,
 .F.,(4,1,1,1,4),(4,1,1,1,4),(0.,0.25,0.5,0.75,1.),(0.,0.25,0.5,0.75,1.),
 .UNSPECIFIED.);
#4579=B_SPLINE_SURFACE_WITH_KNOTS('',3,3,((#8019,#8020,#8021,#8022,#8023,
#8024,#8025),(#8026,#8027,#8028,#8029,#8030,#8031,#8032),(#8033,#8034,#8035,
#8036,#8037,#8038,#8039),(#8040,#8041,#8042,#8043,#8044,#8045,#8046),(#8047,
#8048,#8049,#8050,#8051,#8052,#8053),(#8054,#8055,#8056,#8057,#8058,#8059,
#8060),(#8061,#8062,#8063,#8064,#8065,#8066,#8067)),.UNSPECIFIED.,.F.,.F.,
 .F.,(4,1,1,1,4),(4,1,1,1,4),(0.,0.25,0.5,0.75,1.),(0.,0.25,0.5,0.75,1.),
 .UNSPECIFIED.);
#4580=B_SPLINE_SURFACE_WITH_KNOTS('',3,3,((#8079,#8080,#8081,#8082,#8083,
#8084,#8085),(#8086,#8087,#8088,#8089,#8090,#8091,#8092),(#8093,#8094,#8095,
#8096,#8097,#8098,#8099),(#8100,#8101,#8102,#8103,#8104,#8105,#8106),(#8107,
#8108,#8109,#8110,#8111,#8112,#8113),(#8114,#8115,#8116,#8117,#8118,#8119,
#8120),(#8121,#8122,#8123,#8124,#8125,#8126,#8127)),.UNSPECIFIED.,.F.,.F.,
 .F.,(4,1,1,1,4),(4,1,1,1,4),(0.,0.25,0.5,0.75,1.),(0.,0.25,0.5,0.75,1.),
 .UNSPECIFIED.);
#4581=B_SPLINE_SURFACE_WITH_KNOTS('',3,3,((#8139,#8140,#8141,#8142,#8143,
#8144,#8145),(#8146,#8147,#8148,#8149,#8150,#8151,#8152),(#8153,#8154,#8155,
#8156,#8157,#8158,#8159),(#8160,#8161,#8162,#8163,#8164,#8165,#8166),(#8167,
#8168,#8169,#8170,#8171,#8172,#8173),(#8174,#8175,#8176,#8177,#8178,#8179,
#8180),(#8181,#8182,#8183,#8184,#8185,#8186,#8187)),.UNSPECIFIED.,.F.,.F.,
 .F.,(4,1,1,1,4),(4,1,1,1,4),(0.,0.25,0.5,0.75,1.),(0.,0.25,0.5,0.75,1.),
 .UNSPECIFIED.);
#4582=B_SPLINE_SURFACE_WITH_KNOTS('',3,3,((#8199,#8200,#8201,#8202,#8203,
#8204,#8205),(#8206,#8207,#8208,#8209,#8210,#8211,#8212),(#8213,#8214,#8215,
#8216,#8217,#8218,#8219),(#8220,#8221,#8222,#8223,#8224,#8225,#8226),(#8227,
#8228,#8229,#8230,#8231,#8232,#8233),(#8234,#8235,#8236,#8237,#8238,#8239,
#8240),(#8241,#8242,#8243,#8244,#8245,#8246,#8247)),.UNSPECIFIED.,.F.,.F.,
 .F.,(4,1,1,1,4),(4,1,1,1,4),(0.,0.25,0.5,0.75,1.),(0.,0.25,0.5,0.75,1.),
 .UNSPECIFIED.);
#4583=B_SPLINE_SURFACE_WITH_KNOTS('',3,3,((#8259,#8260,#8261,#8262,#8263,
#8264,#8265),(#8266,#8267,#8268,#8269,#8270,#8271,#8272),(#8273,#8274,#8275,
#8276,#8277,#8278,#8279),(#8280,#8281,#8282,#8283,#8284,#8285,#8286),(#8287,
#8288,#8289,#8290,#8291,#8292,#8293),(#8294,#8295,#8296,#8297,#8298,#8299,
#8300),(#8301,#8302,#8303,#8304,#8305,#8306,#8307)),.UNSPECIFIED.,.F.,.F.,
 .F.,(4,1,1,1,4),(4,1,1,1,4),(0.,0.25,0.5,0.75,1.),(0.,0.25,0.5,0.75,1.),
 .UNSPECIFIED.);
#4584=B_SPLINE_SURFACE_WITH_KNOTS('',3,3,((#8319,#8320,#8321,#8322,#8323,
#8324,#8325),(#8326,#8327,#8328,#8329,#8330,#8331,#8332),(#8333,#8334,#8335,
#8336,#8337,#8338,#8339),(#8340,#8341,#8342,#8343,#8344,#8345,#8346),(#8347,
#8348,#8349,#8350,#8351,#8352,#8353),(#8354,#8355,#8356,#8357,#8358,#8359,
#8360),(#8361,#8362,#8363,#8364,#8365,#8366,#8367)),.UNSPECIFIED.,.F.,.F.,
 .F.,(4,1,1,1,4),(4,1,1,1,4),(0.,0.25,0.5,0.75,1.),(0.,0.25,0.5,0.75,1.),
 .UNSPECIFIED.);
#4585=B_SPLINE_SURFACE_WITH_KNOTS('',3,3,((#8379,#8380,#8381,#8382,#8383,
#8384,#8385),(#8386,#8387,#8388,#8389,#8390,#8391,#8392),(#8393,#8394,#8395,
#8396,#8397,#8398,#8399),(#8400,#8401,#8402,#8403,#8404,#8405,#8406),(#8407,
#8408,#8409,#8410,#8411,#8412,#8413),(#8414,#8415,#8416,#8417,#8418,#8419,
#8420),(#8421,#8422,#8423,#8424,#8425,#8426,#8427)),.UNSPECIFIED.,.F.,.F.,
 .F.,(4,1,1,1,4),(4,1,1,1,4),(0.,0.25,0.5,0.75,1.),(0.,0.25,0.5,0.75,1.),
 .UNSPECIFIED.);
#4586=B_SPLINE_SURFACE_WITH_KNOTS('',3,3,((#8439,#8440,#8441,#8442,#8443,
#8444,#8445),(#8446,#8447,#8448,#8449,#8450,#8451,#8452),(#8453,#8454,#8455,
#8456,#8457,#8458,#8459),(#8460,#8461,#8462,#8463,#8464,#8465,#8466),(#8467,
#8468,#8469,#8470,#8471,#8472,#8473),(#8474,#8475,#8476,#8477,#8478,#8479,
#8480),(#8481,#8482,#8483,#8484,#8485,#8486,#8487)),.UNSPECIFIED.,.F.,.F.,
 .F.,(4,1,1,1,4),(4,1,1,1,4),(0.,0.25,0.5,0.75,1.),(0.,0.25,0.5,0.75,1.),
 .UNSPECIFIED.);
#4587=B_SPLINE_SURFACE_WITH_KNOTS('',3,3,((#8499,#8500,#8501,#8502,#8503,
#8504,#8505),(#8506,#8507,#8508,#8509,#8510,#8511,#8512),(#8513,#8514,#8515,
#8516,#8517,#8518,#8519),(#8520,#8521,#8522,#8523,#8524,#8525,#8526),(#8527,
#8528,#8529,#8530,#8531,#8532,#8533),(#8534,#8535,#8536,#8537,#8538,#8539,
#8540),(#8541,#8542,#8543,#8544,#8545,#8546,#8547)),.UNSPECIFIED.,.F.,.F.,
 .F.,(4,1,1,1,4),(4,1,1,1,4),(0.,0.25,0.5,0.75,1.),(0.,0.25,0.5,0.75,1.),
 .UNSPECIFIED.);
#4588=B_SPLINE_SURFACE_WITH_KNOTS('',3,3,((#8559,#8560,#8561,#8562,#8563,
#8564,#8565),(#8566,#8567,#8568,#8569,#8570,#8571,#8572),(#8573,#8574,#8575,
#8576,#8577,#8578,#8579),(#8580,#8581,#8582,#8583,#8584,#8585,#8586),(#8587,
#8588,#8589,#8590,#8591,#8592,#8593),(#8594,#8595,#8596,#8597,#8598,#8599,
#8600),(#8601,#8602,#8603,#8604,#8605,#8606,#8607)),.UNSPECIFIED.,.F.,.F.,
 .F.,(4,1,1,1,4),(4,1,1,1,4),(0.,0.25,0.5,0.75,1.),(0.,0.25,0.5,0.75,1.),
 .UNSPECIFIED.);
#4589=B_SPLINE_SURFACE_WITH_KNOTS('',3,3,((#8628,#8629,#8630,#8631,#8632,
#8633,#8634),(#8635,#8636,#8637,#8638,#8639,#8640,#8641),(#8642,#8643,#8644,
#8645,#8646,#8647,#8648),(#8649,#8650,#8651,#8652,#8653,#8654,#8655),(#8656,
#8657,#8658,#8659,#8660,#8661,#8662),(#8663,#8664,#8665,#8666,#8667,#8668,
#8669),(#8670,#8671,#8672,#8673,#8674,#8675,#8676)),.UNSPECIFIED.,.F.,.F.,
 .F.,(4,1,1,1,4),(4,1,1,1,4),(0.,0.25,0.5,0.75,1.),(0.,0.25,0.5,0.75,1.),
 .UNSPECIFIED.);
#4590=B_SPLINE_SURFACE_WITH_KNOTS('',3,3,((#8688,#8689,#8690,#8691,#8692,
#8693,#8694),(#8695,#8696,#8697,#8698,#8699,#8700,#8701),(#8702,#8703,#8704,
#8705,#8706,#8707,#8708),(#8709,#8710,#8711,#8712,#8713,#8714,#8715),(#8716,
#8717,#8718,#8719,#8720,#8721,#8722),(#8723,#8724,#8725,#8726,#8727,#8728,
#8729),(#8730,#8731,#8732,#8733,#8734,#8735,#8736)),.UNSPECIFIED.,.F.,.F.,
 .F.,(4,1,1,1,4),(4,1,1,1,4),(0.,0.25,0.5,0.75,1.),(0.,0.25,0.5,0.75,1.),
 .UNSPECIFIED.);
#4591=B_SPLINE_SURFACE_WITH_KNOTS('',3,3,((#8748,#8749,#8750,#8751,#8752,
#8753,#8754),(#8755,#8756,#8757,#8758,#8759,#8760,#8761),(#8762,#8763,#8764,
#8765,#8766,#8767,#8768),(#8769,#8770,#8771,#8772,#8773,#8774,#8775),(#8776,
#8777,#8778,#8779,#8780,#8781,#8782),(#8783,#8784,#8785,#8786,#8787,#8788,
#8789),(#8790,#8791,#8792,#8793,#8794,#8795,#8796)),.UNSPECIFIED.,.F.,.F.,
 .F.,(4,1,1,1,4),(4,1,1,1,4),(0.,0.25,0.5,0.75,1.),(0.,0.25,0.5,0.75,1.),
 .UNSPECIFIED.);
#4592=B_SPLINE_SURFACE_WITH_KNOTS('',3,3,((#8808,#8809,#8810,#8811,#8812,
#8813,#8814),(#8815,#8816,#8817,#8818,#8819,#8820,#8821),(#8822,#8823,#8824,
#8825,#8826,#8827,#8828),(#8829,#8830,#8831,#8832,#8833,#8834,#8835),(#8836,
#8837,#8838,#8839,#8840,#8841,#8842),(#8843,#8844,#8845,#8846,#8847,#8848,
#8849),(#8850,#8851,#8852,#8853,#8854,#8855,#8856)),.UNSPECIFIED.,.F.,.F.,
 .F.,(4,1,1,1,4),(4,1,1,1,4),(0.,0.25,0.5,0.75,1.),(0.,0.25,0.5,0.75,1.),
 .UNSPECIFIED.);
#4593=B_SPLINE_SURFACE_WITH_KNOTS('',3,3,((#8868,#8869,#8870,#8871,#8872,
#8873,#8874),(#8875,#8876,#8877,#8878,#8879,#8880,#8881),(#8882,#8883,#8884,
#8885,#8886,#8887,#8888),(#8889,#8890,#8891,#8892,#8893,#8894,#8895),(#8896,
#8897,#8898,#8899,#8900,#8901,#8902),(#8903,#8904,#8905,#8906,#8907,#8908,
#8909),(#8910,#8911,#8912,#8913,#8914,#8915,#8916)),.UNSPECIFIED.,.F.,.F.,
 .F.,(4,1,1,1,4),(4,1,1,1,4),(0.,0.25,0.5,0.75,1.),(0.,0.25,0.5,0.75,1.),
 .UNSPECIFIED.);
#4594=B_SPLINE_SURFACE_WITH_KNOTS('',3,3,((#8928,#8929,#8930,#8931,#8932,
#8933,#8934),(#8935,#8936,#8937,#8938,#8939,#8940,#8941),(#8942,#8943,#8944,
#8945,#8946,#8947,#8948),(#8949,#8950,#8951,#8952,#8953,#8954,#8955),(#8956,
#8957,#8958,#8959,#8960,#8961,#8962),(#8963,#8964,#8965,#8966,#8967,#8968,
#8969),(#8970,#8971,#8972,#8973,#8974,#8975,#8976)),.UNSPECIFIED.,.F.,.F.,
 .F.,(4,1,1,1,4),(4,1,1,1,4),(0.,0.25,0.5,0.75,1.),(0.,0.25,0.5,0.75,1.),
 .UNSPECIFIED.);
#4595=B_SPLINE_SURFACE_WITH_KNOTS('',3,3,((#8988,#8989,#8990,#8991,#8992,
#8993,#8994),(#8995,#8996,#8997,#8998,#8999,#9000,#9001),(#9002,#9003,#9004,
#9005,#9006,#9007,#9008),(#9009,#9010,#9011,#9012,#9013,#9014,#9015),(#9016,
#9017,#9018,#9019,#9020,#9021,#9022),(#9023,#9024,#9025,#9026,#9027,#9028,
#9029),(#9030,#9031,#9032,#9033,#9034,#9035,#9036)),.UNSPECIFIED.,.F.,.F.,
 .F.,(4,1,1,1,4),(4,1,1,1,4),(0.,0.25,0.5,0.75,1.),(0.,0.25,0.5,0.75,1.),
 .UNSPECIFIED.);
#4596=B_SPLINE_SURFACE_WITH_KNOTS('',3,3,((#9048,#9049,#9050,#9051,#9052,
#9053,#9054),(#9055,#9056,#9057,#9058,#9059,#9060,#9061),(#9062,#9063,#9064,
#9065,#9066,#9067,#9068),(#9069,#9070,#9071,#9072,#9073,#9074,#9075),(#9076,
#9077,#9078,#9079,#9080,#9081,#9082),(#9083,#9084,#9085,#9086,#9087,#9088,
#9089),(#9090,#9091,#9092,#9093,#9094,#9095,#9096)),.UNSPECIFIED.,.F.,.F.,
 .F.,(4,1,1,1,4),(4,1,1,1,4),(0.,0.25,0.5,0.75,1.),(0.,0.25,0.5,0.75,1.),
 .UNSPECIFIED.);
#4597=B_SPLINE_SURFACE_WITH_KNOTS('',3,3,((#9108,#9109,#9110,#9111,#9112,
#9113,#9114),(#9115,#9116,#9117,#9118,#9119,#9120,#9121),(#9122,#9123,#9124,
#9125,#9126,#9127,#9128),(#9129,#9130,#9131,#9132,#9133,#9134,#9135),(#9136,
#9137,#9138,#9139,#9140,#9141,#9142),(#9143,#9144,#9145,#9146,#9147,#9148,
#9149),(#9150,#9151,#9152,#9153,#9154,#9155,#9156)),.UNSPECIFIED.,.F.,.F.,
 .F.,(4,1,1,1,4),(4,1,1,1,4),(0.,0.25,0.5,0.75,1.),(0.,0.25,0.5,0.75,1.),
 .UNSPECIFIED.);
#4598=B_SPLINE_SURFACE_WITH_KNOTS('',3,3,((#9168,#9169,#9170,#9171,#9172,
#9173,#9174),(#9175,#9176,#9177,#9178,#9179,#9180,#9181),(#9182,#9183,#9184,
#9185,#9186,#9187,#9188),(#9189,#9190,#9191,#9192,#9193,#9194,#9195),(#9196,
#9197,#9198,#9199,#9200,#9201,#9202),(#9203,#9204,#9205,#9206,#9207,#9208,
#9209),(#9210,#9211,#9212,#9213,#9214,#9215,#9216)),.UNSPECIFIED.,.F.,.F.,
 .F.,(4,1,1,1,4),(4,1,1,1,4),(0.,0.25,0.5,0.75,1.),(0.,0.25,0.5,0.75,1.),
 .UNSPECIFIED.);
#4599=B_SPLINE_SURFACE_WITH_KNOTS('',3,3,((#9228,#9229,#9230,#9231,#9232,
#9233,#9234),(#9235,#9236,#9237,#9238,#9239,#9240,#9241),(#9242,#9243,#9244,
#9245,#9246,#9247,#9248),(#9249,#9250,#9251,#9252,#9253,#9254,#9255),(#9256,
#9257,#9258,#9259,#9260,#9261,#9262),(#9263,#9264,#9265,#9266,#9267,#9268,
#9269),(#9270,#9271,#9272,#9273,#9274,#9275,#9276)),.UNSPECIFIED.,.F.,.F.,
 .F.,(4,1,1,1,4),(4,1,1,1,4),(0.,0.25,0.5,0.75,1.),(0.,0.25,0.5,0.75,1.),
 .UNSPECIFIED.);
#4600=B_SPLINE_SURFACE_WITH_KNOTS('',3,3,((#9297,#9298,#9299,#9300,#9301,
#9302,#9303),(#9304,#9305,#9306,#9307,#9308,#9309,#9310),(#9311,#9312,#9313,
#9314,#9315,#9316,#9317),(#9318,#9319,#9320,#9321,#9322,#9323,#9324),(#9325,
#9326,#9327,#9328,#9329,#9330,#9331),(#9332,#9333,#9334,#9335,#9336,#9337,
#9338),(#9339,#9340,#9341,#9342,#9343,#9344,#9345)),.UNSPECIFIED.,.F.,.F.,
 .F.,(4,1,1,1,4),(4,1,1,1,4),(0.,0.25,0.5,0.75,1.),(0.,0.25,0.5,0.75,1.),
 .UNSPECIFIED.);
#4601=B_SPLINE_SURFACE_WITH_KNOTS('',3,3,((#9357,#9358,#9359,#9360,#9361,
#9362,#9363),(#9364,#9365,#9366,#9367,#9368,#9369,#9370),(#9371,#9372,#9373,
#9374,#9375,#9376,#9377),(#9378,#9379,#9380,#9381,#9382,#9383,#9384),(#9385,
#9386,#9387,#9388,#9389,#9390,#9391),(#9392,#9393,#9394,#9395,#9396,#9397,
#9398),(#9399,#9400,#9401,#9402,#9403,#9404,#9405)),.UNSPECIFIED.,.F.,.F.,
 .F.,(4,1,1,1,4),(4,1,1,1,4),(0.,0.25,0.5,0.75,1.),(0.,0.25,0.5,0.75,1.),
 .UNSPECIFIED.);
#4602=B_SPLINE_SURFACE_WITH_KNOTS('',3,3,((#9417,#9418,#9419,#9420,#9421,
#9422,#9423),(#9424,#9425,#9426,#9427,#9428,#9429,#9430),(#9431,#9432,#9433,
#9434,#9435,#9436,#9437),(#9438,#9439,#9440,#9441,#9442,#9443,#9444),(#9445,
#9446,#9447,#9448,#9449,#9450,#9451),(#9452,#9453,#9454,#9455,#9456,#9457,
#9458),(#9459,#9460,#9461,#9462,#9463,#9464,#9465)),.UNSPECIFIED.,.F.,.F.,
 .F.,(4,1,1,1,4),(4,1,1,1,4),(0.,0.25,0.5,0.75,1.),(0.,0.25,0.5,0.75,1.),
 .UNSPECIFIED.);
#4603=B_SPLINE_SURFACE_WITH_KNOTS('',3,3,((#9477,#9478,#9479,#9480,#9481,
#9482,#9483),(#9484,#9485,#9486,#9487,#9488,#9489,#9490),(#9491,#9492,#9493,
#9494,#9495,#9496,#9497),(#9498,#9499,#9500,#9501,#9502,#9503,#9504),(#9505,
#9506,#9507,#9508,#9509,#9510,#9511),(#9512,#9513,#9514,#9515,#9516,#9517,
#9518),(#9519,#9520,#9521,#9522,#9523,#9524,#9525)),.UNSPECIFIED.,.F.,.F.,
 .F.,(4,1,1,1,4),(4,1,1,1,4),(0.,0.25,0.5,0.75,1.),(0.,0.25,0.5,0.75,1.),
 .UNSPECIFIED.);
#4604=B_SPLINE_SURFACE_WITH_KNOTS('',3,3,((#9537,#9538,#9539,#9540,#9541,
#9542,#9543),(#9544,#9545,#9546,#9547,#9548,#9549,#9550),(#9551,#9552,#9553,
#9554,#9555,#9556,#9557),(#9558,#9559,#9560,#9561,#9562,#9563,#9564),(#9565,
#9566,#9567,#9568,#9569,#9570,#9571),(#9572,#9573,#9574,#9575,#9576,#9577,
#9578),(#9579,#9580,#9581,#9582,#9583,#9584,#9585)),.UNSPECIFIED.,.F.,.F.,
 .F.,(4,1,1,1,4),(4,1,1,1,4),(0.,0.25,0.5,0.75,1.),(0.,0.25,0.5,0.75,1.),
 .UNSPECIFIED.);
#4605=B_SPLINE_SURFACE_WITH_KNOTS('',3,3,((#9597,#9598,#9599,#9600,#9601,
#9602,#9603),(#9604,#9605,#9606,#9607,#9608,#9609,#9610),(#9611,#9612,#9613,
#9614,#9615,#9616,#9617),(#9618,#9619,#9620,#9621,#9622,#9623,#9624),(#9625,
#9626,#9627,#9628,#9629,#9630,#9631),(#9632,#9633,#9634,#9635,#9636,#9637,
#9638),(#9639,#9640,#9641,#9642,#9643,#9644,#9645)),.UNSPECIFIED.,.F.,.F.,
 .F.,(4,1,1,1,4),(4,1,1,1,4),(0.,0.25,0.5,0.75,1.),(0.,0.25,0.5,0.75,1.),
 .UNSPECIFIED.);
#4606=B_SPLINE_SURFACE_WITH_KNOTS('',3,3,((#9657,#9658,#9659,#9660,#9661,
#9662,#9663),(#9664,#9665,#9666,#9667,#9668,#9669,#9670),(#9671,#9672,#9673,
#9674,#9675,#9676,#9677),(#9678,#9679,#9680,#9681,#9682,#9683,#9684),(#9685,
#9686,#9687,#9688,#9689,#9690,#9691),(#9692,#9693,#9694,#9695,#9696,#9697,
#9698),(#9699,#9700,#9701,#9702,#9703,#9704,#9705)),.UNSPECIFIED.,.F.,.F.,
 .F.,(4,1,1,1,4),(4,1,1,1,4),(0.,0.25,0.5,0.75,1.),(0.,0.25,0.5,0.75,1.),
 .UNSPECIFIED.);
#4607=B_SPLINE_SURFACE_WITH_KNOTS('',3,3,((#9717,#9718,#9719,#9720,#9721,
#9722,#9723),(#9724,#9725,#9726,#9727,#9728,#9729,#9730),(#9731,#9732,#9733,
#9734,#9735,#9736,#9737),(#9738,#9739,#9740,#9741,#9742,#9743,#9744),(#9745,
#9746,#9747,#9748,#9749,#9750,#9751),(#9752,#9753,#9754,#9755,#9756,#9757,
#9758),(#9759,#9760,#9761,#9762,#9763,#9764,#9765)),.UNSPECIFIED.,.F.,.F.,
 .F.,(4,1,1,1,4),(4,1,1,1,4),(0.,0.25,0.5,0.75,1.),(0.,0.25,0.5,0.75,1.),
 .UNSPECIFIED.);
#4608=B_SPLINE_SURFACE_WITH_KNOTS('',3,3,((#9777,#9778,#9779,#9780,#9781,
#9782,#9783),(#9784,#9785,#9786,#9787,#9788,#9789,#9790),(#9791,#9792,#9793,
#9794,#9795,#9796,#9797),(#9798,#9799,#9800,#9801,#9802,#9803,#9804),(#9805,
#9806,#9807,#9808,#9809,#9810,#9811),(#9812,#9813,#9814,#9815,#9816,#9817,
#9818),(#9819,#9820,#9821,#9822,#9823,#9824,#9825)),.UNSPECIFIED.,.F.,.F.,
 .F.,(4,1,1,1,4),(4,1,1,1,4),(0.,0.25,0.5,0.75,1.),(0.,0.25,0.5,0.75,1.),
 .UNSPECIFIED.);
#4609=B_SPLINE_SURFACE_WITH_KNOTS('',3,3,((#9837,#9838,#9839,#9840,#9841,
#9842,#9843),(#9844,#9845,#9846,#9847,#9848,#9849,#9850),(#9851,#9852,#9853,
#9854,#9855,#9856,#9857),(#9858,#9859,#9860,#9861,#9862,#9863,#9864),(#9865,
#9866,#9867,#9868,#9869,#9870,#9871),(#9872,#9873,#9874,#9875,#9876,#9877,
#9878),(#9879,#9880,#9881,#9882,#9883,#9884,#9885)),.UNSPECIFIED.,.F.,.F.,
 .F.,(4,1,1,1,4),(4,1,1,1,4),(0.,0.25,0.5,0.75,1.),(0.,0.25,0.5,0.75,1.),
 .UNSPECIFIED.);
#4610=B_SPLINE_SURFACE_WITH_KNOTS('',3,3,((#10431,#10432,#10433,#10434,
#10435,#10436,#10437),(#10438,#10439,#10440,#10441,#10442,#10443,#10444),
(#10445,#10446,#10447,#10448,#10449,#10450,#10451),(#10452,#10453,#10454,
#10455,#10456,#10457,#10458),(#10459,#10460,#10461,#10462,#10463,#10464,
#10465),(#10466,#10467,#10468,#10469,#10470,#10471,#10472),(#10473,#10474,
#10475,#10476,#10477,#10478,#10479)),.UNSPECIFIED.,.F.,.F.,.F.,(4,1,1,1,
4),(4,1,1,1,4),(0.,0.25,0.5,0.75,1.),(0.,0.25,0.5,0.75,1.),
 .UNSPECIFIED.);
#4611=B_SPLINE_SURFACE_WITH_KNOTS('',3,3,((#10646,#10647,#10648,#10649,
#10650,#10651,#10652),(#10653,#10654,#10655,#10656,#10657,#10658,#10659),
(#10660,#10661,#10662,#10663,#10664,#10665,#10666),(#10667,#10668,#10669,
#10670,#10671,#10672,#10673),(#10674,#10675,#10676,#10677,#10678,#10679,
#10680),(#10681,#10682,#10683,#10684,#10685,#10686,#10687),(#10688,#10689,
#10690,#10691,#10692,#10693,#10694)),.UNSPECIFIED.,.F.,.F.,.F.,(4,1,1,1,
4),(4,1,1,1,4),(0.,0.25,0.5,0.75,1.),(0.,0.25,0.5,0.75,1.),
 .UNSPECIFIED.);
#4612=B_SPLINE_SURFACE_WITH_KNOTS('',3,3,((#10698,#10699,#10700,#10701,
#10702,#10703,#10704),(#10705,#10706,#10707,#10708,#10709,#10710,#10711),
(#10712,#10713,#10714,#10715,#10716,#10717,#10718),(#10719,#10720,#10721,
#10722,#10723,#10724,#10725),(#10726,#10727,#10728,#10729,#10730,#10731,
#10732),(#10733,#10734,#10735,#10736,#10737,#10738,#10739),(#10740,#10741,
#10742,#10743,#10744,#10745,#10746)),.UNSPECIFIED.,.F.,.F.,.F.,(4,1,1,1,
4),(4,1,1,1,4),(0.,0.25,0.5,0.75,1.),(0.,0.25,0.5,0.75,1.),
 .UNSPECIFIED.);
#4613=B_SPLINE_SURFACE_WITH_KNOTS('',3,3,((#10818,#10819,#10820,#10821,
#10822,#10823,#10824),(#10825,#10826,#10827,#10828,#10829,#10830,#10831),
(#10832,#10833,#10834,#10835,#10836,#10837,#10838),(#10839,#10840,#10841,
#10842,#10843,#10844,#10845),(#10846,#10847,#10848,#10849,#10850,#10851,
#10852),(#10853,#10854,#10855,#10856,#10857,#10858,#10859),(#10860,#10861,
#10862,#10863,#10864,#10865,#10866)),.UNSPECIFIED.,.F.,.F.,.F.,(4,1,1,1,
4),(4,1,1,1,4),(0.,0.25,0.5,0.75,1.),(0.,0.25,0.5,0.75,1.),
 .UNSPECIFIED.);
#4614=ADVANCED_FACE('',(#865),#4566,.T.);
#4615=ADVANCED_FACE('',(#866),#4567,.T.);
#4616=ADVANCED_FACE('',(#867),#4568,.T.);
#4617=ADVANCED_FACE('',(#868),#4569,.T.);
#4618=ADVANCED_FACE('',(#869),#4570,.T.);
#4619=ADVANCED_FACE('',(#870),#4571,.T.);
#4620=ADVANCED_FACE('',(#871),#4572,.T.);
#4621=ADVANCED_FACE('',(#872),#4573,.T.);
#4622=ADVANCED_FACE('',(#873),#4574,.T.);
#4623=ADVANCED_FACE('',(#874),#4575,.T.);
#4624=ADVANCED_FACE('',(#875),#4576,.T.);
#4625=ADVANCED_FACE('',(#876),#4577,.T.);
#4626=ADVANCED_FACE('',(#877),#4578,.T.);
#4627=ADVANCED_FACE('',(#878),#4579,.T.);
#4628=ADVANCED_FACE('',(#879),#4580,.T.);
#4629=ADVANCED_FACE('',(#880),#4581,.T.);
#4630=ADVANCED_FACE('',(#881),#4582,.T.);
#4631=ADVANCED_FACE('',(#882),#4583,.T.);
#4632=ADVANCED_FACE('',(#883),#4584,.T.);
#4633=ADVANCED_FACE('',(#884),#4585,.T.);
#4634=ADVANCED_FACE('',(#885),#4586,.T.);
#4635=ADVANCED_FACE('',(#886),#4587,.T.);
#4636=ADVANCED_FACE('',(#887),#4588,.T.);
#4637=ADVANCED_FACE('',(#888),#4589,.T.);
#4638=ADVANCED_FACE('',(#889),#4590,.T.);
#4639=ADVANCED_FACE('',(#890),#4591,.T.);
#4640=ADVANCED_FACE('',(#891),#4592,.T.);
#4641=ADVANCED_FACE('',(#892),#4593,.T.);
#4642=ADVANCED_FACE('',(#893),#4594,.T.);
#4643=ADVANCED_FACE('',(#894),#4595,.T.);
#4644=ADVANCED_FACE('',(#895),#4596,.T.);
#4645=ADVANCED_FACE('',(#896),#4597,.T.);
#4646=ADVANCED_FACE('',(#897),#4598,.T.);
#4647=ADVANCED_FACE('',(#898),#4599,.T.);
#4648=ADVANCED_FACE('',(#899),#4600,.T.);
#4649=ADVANCED_FACE('',(#900),#4601,.T.);
#4650=ADVANCED_FACE('',(#901),#4602,.T.);
#4651=ADVANCED_FACE('',(#902),#4603,.T.);
#4652=ADVANCED_FACE('',(#903),#4604,.T.);
#4653=ADVANCED_FACE('',(#904),#4605,.T.);
#4654=ADVANCED_FACE('',(#905),#4606,.T.);
#4655=ADVANCED_FACE('',(#906),#4607,.T.);
#4656=ADVANCED_FACE('',(#907),#4608,.T.);
#4657=ADVANCED_FACE('',(#908),#4609,.T.);
#4658=ADVANCED_FACE('',(#909),#815,.T.);
#4659=ADVANCED_FACE('',(#910),#816,.T.);
#4660=ADVANCED_FACE('',(#911),#677,.T.);
#4661=ADVANCED_FACE('',(#912),#817,.T.);
#4662=ADVANCED_FACE('',(#913),#678,.T.);
#4663=ADVANCED_FACE('',(#914),#75,.T.);
#4664=ADVANCED_FACE('',(#915),#679,.T.);
#4665=ADVANCED_FACE('',(#916),#818,.T.);
#4666=ADVANCED_FACE('',(#917),#680,.T.);
#4667=ADVANCED_FACE('',(#918),#76,.T.);
#4668=ADVANCED_FACE('',(#919),#681,.T.);
#4669=ADVANCED_FACE('',(#920),#77,.T.);
#4670=ADVANCED_FACE('',(#921),#682,.T.);
#4671=ADVANCED_FACE('',(#922),#78,.T.);
#4672=ADVANCED_FACE('',(#923),#683,.T.);
#4673=ADVANCED_FACE('',(#924),#819,.T.);
#4674=ADVANCED_FACE('',(#925),#79,.T.);
#4675=ADVANCED_FACE('',(#926),#684,.T.);
#4676=ADVANCED_FACE('',(#927),#820,.T.);
#4677=ADVANCED_FACE('',(#928),#80,.T.);
#4678=ADVANCED_FACE('',(#929),#685,.T.);
#4679=ADVANCED_FACE('',(#930),#81,.T.);
#4680=ADVANCED_FACE('',(#931),#82,.T.);
#4681=ADVANCED_FACE('',(#932),#686,.T.);
#4682=ADVANCED_FACE('',(#933),#83,.T.);
#4683=ADVANCED_FACE('',(#934),#687,.T.);
#4684=ADVANCED_FACE('',(#935),#688,.T.);
#4685=ADVANCED_FACE('',(#936),#821,.T.);
#4686=ADVANCED_FACE('',(#937),#689,.T.);
#4687=ADVANCED_FACE('',(#938),#84,.T.);
#4688=ADVANCED_FACE('',(#939),#690,.T.);
#4689=ADVANCED_FACE('',(#940),#691,.T.);
#4690=ADVANCED_FACE('',(#941),#85,.T.);
#4691=ADVANCED_FACE('',(#942),#692,.T.);
#4692=ADVANCED_FACE('',(#943),#86,.T.);
#4693=ADVANCED_FACE('',(#944),#693,.T.);
#4694=ADVANCED_FACE('',(#945),#694,.T.);
#4695=ADVANCED_FACE('',(#946),#822,.T.);
#4696=ADVANCED_FACE('',(#947),#87,.T.);
#4697=ADVANCED_FACE('',(#948),#823,.T.);
#4698=ADVANCED_FACE('',(#949),#88,.T.);
#4699=ADVANCED_FACE('',(#950),#695,.T.);
#4700=ADVANCED_FACE('',(#951),#89,.T.);
#4701=ADVANCED_FACE('',(#952),#696,.T.);
#4702=ADVANCED_FACE('',(#953),#697,.T.);
#4703=ADVANCED_FACE('',(#954),#824,.T.);
#4704=ADVANCED_FACE('',(#955),#825,.T.);
#4705=ADVANCED_FACE('',(#956),#826,.T.);
#4706=ADVANCED_FACE('',(#957),#827,.T.);
#4707=ADVANCED_FACE('',(#958),#828,.T.);
#4708=ADVANCED_FACE('',(#959),#829,.T.);
#4709=ADVANCED_FACE('',(#960),#698,.T.);
#4710=ADVANCED_FACE('',(#961),#830,.T.);
#4711=ADVANCED_FACE('',(#962),#90,.T.);
#4712=ADVANCED_FACE('',(#963),#699,.T.);
#4713=ADVANCED_FACE('',(#964),#91,.T.);
#4714=ADVANCED_FACE('',(#965),#700,.T.);
#4715=ADVANCED_FACE('',(#966),#92,.T.);
#4716=ADVANCED_FACE('',(#967),#831,.T.);
#4717=ADVANCED_FACE('',(#968),#832,.T.);
#4718=ADVANCED_FACE('',(#969),#833,.T.);
#4719=ADVANCED_FACE('',(#970),#834,.T.);
#4720=ADVANCED_FACE('',(#971),#701,.F.);
#4721=ADVANCED_FACE('',(#972),#835,.T.);
#4722=ADVANCED_FACE('',(#973),#836,.T.);
#4723=ADVANCED_FACE('',(#974),#702,.T.);
#4724=ADVANCED_FACE('',(#975),#837,.T.);
#4725=ADVANCED_FACE('',(#976),#838,.T.);
#4726=ADVANCED_FACE('',(#977),#703,.T.);
#4727=ADVANCED_FACE('',(#978),#704,.T.);
#4728=ADVANCED_FACE('',(#979),#839,.T.);
#4729=ADVANCED_FACE('',(#980),#705,.T.);
#4730=ADVANCED_FACE('',(#981),#840,.T.);
#4731=ADVANCED_FACE('',(#982),#841,.T.);
#4732=ADVANCED_FACE('',(#983),#706,.T.);
#4733=ADVANCED_FACE('',(#984),#842,.T.);
#4734=ADVANCED_FACE('',(#985),#707,.T.);
#4735=ADVANCED_FACE('',(#986),#708,.T.);
#4736=ADVANCED_FACE('',(#987),#843,.T.);
#4737=ADVANCED_FACE('',(#988),#844,.T.);
#4738=ADVANCED_FACE('',(#989),#709,.T.);
#4739=ADVANCED_FACE('',(#990),#710,.T.);
#4740=ADVANCED_FACE('',(#991),#845,.T.);
#4741=ADVANCED_FACE('',(#992),#711,.F.);
#4742=ADVANCED_FACE('',(#993),#4610,.T.);
#4743=ADVANCED_FACE('',(#994),#712,.T.);
#4744=ADVANCED_FACE('',(#995),#713,.F.);
#4745=ADVANCED_FACE('',(#996),#846,.T.);
#4746=ADVANCED_FACE('',(#997),#714,.T.);
#4747=ADVANCED_FACE('',(#998),#93,.T.);
#4748=ADVANCED_FACE('',(#999),#715,.T.);
#4749=ADVANCED_FACE('',(#1000),#716,.T.);
#4750=ADVANCED_FACE('',(#1001),#94,.T.);
#4751=ADVANCED_FACE('',(#1002),#717,.T.);
#4752=ADVANCED_FACE('',(#1003),#718,.T.);
#4753=ADVANCED_FACE('',(#1004),#95,.T.);
#4754=ADVANCED_FACE('',(#1005),#96,.T.);
#4755=ADVANCED_FACE('',(#1006),#719,.T.);
#4756=ADVANCED_FACE('',(#1007),#847,.T.);
#4757=ADVANCED_FACE('',(#1008),#720,.T.);
#4758=ADVANCED_FACE('',(#1009),#848,.T.);
#4759=ADVANCED_FACE('',(#1010),#721,.F.);
#4760=ADVANCED_FACE('',(#1011),#722,.T.);
#4761=ADVANCED_FACE('',(#1012),#849,.T.);
#4762=ADVANCED_FACE('',(#1013),#723,.F.);
#4763=ADVANCED_FACE('',(#1014),#850,.T.);
#4764=ADVANCED_FACE('',(#1015),#724,.T.);
#4765=ADVANCED_FACE('',(#1016),#851,.T.);
#4766=ADVANCED_FACE('',(#1017),#725,.T.);
#4767=ADVANCED_FACE('',(#1018),#726,.T.);
#4768=ADVANCED_FACE('',(#1019),#852,.T.);
#4769=ADVANCED_FACE('',(#1020),#727,.T.);
#4770=ADVANCED_FACE('',(#1021),#853,.T.);
#4771=ADVANCED_FACE('',(#1022),#854,.T.);
#4772=ADVANCED_FACE('',(#1023),#4611,.T.);
#4773=ADVANCED_FACE('',(#1024),#4612,.T.);
#4774=ADVANCED_FACE('',(#1025),#728,.T.);
#4775=ADVANCED_FACE('',(#1026),#729,.F.);
#4776=ADVANCED_FACE('',(#1027),#730,.T.);
#4777=ADVANCED_FACE('',(#1028),#855,.T.);
#4778=ADVANCED_FACE('',(#1029),#97,.T.);
#4779=ADVANCED_FACE('',(#1030),#731,.T.);
#4780=ADVANCED_FACE('',(#1031),#732,.T.);
#4781=ADVANCED_FACE('',(#1032),#98,.T.);
#4782=ADVANCED_FACE('',(#1033),#733,.T.);
#4783=ADVANCED_FACE('',(#1034),#856,.T.);
#4784=ADVANCED_FACE('',(#1035),#734,.T.);
#4785=ADVANCED_FACE('',(#1036),#735,.T.);
#4786=ADVANCED_FACE('',(#1037),#857,.T.);
#4787=ADVANCED_FACE('',(#1038),#736,.T.);
#4788=ADVANCED_FACE('',(#1039),#4613,.T.);
#4789=ADVANCED_FACE('',(#1040),#737,.T.);
#4790=ADVANCED_FACE('',(#1041),#858,.T.);
#4791=ADVANCED_FACE('',(#1042),#859,.T.);
#4792=ADVANCED_FACE('',(#1043),#738,.T.);
#4793=ADVANCED_FACE('',(#1044),#739,.T.);
#4794=ADVANCED_FACE('',(#1045),#860,.T.);
#4795=ADVANCED_FACE('',(#1046),#861,.T.);
#4796=ADVANCED_FACE('',(#1047),#862,.T.);
#4797=ADVANCED_FACE('',(#1048),#863,.T.);
#4798=ADVANCED_FACE('',(#1049),#864,.T.);
#4799=ADVANCED_FACE('',(#1050),#740,.T.);
#4800=ADVANCED_FACE('',(#1051),#99,.T.);
#4801=ADVANCED_FACE('',(#1052),#741,.T.);
#4802=ADVANCED_FACE('',(#1053),#742,.T.);
#4803=ADVANCED_FACE('',(#1054),#100,.T.);
#4804=ADVANCED_FACE('',(#1055),#743,.T.);
#4805=ADVANCED_FACE('',(#1056),#744,.T.);
#4806=ADVANCED_FACE('',(#1057),#745,.T.);
#4807=ADVANCED_FACE('',(#1058),#746,.F.);
#4808=ADVANCED_FACE('',(#1059),#747,.T.);
#4809=ADVANCED_FACE('',(#1060),#748,.T.);
#4810=ADVANCED_FACE('',(#1061),#749,.F.);
#4811=ADVANCED_FACE('',(#1062),#750,.T.);
#4812=ADVANCED_FACE('',(#1063),#751,.F.);
#4813=ADVANCED_FACE('',(#1064),#752,.F.);
#4814=ADVANCED_FACE('',(#1065),#753,.T.);
#4815=ADVANCED_FACE('',(#1066),#754,.T.);
#4816=ADVANCED_FACE('',(#1067),#755,.F.);
#4817=ADVANCED_FACE('',(#1068),#756,.T.);
#4818=ADVANCED_FACE('',(#1069),#757,.F.);
#4819=ADVANCED_FACE('',(#1070),#758,.T.);
#4820=ADVANCED_FACE('',(#1071),#759,.F.);
#4821=ADVANCED_FACE('',(#1072),#760,.F.);
#4822=ADVANCED_FACE('',(#1073),#761,.T.);
#4823=ADVANCED_FACE('',(#1074),#762,.T.);
#4824=ADVANCED_FACE('',(#1075),#763,.F.);
#4825=ADVANCED_FACE('',(#1076),#764,.T.);
#4826=ADVANCED_FACE('',(#1077),#765,.F.);
#4827=ADVANCED_FACE('',(#1078),#766,.F.);
#4828=ADVANCED_FACE('',(#1079),#767,.T.);
#4829=ADVANCED_FACE('',(#1080),#768,.F.);
#4830=ADVANCED_FACE('',(#1081),#769,.T.);
#4831=ADVANCED_FACE('',(#1082),#770,.F.);
#4832=ADVANCED_FACE('',(#1083),#771,.T.);
#4833=ADVANCED_FACE('',(#1084),#772,.F.);
#4834=ADVANCED_FACE('',(#1085),#773,.F.);
#4835=ADVANCED_FACE('',(#1086),#774,.T.);
#4836=ADVANCED_FACE('',(#1087),#775,.T.);
#4837=ADVANCED_FACE('',(#1088),#776,.T.);
#4838=ADVANCED_FACE('',(#1089),#777,.F.);
#4839=ADVANCED_FACE('',(#1090),#778,.T.);
#4840=ADVANCED_FACE('',(#1091),#779,.T.);
#4841=ADVANCED_FACE('',(#1092),#780,.T.);
#4842=ADVANCED_FACE('',(#1093),#781,.F.);
#4843=ADVANCED_FACE('',(#1094),#782,.F.);
#4844=ADVANCED_FACE('',(#1095),#783,.F.);
#4845=ADVANCED_FACE('',(#1096),#784,.T.);
#4846=ADVANCED_FACE('',(#1097),#785,.T.);
#4847=ADVANCED_FACE('',(#1098),#786,.F.);
#4848=ADVANCED_FACE('',(#1099),#787,.F.);
#4849=ADVANCED_FACE('',(#1100),#788,.T.);
#4850=ADVANCED_FACE('',(#1101),#789,.T.);
#4851=ADVANCED_FACE('',(#1102),#790,.T.);
#4852=ADVANCED_FACE('',(#1103),#791,.T.);
#4853=ADVANCED_FACE('',(#1104),#792,.T.);
#4854=ADVANCED_FACE('',(#1105),#793,.T.);
#4855=ADVANCED_FACE('',(#1106),#794,.T.);
#4856=ADVANCED_FACE('',(#1107),#795,.T.);
#4857=ADVANCED_FACE('',(#1108),#796,.F.);
#4858=ADVANCED_FACE('',(#1109),#797,.T.);
#4859=ADVANCED_FACE('',(#1110),#798,.T.);
#4860=ADVANCED_FACE('',(#1111),#799,.T.);
#4861=ADVANCED_FACE('',(#1112),#800,.T.);
#4862=ADVANCED_FACE('',(#1113),#801,.T.);
#4863=ADVANCED_FACE('',(#1114),#802,.T.);
#4864=ADVANCED_FACE('',(#1115),#803,.T.);
#4865=ADVANCED_FACE('',(#1116),#804,.T.);
#4866=ADVANCED_FACE('',(#1117),#805,.T.);
#4867=ADVANCED_FACE('',(#1118),#806,.F.);
#4868=ADVANCED_FACE('',(#1119),#807,.T.);
#4869=ADVANCED_FACE('',(#1120),#808,.F.);
#4870=ADVANCED_FACE('',(#1121),#809,.F.);
#4871=ADVANCED_FACE('',(#1122),#810,.T.);
#4872=ADVANCED_FACE('',(#1123),#24,.T.);
#4873=ADVANCED_FACE('',(#1124),#25,.T.);
#4874=ADVANCED_FACE('',(#1125,#15),#26,.F.);
#4875=ADVANCED_FACE('',(#1126),#27,.T.);
#4876=ADVANCED_FACE('',(#1127),#28,.T.);
#4877=ADVANCED_FACE('',(#1128),#29,.T.);
#4878=ADVANCED_FACE('',(#1129,#16),#30,.F.);
#4879=ADVANCED_FACE('',(#1130),#31,.T.);
#4880=ADVANCED_FACE('',(#1131),#32,.T.);
#4881=ADVANCED_FACE('',(#1132,#17),#33,.T.);
#4882=ADVANCED_FACE('',(#1133),#34,.T.);
#4883=ADVANCED_FACE('',(#1134),#35,.T.);
#4884=ADVANCED_FACE('',(#1135,#18),#36,.T.);
#4885=ADVANCED_FACE('',(#1136),#37,.T.);
#4886=ADVANCED_FACE('',(#1137),#38,.T.);
#4887=ADVANCED_FACE('',(#1138,#19),#39,.T.);
#4888=ADVANCED_FACE('',(#1139),#40,.F.);
#4889=ADVANCED_FACE('',(#1140),#41,.T.);
#4890=ADVANCED_FACE('',(#1141),#42,.T.);
#4891=ADVANCED_FACE('',(#1142,#20),#43,.T.);
#4892=ADVANCED_FACE('',(#1143),#44,.T.);
#4893=ADVANCED_FACE('',(#1144),#45,.T.);
#4894=ADVANCED_FACE('',(#1145),#46,.T.);
#4895=ADVANCED_FACE('',(#1146),#47,.T.);
#4896=ADVANCED_FACE('',(#1147),#48,.T.);
#4897=ADVANCED_FACE('',(#1148),#49,.T.);
#4898=ADVANCED_FACE('',(#1149),#50,.T.);
#4899=ADVANCED_FACE('',(#1150),#51,.T.);
#4900=ADVANCED_FACE('',(#1151),#52,.T.);
#4901=ADVANCED_FACE('',(#1152),#53,.T.);
#4902=ADVANCED_FACE('',(#1153),#54,.T.);
#4903=ADVANCED_FACE('',(#1154),#55,.T.);
#4904=ADVANCED_FACE('',(#1155),#56,.T.);
#4905=ADVANCED_FACE('',(#1156),#57,.T.);
#4906=ADVANCED_FACE('',(#1157),#58,.T.);
#4907=ADVANCED_FACE('',(#1158),#59,.T.);
#4908=ADVANCED_FACE('',(#1159),#60,.T.);
#4909=ADVANCED_FACE('',(#1160,#21),#61,.T.);
#4910=ADVANCED_FACE('',(#1161),#62,.T.);
#4911=ADVANCED_FACE('',(#1162),#63,.T.);
#4912=ADVANCED_FACE('',(#1163),#64,.T.);
#4913=ADVANCED_FACE('',(#1164),#811,.F.);
#4914=ADVANCED_FACE('',(#1165),#65,.T.);
#4915=ADVANCED_FACE('',(#1166),#812,.F.);
#4916=ADVANCED_FACE('',(#1167),#66,.T.);
#4917=ADVANCED_FACE('',(#1168),#67,.T.);
#4918=ADVANCED_FACE('',(#1169),#68,.T.);
#4919=ADVANCED_FACE('',(#1170,#22),#69,.F.);
#4920=ADVANCED_FACE('',(#1171),#813,.F.);
#4921=ADVANCED_FACE('',(#1172),#70,.T.);
#4922=ADVANCED_FACE('',(#1173),#814,.F.);
#4923=ADVANCED_FACE('',(#1174),#71,.T.);
#4924=ADVANCED_FACE('',(#1175),#72,.T.);
#4925=ADVANCED_FACE('',(#1176),#73,.T.);
#4926=ADVANCED_FACE('',(#1177,#23),#74,.F.);
#4927=CLOSED_SHELL('',(#4614,#4615,#4616,#4617,#4618,#4619,#4620,#4621,
#4622,#4623,#4624,#4625,#4626,#4627,#4628,#4629,#4630,#4631,#4632,#4633,
#4634,#4635,#4636,#4637,#4638,#4639,#4640,#4641,#4642,#4643,#4644,#4645,
#4646,#4647,#4648,#4649,#4650,#4651,#4652,#4653,#4654,#4655,#4656,#4657,
#4658,#4659,#4660,#4661,#4662,#4663,#4664,#4665,#4666,#4667,#4668,#4669,
#4670,#4671,#4672,#4673,#4674,#4675,#4676,#4677,#4678,#4679,#4680,#4681,
#4682,#4683,#4684,#4685,#4686,#4687,#4688,#4689,#4690,#4691,#4692,#4693,
#4694,#4695,#4696,#4697,#4698,#4699,#4700,#4701,#4702,#4703,#4704,#4705,
#4706,#4707,#4708,#4709,#4710,#4711,#4712,#4713,#4714,#4715,#4716,#4717,
#4718,#4719,#4720,#4721,#4722,#4723,#4724,#4725,#4726,#4727,#4728,#4729,
#4730,#4731,#4732,#4733,#4734,#4735,#4736,#4737,#4738,#4739,#4740,#4741,
#4742,#4743,#4744,#4745,#4746,#4747,#4748,#4749,#4750,#4751,#4752,#4753,
#4754,#4755,#4756,#4757,#4758,#4759,#4760,#4761,#4762,#4763,#4764,#4765,
#4766,#4767,#4768,#4769,#4770,#4771,#4772,#4773,#4774,#4775,#4776,#4777,
#4778,#4779,#4780,#4781,#4782,#4783,#4784,#4785,#4786,#4787,#4788,#4789,
#4790,#4791,#4792,#4793,#4794,#4795,#4796,#4797,#4798,#4799,#4800,#4801,
#4802,#4803,#4804,#4805,#4806,#4807,#4808,#4809,#4810,#4811,#4812,#4813,
#4814,#4815,#4816,#4817,#4818,#4819,#4820,#4821,#4822,#4823,#4824,#4825,
#4826,#4827,#4828,#4829,#4830,#4831,#4832,#4833,#4834,#4835,#4836,#4837,
#4838,#4839,#4840,#4841,#4842,#4843,#4844,#4845,#4846,#4847,#4848,#4849,
#4850,#4851,#4852,#4853,#4854,#4855,#4856,#4857,#4858,#4859,#4860,#4861,
#4862,#4863,#4864,#4865,#4866,#4867,#4868,#4869,#4870,#4871,#4872,#4873,
#4874,#4875,#4876,#4877,#4878,#4879,#4880,#4881,#4882,#4883,#4884,#4885,
#4886,#4887,#4888,#4889,#4890,#4891,#4892,#4893,#4894,#4895,#4896,#4897,
#4898,#4899,#4900,#4901,#4902,#4903,#4904,#4905,#4906,#4907,#4908,#4909,
#4910,#4911,#4912,#4913,#4914,#4915,#4916,#4917,#4918,#4919,#4920,#4921,
#4922,#4923,#4924,#4925,#4926));
#4928=DERIVED_UNIT_ELEMENT(#4930,1.);
#4929=DERIVED_UNIT_ELEMENT(#11283,-3.);
#4930=(
MASS_UNIT()
NAMED_UNIT(*)
SI_UNIT(.KILO.,.GRAM.)
);
#4931=DERIVED_UNIT((#4928,#4929));
#4932=MEASURE_REPRESENTATION_ITEM('density measure',
POSITIVE_RATIO_MEASURE(7850.),#4931);
#4933=PROPERTY_DEFINITION_REPRESENTATION(#4938,#4935);
#4934=PROPERTY_DEFINITION_REPRESENTATION(#4939,#4936);
#4935=REPRESENTATION('material name',(#4937),#11280);
#4936=REPRESENTATION('density',(#4932),#11280);
#4937=DESCRIPTIVE_REPRESENTATION_ITEM('Steel','Steel');
#4938=PROPERTY_DEFINITION('material property','material name',#11290);
#4939=PROPERTY_DEFINITION('material property','density of part',#11290);
#4940=AXIS2_PLACEMENT_3D('',#7220,#5604,#5605);
#4941=AXIS2_PLACEMENT_3D('',#7288,#5606,#5607);
#4942=AXIS2_PLACEMENT_3D('',#7289,#5608,#5609);
#4943=AXIS2_PLACEMENT_3D('',#7348,#5610,#5611);
#4944=AXIS2_PLACEMENT_3D('',#7349,#5612,#5613);
#4945=AXIS2_PLACEMENT_3D('',#7408,#5614,#5615);
#4946=AXIS2_PLACEMENT_3D('',#7409,#5616,#5617);
#4947=AXIS2_PLACEMENT_3D('',#7468,#5618,#5619);
#4948=AXIS2_PLACEMENT_3D('',#7469,#5620,#5621);
#4949=AXIS2_PLACEMENT_3D('',#7528,#5622,#5623);
#4950=AXIS2_PLACEMENT_3D('',#7529,#5624,#5625);
#4951=AXIS2_PLACEMENT_3D('',#7588,#5626,#5627);
#4952=AXIS2_PLACEMENT_3D('',#7589,#5628,#5629);
#4953=AXIS2_PLACEMENT_3D('',#7648,#5630,#5631);
#4954=AXIS2_PLACEMENT_3D('',#7649,#5632,#5633);
#4955=AXIS2_PLACEMENT_3D('',#7708,#5634,#5635);
#4956=AXIS2_PLACEMENT_3D('',#7709,#5636,#5637);
#4957=AXIS2_PLACEMENT_3D('',#7768,#5638,#5639);
#4958=AXIS2_PLACEMENT_3D('',#7769,#5640,#5641);
#4959=AXIS2_PLACEMENT_3D('',#7828,#5642,#5643);
#4960=AXIS2_PLACEMENT_3D('',#7829,#5644,#5645);
#4961=AXIS2_PLACEMENT_3D('',#7888,#5646,#5647);
#4962=AXIS2_PLACEMENT_3D('',#7889,#5648,#5649);
#4963=AXIS2_PLACEMENT_3D('',#7957,#5650,#5651);
#4964=AXIS2_PLACEMENT_3D('',#7958,#5652,#5653);
#4965=AXIS2_PLACEMENT_3D('',#8017,#5654,#5655);
#4966=AXIS2_PLACEMENT_3D('',#8018,#5656,#5657);
#4967=AXIS2_PLACEMENT_3D('',#8077,#5658,#5659);
#4968=AXIS2_PLACEMENT_3D('',#8078,#5660,#5661);
#4969=AXIS2_PLACEMENT_3D('',#8137,#5662,#5663);
#4970=AXIS2_PLACEMENT_3D('',#8138,#5664,#5665);
#4971=AXIS2_PLACEMENT_3D('',#8197,#5666,#5667);
#4972=AXIS2_PLACEMENT_3D('',#8198,#5668,#5669);
#4973=AXIS2_PLACEMENT_3D('',#8257,#5670,#5671);
#4974=AXIS2_PLACEMENT_3D('',#8258,#5672,#5673);
#4975=AXIS2_PLACEMENT_3D('',#8317,#5674,#5675);
#4976=AXIS2_PLACEMENT_3D('',#8318,#5676,#5677);
#4977=AXIS2_PLACEMENT_3D('',#8377,#5678,#5679);
#4978=AXIS2_PLACEMENT_3D('',#8378,#5680,#5681);
#4979=AXIS2_PLACEMENT_3D('',#8437,#5682,#5683);
#4980=AXIS2_PLACEMENT_3D('',#8438,#5684,#5685);
#4981=AXIS2_PLACEMENT_3D('',#8497,#5686,#5687);
#4982=AXIS2_PLACEMENT_3D('',#8498,#5688,#5689);
#4983=AXIS2_PLACEMENT_3D('',#8557,#5690,#5691);
#4984=AXIS2_PLACEMENT_3D('',#8558,#5692,#5693);
#4985=AXIS2_PLACEMENT_3D('',#8626,#5694,#5695);
#4986=AXIS2_PLACEMENT_3D('',#8627,#5696,#5697);
#4987=AXIS2_PLACEMENT_3D('',#8686,#5698,#5699);
#4988=AXIS2_PLACEMENT_3D('',#8687,#5700,#5701);
#4989=AXIS2_PLACEMENT_3D('',#8746,#5702,#5703);
#4990=AXIS2_PLACEMENT_3D('',#8747,#5704,#5705);
#4991=AXIS2_PLACEMENT_3D('',#8806,#5706,#5707);
#4992=AXIS2_PLACEMENT_3D('',#8807,#5708,#5709);
#4993=AXIS2_PLACEMENT_3D('',#8866,#5710,#5711);
#4994=AXIS2_PLACEMENT_3D('',#8867,#5712,#5713);
#4995=AXIS2_PLACEMENT_3D('',#8926,#5714,#5715);
#4996=AXIS2_PLACEMENT_3D('',#8927,#5716,#5717);
#4997=AXIS2_PLACEMENT_3D('',#8986,#5718,#5719);
#4998=AXIS2_PLACEMENT_3D('',#8987,#5720,#5721);
#4999=AXIS2_PLACEMENT_3D('',#9046,#5722,#5723);
#5000=AXIS2_PLACEMENT_3D('',#9047,#5724,#5725);
#5001=AXIS2_PLACEMENT_3D('',#9106,#5726,#5727);
#5002=AXIS2_PLACEMENT_3D('',#9107,#5728,#5729);
#5003=AXIS2_PLACEMENT_3D('',#9166,#5730,#5731);
#5004=AXIS2_PLACEMENT_3D('',#9167,#5732,#5733);
#5005=AXIS2_PLACEMENT_3D('',#9226,#5734,#5735);
#5006=AXIS2_PLACEMENT_3D('',#9227,#5736,#5737);
#5007=AXIS2_PLACEMENT_3D('',#9295,#5738,#5739);
#5008=AXIS2_PLACEMENT_3D('',#9296,#5740,#5741);
#5009=AXIS2_PLACEMENT_3D('',#9355,#5742,#5743);
#5010=AXIS2_PLACEMENT_3D('',#9356,#5744,#5745);
#5011=AXIS2_PLACEMENT_3D('',#9415,#5746,#5747);
#5012=AXIS2_PLACEMENT_3D('',#9416,#5748,#5749);
#5013=AXIS2_PLACEMENT_3D('',#9475,#5750,#5751);
#5014=AXIS2_PLACEMENT_3D('',#9476,#5752,#5753);
#5015=AXIS2_PLACEMENT_3D('',#9535,#5754,#5755);
#5016=AXIS2_PLACEMENT_3D('',#9536,#5756,#5757);
#5017=AXIS2_PLACEMENT_3D('',#9595,#5758,#5759);
#5018=AXIS2_PLACEMENT_3D('',#9596,#5760,#5761);
#5019=AXIS2_PLACEMENT_3D('',#9655,#5762,#5763);
#5020=AXIS2_PLACEMENT_3D('',#9656,#5764,#5765);
#5021=AXIS2_PLACEMENT_3D('',#9715,#5766,#5767);
#5022=AXIS2_PLACEMENT_3D('',#9716,#5768,#5769);
#5023=AXIS2_PLACEMENT_3D('',#9775,#5770,#5771);
#5024=AXIS2_PLACEMENT_3D('',#9776,#5772,#5773);
#5025=AXIS2_PLACEMENT_3D('',#9835,#5774,#5775);
#5026=AXIS2_PLACEMENT_3D('',#9836,#5776,#5777);
#5027=AXIS2_PLACEMENT_3D('',#9895,#5778,#5779);
#5028=AXIS2_PLACEMENT_3D('',#9896,#5780,#5781);
#5029=AXIS2_PLACEMENT_3D('',#9897,#5782,#5783);
#5030=AXIS2_PLACEMENT_3D('',#9900,#5784,#5785);
#5031=AXIS2_PLACEMENT_3D('',#9902,#5786,#5787);
#5032=AXIS2_PLACEMENT_3D('',#9904,#5788,#5789);
#5033=AXIS2_PLACEMENT_3D('',#9905,#5790,#5791);
#5034=AXIS2_PLACEMENT_3D('',#9906,#5792,#5793);
#5035=AXIS2_PLACEMENT_3D('',#9909,#5794,#5795);
#5036=AXIS2_PLACEMENT_3D('',#9911,#5796,#5797);
#5037=AXIS2_PLACEMENT_3D('',#9913,#5798,#5799);
#5038=AXIS2_PLACEMENT_3D('',#9914,#5800,#5801);
#5039=AXIS2_PLACEMENT_3D('',#9915,#5802,#5803);
#5040=AXIS2_PLACEMENT_3D('',#9918,#5804,#5805);
#5041=AXIS2_PLACEMENT_3D('',#9921,#5808,#5809);
#5042=AXIS2_PLACEMENT_3D('',#9924,#5810,#5811);
#5043=AXIS2_PLACEMENT_3D('',#9926,#5812,#5813);
#5044=AXIS2_PLACEMENT_3D('',#9928,#5814,#5815);
#5045=AXIS2_PLACEMENT_3D('',#9929,#5816,#5817);
#5046=AXIS2_PLACEMENT_3D('',#9930,#5818,#5819);
#5047=AXIS2_PLACEMENT_3D('',#9933,#5820,#5821);
#5048=AXIS2_PLACEMENT_3D('',#9936,#5824,#5825);
#5049=AXIS2_PLACEMENT_3D('',#9939,#5826,#5827);
#5050=AXIS2_PLACEMENT_3D('',#9941,#5828,#5829);
#5051=AXIS2_PLACEMENT_3D('',#9942,#5830,#5831);
#5052=AXIS2_PLACEMENT_3D('',#9943,#5832,#5833);
#5053=AXIS2_PLACEMENT_3D('',#9946,#5836,#5837);
#5054=AXIS2_PLACEMENT_3D('',#9949,#5838,#5839);
#5055=AXIS2_PLACEMENT_3D('',#9951,#5840,#5841);
#5056=AXIS2_PLACEMENT_3D('',#9953,#5842,#5843);
#5057=AXIS2_PLACEMENT_3D('',#9954,#5844,#5845);
#5058=AXIS2_PLACEMENT_3D('',#9955,#5846,#5847);
#5059=AXIS2_PLACEMENT_3D('',#9958,#5848,#5849);
#5060=AXIS2_PLACEMENT_3D('',#9961,#5852,#5853);
#5061=AXIS2_PLACEMENT_3D('',#9964,#5854,#5855);
#5062=AXIS2_PLACEMENT_3D('',#9966,#5856,#5857);
#5063=AXIS2_PLACEMENT_3D('',#9967,#5858,#5859);
#5064=AXIS2_PLACEMENT_3D('',#9968,#5860,#5861);
#5065=AXIS2_PLACEMENT_3D('',#9971,#5862,#5863);
#5066=AXIS2_PLACEMENT_3D('',#9974,#5866,#5867);
#5067=AXIS2_PLACEMENT_3D('',#9977,#5868,#5869);
#5068=AXIS2_PLACEMENT_3D('',#9979,#5870,#5871);
#5069=AXIS2_PLACEMENT_3D('',#9980,#5872,#5873);
#5070=AXIS2_PLACEMENT_3D('',#9981,#5874,#5875);
#5071=AXIS2_PLACEMENT_3D('',#9984,#5878,#5879);
#5072=AXIS2_PLACEMENT_3D('',#9987,#5880,#5881);
#5073=AXIS2_PLACEMENT_3D('',#9989,#5882,#5883);
#5074=AXIS2_PLACEMENT_3D('',#9990,#5884,#5885);
#5075=AXIS2_PLACEMENT_3D('',#9991,#5886,#5887);
#5076=AXIS2_PLACEMENT_3D('',#9994,#5890,#5891);
#5077=AXIS2_PLACEMENT_3D('',#9997,#5892,#5893);
#5078=AXIS2_PLACEMENT_3D('',#9999,#5894,#5895);
#5079=AXIS2_PLACEMENT_3D('',#10001,#5896,#5897);
#5080=AXIS2_PLACEMENT_3D('',#10002,#5898,#5899);
#5081=AXIS2_PLACEMENT_3D('',#10003,#5900,#5901);
#5082=AXIS2_PLACEMENT_3D('',#10006,#5902,#5903);
#5083=AXIS2_PLACEMENT_3D('',#10008,#5904,#5905);
#5084=AXIS2_PLACEMENT_3D('',#10009,#5906,#5907);
#5085=AXIS2_PLACEMENT_3D('',#10010,#5908,#5909);
#5086=AXIS2_PLACEMENT_3D('',#10013,#5910,#5911);
#5087=AXIS2_PLACEMENT_3D('',#10016,#5914,#5915);
#5088=AXIS2_PLACEMENT_3D('',#10019,#5916,#5917);
#5089=AXIS2_PLACEMENT_3D('',#10021,#5918,#5919);
#5090=AXIS2_PLACEMENT_3D('',#10023,#5920,#5921);
#5091=AXIS2_PLACEMENT_3D('',#10024,#5922,#5923);
#5092=AXIS2_PLACEMENT_3D('',#10025,#5924,#5925);
#5093=AXIS2_PLACEMENT_3D('',#10028,#5926,#5927);
#5094=AXIS2_PLACEMENT_3D('',#10030,#5928,#5929);
#5095=AXIS2_PLACEMENT_3D('',#10031,#5930,#5931);
#5096=AXIS2_PLACEMENT_3D('',#10032,#5932,#5933);
#5097=AXIS2_PLACEMENT_3D('',#10035,#5936,#5937);
#5098=AXIS2_PLACEMENT_3D('',#10038,#5938,#5939);
#5099=AXIS2_PLACEMENT_3D('',#10040,#5940,#5941);
#5100=AXIS2_PLACEMENT_3D('',#10041,#5942,#5943);
#5101=AXIS2_PLACEMENT_3D('',#10042,#5944,#5945);
#5102=AXIS2_PLACEMENT_3D('',#10045,#5946,#5947);
#5103=AXIS2_PLACEMENT_3D('',#10047,#5948,#5949);
#5104=AXIS2_PLACEMENT_3D('',#10048,#5950,#5951);
#5105=AXIS2_PLACEMENT_3D('',#10049,#5952,#5953);
#5106=AXIS2_PLACEMENT_3D('',#10052,#5956,#5957);
#5107=AXIS2_PLACEMENT_3D('',#10055,#5958,#5959);
#5108=AXIS2_PLACEMENT_3D('',#10057,#5960,#5961);
#5109=AXIS2_PLACEMENT_3D('',#10058,#5962,#5963);
#5110=AXIS2_PLACEMENT_3D('',#10059,#5964,#5965);
#5111=AXIS2_PLACEMENT_3D('',#10062,#5966,#5967);
#5112=AXIS2_PLACEMENT_3D('',#10065,#5970,#5971);
#5113=AXIS2_PLACEMENT_3D('',#10068,#5974,#5975);
#5114=AXIS2_PLACEMENT_3D('',#10071,#5976,#5977);
#5115=AXIS2_PLACEMENT_3D('',#10073,#5978,#5979);
#5116=AXIS2_PLACEMENT_3D('',#10075,#5980,#5981);
#5117=AXIS2_PLACEMENT_3D('',#10076,#5982,#5983);
#5118=AXIS2_PLACEMENT_3D('',#10077,#5984,#5985);
#5119=AXIS2_PLACEMENT_3D('',#10080,#5988,#5989);
#5120=AXIS2_PLACEMENT_3D('',#10083,#5990,#5991);
#5121=AXIS2_PLACEMENT_3D('',#10085,#5992,#5993);
#5122=AXIS2_PLACEMENT_3D('',#10086,#5994,#5995);
#5123=AXIS2_PLACEMENT_3D('',#10087,#5996,#5997);
#5124=AXIS2_PLACEMENT_3D('',#10090,#6000,#6001);
#5125=AXIS2_PLACEMENT_3D('',#10093,#6004,#6005);
#5126=AXIS2_PLACEMENT_3D('',#10096,#6006,#6007);
#5127=AXIS2_PLACEMENT_3D('',#10098,#6008,#6009);
#5128=AXIS2_PLACEMENT_3D('',#10099,#6010,#6011);
#5129=AXIS2_PLACEMENT_3D('',#10100,#6012,#6013);
#5130=AXIS2_PLACEMENT_3D('',#10103,#6016,#6017);
#5131=AXIS2_PLACEMENT_3D('',#10106,#6018,#6019);
#5132=AXIS2_PLACEMENT_3D('',#10108,#6020,#6021);
#5133=AXIS2_PLACEMENT_3D('',#10109,#6022,#6023);
#5134=AXIS2_PLACEMENT_3D('',#10110,#6024,#6025);
#5135=AXIS2_PLACEMENT_3D('',#10113,#6028,#6029);
#5136=AXIS2_PLACEMENT_3D('',#10116,#6032,#6033);
#5137=AXIS2_PLACEMENT_3D('',#10119,#6034,#6035);
#5138=AXIS2_PLACEMENT_3D('',#10121,#6036,#6037);
#5139=AXIS2_PLACEMENT_3D('',#10123,#6038,#6039);
#5140=AXIS2_PLACEMENT_3D('',#10124,#6040,#6041);
#5141=AXIS2_PLACEMENT_3D('',#10125,#6042,#6043);
#5142=AXIS2_PLACEMENT_3D('',#10128,#6044,#6045);
#5143=AXIS2_PLACEMENT_3D('',#10130,#6046,#6047);
#5144=AXIS2_PLACEMENT_3D('',#10131,#6048,#6049);
#5145=AXIS2_PLACEMENT_3D('',#10132,#6050,#6051);
#5146=AXIS2_PLACEMENT_3D('',#10135,#6052,#6053);
#5147=AXIS2_PLACEMENT_3D('',#10137,#6054,#6055);
#5148=AXIS2_PLACEMENT_3D('',#10139,#6056,#6057);
#5149=AXIS2_PLACEMENT_3D('',#10140,#6058,#6059);
#5150=AXIS2_PLACEMENT_3D('',#10141,#6060,#6061);
#5151=AXIS2_PLACEMENT_3D('',#10144,#6062,#6063);
#5152=AXIS2_PLACEMENT_3D('',#10146,#6064,#6065);
#5153=AXIS2_PLACEMENT_3D('',#10147,#6066,#6067);
#5154=AXIS2_PLACEMENT_3D('',#10148,#6068,#6069);
#5155=AXIS2_PLACEMENT_3D('',#10151,#6070,#6071);
#5156=AXIS2_PLACEMENT_3D('',#10154,#6074,#6075);
#5157=AXIS2_PLACEMENT_3D('',#10157,#6076,#6077);
#5158=AXIS2_PLACEMENT_3D('',#10159,#6078,#6079);
#5159=AXIS2_PLACEMENT_3D('',#10160,#6080,#6081);
#5160=AXIS2_PLACEMENT_3D('',#10161,#6082,#6083);
#5161=AXIS2_PLACEMENT_3D('',#10164,#6086,#6087);
#5162=AXIS2_PLACEMENT_3D('',#10167,#6090,#6091);
#5163=AXIS2_PLACEMENT_3D('',#10170,#6092,#6093);
#5164=AXIS2_PLACEMENT_3D('',#10172,#6094,#6095);
#5165=AXIS2_PLACEMENT_3D('',#10174,#6096,#6097);
#5166=AXIS2_PLACEMENT_3D('',#10175,#6098,#6099);
#5167=AXIS2_PLACEMENT_3D('',#10176,#6100,#6101);
#5168=AXIS2_PLACEMENT_3D('',#10179,#6102,#6103);
#5169=AXIS2_PLACEMENT_3D('',#10181,#6104,#6105);
#5170=AXIS2_PLACEMENT_3D('',#10183,#6106,#6107);
#5171=AXIS2_PLACEMENT_3D('',#10184,#6108,#6109);
#5172=AXIS2_PLACEMENT_3D('',#10185,#6110,#6111);
#5173=AXIS2_PLACEMENT_3D('',#10188,#6112,#6113);
#5174=AXIS2_PLACEMENT_3D('',#10190,#6114,#6115);
#5175=AXIS2_PLACEMENT_3D('',#10192,#6116,#6117);
#5176=AXIS2_PLACEMENT_3D('',#10193,#6118,#6119);
#5177=AXIS2_PLACEMENT_3D('',#10194,#6120,#6121);
#5178=AXIS2_PLACEMENT_3D('',#10197,#6122,#6123);
#5179=AXIS2_PLACEMENT_3D('',#10199,#6124,#6125);
#5180=AXIS2_PLACEMENT_3D('',#10201,#6126,#6127);
#5181=AXIS2_PLACEMENT_3D('',#10202,#6128,#6129);
#5182=AXIS2_PLACEMENT_3D('',#10203,#6130,#6131);
#5183=AXIS2_PLACEMENT_3D('',#10206,#6132,#6133);
#5184=AXIS2_PLACEMENT_3D('',#10208,#6134,#6135);
#5185=AXIS2_PLACEMENT_3D('',#10210,#6136,#6137);
#5186=AXIS2_PLACEMENT_3D('',#10211,#6138,#6139);
#5187=AXIS2_PLACEMENT_3D('',#10212,#6140,#6141);
#5188=AXIS2_PLACEMENT_3D('',#10215,#6142,#6143);
#5189=AXIS2_PLACEMENT_3D('',#10217,#6144,#6145);
#5190=AXIS2_PLACEMENT_3D('',#10219,#6146,#6147);
#5191=AXIS2_PLACEMENT_3D('',#10220,#6148,#6149);
#5192=AXIS2_PLACEMENT_3D('',#10221,#6150,#6151);
#5193=AXIS2_PLACEMENT_3D('',#10224,#6154,#6155);
#5194=AXIS2_PLACEMENT_3D('',#10227,#6156,#6157);
#5195=AXIS2_PLACEMENT_3D('',#10229,#6158,#6159);
#5196=AXIS2_PLACEMENT_3D('',#10231,#6160,#6161);
#5197=AXIS2_PLACEMENT_3D('',#10232,#6162,#6163);
#5198=AXIS2_PLACEMENT_3D('',#10233,#6164,#6165);
#5199=AXIS2_PLACEMENT_3D('',#10236,#6166,#6167);
#5200=AXIS2_PLACEMENT_3D('',#10238,#6168,#6169);
#5201=AXIS2_PLACEMENT_3D('',#10239,#6170,#6171);
#5202=AXIS2_PLACEMENT_3D('',#10240,#6172,#6173);
#5203=AXIS2_PLACEMENT_3D('',#10243,#6174,#6175);
#5204=AXIS2_PLACEMENT_3D('',#10246,#6178,#6179);
#5205=AXIS2_PLACEMENT_3D('',#10249,#6180,#6181);
#5206=AXIS2_PLACEMENT_3D('',#10251,#6182,#6183);
#5207=AXIS2_PLACEMENT_3D('',#10252,#6184,#6185);
#5208=AXIS2_PLACEMENT_3D('',#10253,#6186,#6187);
#5209=AXIS2_PLACEMENT_3D('',#10256,#6190,#6191);
#5210=AXIS2_PLACEMENT_3D('',#10259,#6192,#6193);
#5211=AXIS2_PLACEMENT_3D('',#10261,#6194,#6195);
#5212=AXIS2_PLACEMENT_3D('',#10262,#6196,#6197);
#5213=AXIS2_PLACEMENT_3D('',#10263,#6198,#6199);
#5214=AXIS2_PLACEMENT_3D('',#10266,#6200,#6201);
#5215=AXIS2_PLACEMENT_3D('',#10268,#6202,#6203);
#5216=AXIS2_PLACEMENT_3D('',#10270,#6204,#6205);
#5217=AXIS2_PLACEMENT_3D('',#10271,#6206,#6207);
#5218=AXIS2_PLACEMENT_3D('',#10272,#6208,#6209);
#5219=AXIS2_PLACEMENT_3D('',#10275,#6210,#6211);
#5220=AXIS2_PLACEMENT_3D('',#10277,#6212,#6213);
#5221=AXIS2_PLACEMENT_3D('',#10279,#6214,#6215);
#5222=AXIS2_PLACEMENT_3D('',#10280,#6216,#6217);
#5223=AXIS2_PLACEMENT_3D('',#10281,#6218,#6219);
#5224=AXIS2_PLACEMENT_3D('',#10284,#6220,#6221);
#5225=AXIS2_PLACEMENT_3D('',#10286,#6222,#6223);
#5226=AXIS2_PLACEMENT_3D('',#10288,#6224,#6225);
#5227=AXIS2_PLACEMENT_3D('',#10289,#6226,#6227);
#5228=AXIS2_PLACEMENT_3D('',#10290,#6228,#6229);
#5229=AXIS2_PLACEMENT_3D('',#10293,#6230,#6231);
#5230=AXIS2_PLACEMENT_3D('',#10295,#6232,#6233);
#5231=AXIS2_PLACEMENT_3D('',#10297,#6234,#6235);
#5232=AXIS2_PLACEMENT_3D('',#10298,#6236,#6237);
#5233=AXIS2_PLACEMENT_3D('',#10299,#6238,#6239);
#5234=AXIS2_PLACEMENT_3D('',#10302,#6242,#6243);
#5235=AXIS2_PLACEMENT_3D('',#10305,#6244,#6245);
#5236=AXIS2_PLACEMENT_3D('',#10307,#6246,#6247);
#5237=AXIS2_PLACEMENT_3D('',#10309,#6248,#6249);
#5238=AXIS2_PLACEMENT_3D('',#10310,#6250,#6251);
#5239=AXIS2_PLACEMENT_3D('',#10311,#6252,#6253);
#5240=AXIS2_PLACEMENT_3D('',#10314,#6254,#6255);
#5241=AXIS2_PLACEMENT_3D('',#10316,#6256,#6257);
#5242=AXIS2_PLACEMENT_3D('',#10318,#6258,#6259);
#5243=AXIS2_PLACEMENT_3D('',#10319,#6260,#6261);
#5244=AXIS2_PLACEMENT_3D('',#10320,#6262,#6263);
#5245=AXIS2_PLACEMENT_3D('',#10323,#6266,#6267);
#5246=AXIS2_PLACEMENT_3D('',#10326,#6268,#6269);
#5247=AXIS2_PLACEMENT_3D('',#10328,#6270,#6271);
#5248=AXIS2_PLACEMENT_3D('',#10330,#6272,#6273);
#5249=AXIS2_PLACEMENT_3D('',#10331,#6274,#6275);
#5250=AXIS2_PLACEMENT_3D('',#10332,#6276,#6277);
#5251=AXIS2_PLACEMENT_3D('',#10335,#6278,#6279);
#5252=AXIS2_PLACEMENT_3D('',#10337,#6280,#6281);
#5253=AXIS2_PLACEMENT_3D('',#10339,#6282,#6283);
#5254=AXIS2_PLACEMENT_3D('',#10340,#6284,#6285);
#5255=AXIS2_PLACEMENT_3D('',#10341,#6286,#6287);
#5256=AXIS2_PLACEMENT_3D('',#10344,#6290,#6291);
#5257=AXIS2_PLACEMENT_3D('',#10347,#6294,#6295);
#5258=AXIS2_PLACEMENT_3D('',#10350,#6296,#6297);
#5259=AXIS2_PLACEMENT_3D('',#10352,#6298,#6299);
#5260=AXIS2_PLACEMENT_3D('',#10354,#6300,#6301);
#5261=AXIS2_PLACEMENT_3D('',#10355,#6302,#6303);
#5262=AXIS2_PLACEMENT_3D('',#10356,#6304,#6305);
#5263=AXIS2_PLACEMENT_3D('',#10359,#6308,#6309);
#5264=AXIS2_PLACEMENT_3D('',#10362,#6310,#6311);
#5265=AXIS2_PLACEMENT_3D('',#10364,#6312,#6313);
#5266=AXIS2_PLACEMENT_3D('',#10366,#6314,#6315);
#5267=AXIS2_PLACEMENT_3D('',#10367,#6316,#6317);
#5268=AXIS2_PLACEMENT_3D('',#10368,#6318,#6319);
#5269=AXIS2_PLACEMENT_3D('',#10371,#6320,#6321);
#5270=AXIS2_PLACEMENT_3D('',#10373,#6322,#6323);
#5271=AXIS2_PLACEMENT_3D('',#10375,#6324,#6325);
#5272=AXIS2_PLACEMENT_3D('',#10376,#6326,#6327);
#5273=AXIS2_PLACEMENT_3D('',#10377,#6328,#6329);
#5274=AXIS2_PLACEMENT_3D('',#10380,#6332,#6333);
#5275=AXIS2_PLACEMENT_3D('',#10383,#6334,#6335);
#5276=AXIS2_PLACEMENT_3D('',#10385,#6336,#6337);
#5277=AXIS2_PLACEMENT_3D('',#10387,#6338,#6339);
#5278=AXIS2_PLACEMENT_3D('',#10388,#6340,#6341);
#5279=AXIS2_PLACEMENT_3D('',#10389,#6342,#6343);
#5280=AXIS2_PLACEMENT_3D('',#10392,#6346,#6347);
#5281=AXIS2_PLACEMENT_3D('',#10395,#6350,#6351);
#5282=AXIS2_PLACEMENT_3D('',#10398,#6352,#6353);
#5283=AXIS2_PLACEMENT_3D('',#10400,#6354,#6355);
#5284=AXIS2_PLACEMENT_3D('',#10402,#6356,#6357);
#5285=AXIS2_PLACEMENT_3D('',#10403,#6358,#6359);
#5286=AXIS2_PLACEMENT_3D('',#10404,#6360,#6361);
#5287=AXIS2_PLACEMENT_3D('',#10407,#6362,#6363);
#5288=AXIS2_PLACEMENT_3D('',#10409,#6364,#6365);
#5289=AXIS2_PLACEMENT_3D('',#10411,#6366,#6367);
#5290=AXIS2_PLACEMENT_3D('',#10412,#6368,#6369);
#5291=AXIS2_PLACEMENT_3D('',#10413,#6370,#6371);
#5292=AXIS2_PLACEMENT_3D('',#10416,#6374,#6375);
#5293=AXIS2_PLACEMENT_3D('',#10419,#6378,#6379);
#5294=AXIS2_PLACEMENT_3D('',#10422,#6380,#6381);
#5295=AXIS2_PLACEMENT_3D('',#10424,#6382,#6383);
#5296=AXIS2_PLACEMENT_3D('',#10426,#6384,#6385);
#5297=AXIS2_PLACEMENT_3D('',#10427,#6386,#6387);
#5298=AXIS2_PLACEMENT_3D('',#10428,#6388,#6389);
#5299=AXIS2_PLACEMENT_3D('',#10481,#6392,#6393);
#5300=AXIS2_PLACEMENT_3D('',#10482,#6394,#6395);
#5301=AXIS2_PLACEMENT_3D('',#10483,#6396,#6397);
#5302=AXIS2_PLACEMENT_3D('',#10486,#6400,#6401);
#5303=AXIS2_PLACEMENT_3D('',#10489,#6404,#6405);
#5304=AXIS2_PLACEMENT_3D('',#10492,#6406,#6407);
#5305=AXIS2_PLACEMENT_3D('',#10494,#6408,#6409);
#5306=AXIS2_PLACEMENT_3D('',#10496,#6410,#6411);
#5307=AXIS2_PLACEMENT_3D('',#10497,#6412,#6413);
#5308=AXIS2_PLACEMENT_3D('',#10498,#6414,#6415);
#5309=AXIS2_PLACEMENT_3D('',#10501,#6418,#6419);
#5310=AXIS2_PLACEMENT_3D('',#10504,#6420,#6421);
#5311=AXIS2_PLACEMENT_3D('',#10506,#6422,#6423);
#5312=AXIS2_PLACEMENT_3D('',#10507,#6424,#6425);
#5313=AXIS2_PLACEMENT_3D('',#10508,#6426,#6427);
#5314=AXIS2_PLACEMENT_3D('',#10511,#6428,#6429);
#5315=AXIS2_PLACEMENT_3D('',#10514,#6432,#6433);
#5316=AXIS2_PLACEMENT_3D('',#10517,#6436,#6437);
#5317=AXIS2_PLACEMENT_3D('',#10520,#6438,#6439);
#5318=AXIS2_PLACEMENT_3D('',#10522,#6440,#6441);
#5319=AXIS2_PLACEMENT_3D('',#10523,#6442,#6443);
#5320=AXIS2_PLACEMENT_3D('',#10524,#6444,#6445);
#5321=AXIS2_PLACEMENT_3D('',#10527,#6448,#6449);
#5322=AXIS2_PLACEMENT_3D('',#10530,#6452,#6453);
#5323=AXIS2_PLACEMENT_3D('',#10533,#6454,#6455);
#5324=AXIS2_PLACEMENT_3D('',#10535,#6456,#6457);
#5325=AXIS2_PLACEMENT_3D('',#10536,#6458,#6459);
#5326=AXIS2_PLACEMENT_3D('',#10537,#6460,#6461);
#5327=AXIS2_PLACEMENT_3D('',#10540,#6462,#6463);
#5328=AXIS2_PLACEMENT_3D('',#10542,#6464,#6465);
#5329=AXIS2_PLACEMENT_3D('',#10543,#6466,#6467);
#5330=AXIS2_PLACEMENT_3D('',#10544,#6468,#6469);
#5331=AXIS2_PLACEMENT_3D('',#10547,#6472,#6473);
#5332=AXIS2_PLACEMENT_3D('',#10550,#6474,#6475);
#5333=AXIS2_PLACEMENT_3D('',#10552,#6476,#6477);
#5334=AXIS2_PLACEMENT_3D('',#10554,#6478,#6479);
#5335=AXIS2_PLACEMENT_3D('',#10555,#6480,#6481);
#5336=AXIS2_PLACEMENT_3D('',#10556,#6482,#6483);
#5337=AXIS2_PLACEMENT_3D('',#10559,#6484,#6485);
#5338=AXIS2_PLACEMENT_3D('',#10562,#6488,#6489);
#5339=AXIS2_PLACEMENT_3D('',#10565,#6490,#6491);
#5340=AXIS2_PLACEMENT_3D('',#10567,#6492,#6493);
#5341=AXIS2_PLACEMENT_3D('',#10569,#6494,#6495);
#5342=AXIS2_PLACEMENT_3D('',#10570,#6496,#6497);
#5343=AXIS2_PLACEMENT_3D('',#10571,#6498,#6499);
#5344=AXIS2_PLACEMENT_3D('',#10574,#6502,#6503);
#5345=AXIS2_PLACEMENT_3D('',#10577,#6506,#6507);
#5346=AXIS2_PLACEMENT_3D('',#10580,#6508,#6509);
#5347=AXIS2_PLACEMENT_3D('',#10582,#6510,#6511);
#5348=AXIS2_PLACEMENT_3D('',#10584,#6512,#6513);
#5349=AXIS2_PLACEMENT_3D('',#10585,#6514,#6515);
#5350=AXIS2_PLACEMENT_3D('',#10586,#6516,#6517);
#5351=AXIS2_PLACEMENT_3D('',#10589,#6520,#6521);
#5352=AXIS2_PLACEMENT_3D('',#10592,#6522,#6523);
#5353=AXIS2_PLACEMENT_3D('',#10594,#6524,#6525);
#5354=AXIS2_PLACEMENT_3D('',#10596,#6526,#6527);
#5355=AXIS2_PLACEMENT_3D('',#10597,#6528,#6529);
#5356=AXIS2_PLACEMENT_3D('',#10598,#6530,#6531);
#5357=AXIS2_PLACEMENT_3D('',#10601,#6534,#6535);
#5358=AXIS2_PLACEMENT_3D('',#10604,#6536,#6537);
#5359=AXIS2_PLACEMENT_3D('',#10606,#6538,#6539);
#5360=AXIS2_PLACEMENT_3D('',#10608,#6540,#6541);
#5361=AXIS2_PLACEMENT_3D('',#10609,#6542,#6543);
#5362=AXIS2_PLACEMENT_3D('',#10610,#6544,#6545);
#5363=AXIS2_PLACEMENT_3D('',#10613,#6548,#6549);
#5364=AXIS2_PLACEMENT_3D('',#10616,#6552,#6553);
#5365=AXIS2_PLACEMENT_3D('',#10619,#6554,#6555);
#5366=AXIS2_PLACEMENT_3D('',#10621,#6556,#6557);
#5367=AXIS2_PLACEMENT_3D('',#10623,#6558,#6559);
#5368=AXIS2_PLACEMENT_3D('',#10624,#6560,#6561);
#5369=AXIS2_PLACEMENT_3D('',#10625,#6562,#6563);
#5370=AXIS2_PLACEMENT_3D('',#10628,#6566,#6567);
#5371=AXIS2_PLACEMENT_3D('',#10631,#6568,#6569);
#5372=AXIS2_PLACEMENT_3D('',#10633,#6570,#6571);
#5373=AXIS2_PLACEMENT_3D('',#10635,#6572,#6573);
#5374=AXIS2_PLACEMENT_3D('',#10636,#6574,#6575);
#5375=AXIS2_PLACEMENT_3D('',#10637,#6576,#6577);
#5376=AXIS2_PLACEMENT_3D('',#10640,#6578,#6579);
#5377=AXIS2_PLACEMENT_3D('',#10642,#6580,#6581);
#5378=AXIS2_PLACEMENT_3D('',#10644,#6582,#6583);
#5379=AXIS2_PLACEMENT_3D('',#10645,#6584,#6585);
#5380=AXIS2_PLACEMENT_3D('',#10696,#6586,#6587);
#5381=AXIS2_PLACEMENT_3D('',#10697,#6588,#6589);
#5382=AXIS2_PLACEMENT_3D('',#10748,#6590,#6591);
#5383=AXIS2_PLACEMENT_3D('',#10749,#6592,#6593);
#5384=AXIS2_PLACEMENT_3D('',#10750,#6594,#6595);
#5385=AXIS2_PLACEMENT_3D('',#10753,#6598,#6599);
#5386=AXIS2_PLACEMENT_3D('',#10756,#6602,#6603);
#5387=AXIS2_PLACEMENT_3D('',#10759,#6606,#6607);
#5388=AXIS2_PLACEMENT_3D('',#10762,#6608,#6609);
#5389=AXIS2_PLACEMENT_3D('',#10764,#6610,#6611);
#5390=AXIS2_PLACEMENT_3D('',#10766,#6612,#6613);
#5391=AXIS2_PLACEMENT_3D('',#10767,#6614,#6615);
#5392=AXIS2_PLACEMENT_3D('',#10768,#6616,#6617);
#5393=AXIS2_PLACEMENT_3D('',#10771,#6618,#6619);
#5394=AXIS2_PLACEMENT_3D('',#10773,#6620,#6621);
#5395=AXIS2_PLACEMENT_3D('',#10774,#6622,#6623);
#5396=AXIS2_PLACEMENT_3D('',#10775,#6624,#6625);
#5397=AXIS2_PLACEMENT_3D('',#10778,#6628,#6629);
#5398=AXIS2_PLACEMENT_3D('',#10781,#6632,#6633);
#5399=AXIS2_PLACEMENT_3D('',#10784,#6634,#6635);
#5400=AXIS2_PLACEMENT_3D('',#10786,#6636,#6637);
#5401=AXIS2_PLACEMENT_3D('',#10787,#6638,#6639);
#5402=AXIS2_PLACEMENT_3D('',#10788,#6640,#6641);
#5403=AXIS2_PLACEMENT_3D('',#10791,#6644,#6645);
#5404=AXIS2_PLACEMENT_3D('',#10794,#6646,#6647);
#5405=AXIS2_PLACEMENT_3D('',#10796,#6648,#6649);
#5406=AXIS2_PLACEMENT_3D('',#10798,#6650,#6651);
#5407=AXIS2_PLACEMENT_3D('',#10799,#6652,#6653);
#5408=AXIS2_PLACEMENT_3D('',#10800,#6654,#6655);
#5409=AXIS2_PLACEMENT_3D('',#10803,#6658,#6659);
#5410=AXIS2_PLACEMENT_3D('',#10806,#6662,#6663);
#5411=AXIS2_PLACEMENT_3D('',#10809,#6664,#6665);
#5412=AXIS2_PLACEMENT_3D('',#10811,#6666,#6667);
#5413=AXIS2_PLACEMENT_3D('',#10813,#6668,#6669);
#5414=AXIS2_PLACEMENT_3D('',#10814,#6670,#6671);
#5415=AXIS2_PLACEMENT_3D('',#10815,#6672,#6673);
#5416=AXIS2_PLACEMENT_3D('',#10868,#6676,#6677);
#5417=AXIS2_PLACEMENT_3D('',#10869,#6678,#6679);
#5418=AXIS2_PLACEMENT_3D('',#10870,#6680,#6681);
#5419=AXIS2_PLACEMENT_3D('',#10873,#6684,#6685);
#5420=AXIS2_PLACEMENT_3D('',#10876,#6686,#6687);
#5421=AXIS2_PLACEMENT_3D('',#10878,#6688,#6689);
#5422=AXIS2_PLACEMENT_3D('',#10880,#6690,#6691);
#5423=AXIS2_PLACEMENT_3D('',#10881,#6692,#6693);
#5424=AXIS2_PLACEMENT_3D('',#10882,#6694,#6695);
#5425=AXIS2_PLACEMENT_3D('',#10885,#6696,#6697);
#5426=AXIS2_PLACEMENT_3D('',#10887,#6698,#6699);
#5427=AXIS2_PLACEMENT_3D('',#10889,#6700,#6701);
#5428=AXIS2_PLACEMENT_3D('',#10890,#6702,#6703);
#5429=AXIS2_PLACEMENT_3D('',#10891,#6704,#6705);
#5430=AXIS2_PLACEMENT_3D('',#10894,#6708,#6709);
#5431=AXIS2_PLACEMENT_3D('',#10897,#6712,#6713);
#5432=AXIS2_PLACEMENT_3D('',#10900,#6714,#6715);
#5433=AXIS2_PLACEMENT_3D('',#10902,#6716,#6717);
#5434=AXIS2_PLACEMENT_3D('',#10904,#6718,#6719);
#5435=AXIS2_PLACEMENT_3D('',#10905,#6720,#6721);
#5436=AXIS2_PLACEMENT_3D('',#10906,#6722,#6723);
#5437=AXIS2_PLACEMENT_3D('',#10909,#6724,#6725);
#5438=AXIS2_PLACEMENT_3D('',#10911,#6726,#6727);
#5439=AXIS2_PLACEMENT_3D('',#10913,#6728,#6729);
#5440=AXIS2_PLACEMENT_3D('',#10914,#6730,#6731);
#5441=AXIS2_PLACEMENT_3D('',#10915,#6732,#6733);
#5442=AXIS2_PLACEMENT_3D('',#10918,#6734,#6735);
#5443=AXIS2_PLACEMENT_3D('',#10920,#6736,#6737);
#5444=AXIS2_PLACEMENT_3D('',#10922,#6738,#6739);
#5445=AXIS2_PLACEMENT_3D('',#10923,#6740,#6741);
#5446=AXIS2_PLACEMENT_3D('',#10924,#6742,#6743);
#5447=AXIS2_PLACEMENT_3D('',#10927,#6744,#6745);
#5448=AXIS2_PLACEMENT_3D('',#10929,#6746,#6747);
#5449=AXIS2_PLACEMENT_3D('',#10931,#6748,#6749);
#5450=AXIS2_PLACEMENT_3D('',#10932,#6750,#6751);
#5451=AXIS2_PLACEMENT_3D('',#10933,#6752,#6753);
#5452=AXIS2_PLACEMENT_3D('',#10936,#6754,#6755);
#5453=AXIS2_PLACEMENT_3D('',#10938,#6756,#6757);
#5454=AXIS2_PLACEMENT_3D('',#10940,#6758,#6759);
#5455=AXIS2_PLACEMENT_3D('',#10941,#6760,#6761);
#5456=AXIS2_PLACEMENT_3D('',#10942,#6762,#6763);
#5457=AXIS2_PLACEMENT_3D('',#10945,#6766,#6767);
#5458=AXIS2_PLACEMENT_3D('',#10948,#6768,#6769);
#5459=AXIS2_PLACEMENT_3D('',#10950,#6770,#6771);
#5460=AXIS2_PLACEMENT_3D('',#10951,#6772,#6773);
#5461=AXIS2_PLACEMENT_3D('',#10952,#6774,#6775);
#5462=AXIS2_PLACEMENT_3D('',#10955,#6776,#6777);
#5463=AXIS2_PLACEMENT_3D('',#10958,#6780,#6781);
#5464=AXIS2_PLACEMENT_3D('',#10961,#6784,#6785);
#5465=AXIS2_PLACEMENT_3D('',#10964,#6786,#6787);
#5466=AXIS2_PLACEMENT_3D('',#10966,#6788,#6789);
#5467=AXIS2_PLACEMENT_3D('',#10967,#6790,#6791);
#5468=AXIS2_PLACEMENT_3D('',#10968,#6792,#6793);
#5469=AXIS2_PLACEMENT_3D('',#10971,#6794,#6795);
#5470=AXIS2_PLACEMENT_3D('',#10974,#6798,#6799);
#5471=AXIS2_PLACEMENT_3D('',#10977,#6802,#6803);
#5472=AXIS2_PLACEMENT_3D('',#10980,#6806,#6807);
#5473=AXIS2_PLACEMENT_3D('',#10983,#6810,#6811);
#5474=AXIS2_PLACEMENT_3D('',#10986,#6814,#6815);
#5475=AXIS2_PLACEMENT_3D('',#10989,#6818,#6819);
#5476=AXIS2_PLACEMENT_3D('',#10992,#6822,#6823);
#5477=AXIS2_PLACEMENT_3D('',#10995,#6826,#6827);
#5478=AXIS2_PLACEMENT_3D('',#10998,#6830,#6831);
#5479=AXIS2_PLACEMENT_3D('',#11001,#6834,#6835);
#5480=AXIS2_PLACEMENT_3D('',#11004,#6838,#6839);
#5481=AXIS2_PLACEMENT_3D('',#11007,#6842,#6843);
#5482=AXIS2_PLACEMENT_3D('',#11010,#6846,#6847);
#5483=AXIS2_PLACEMENT_3D('',#11013,#6850,#6851);
#5484=AXIS2_PLACEMENT_3D('',#11016,#6854,#6855);
#5485=AXIS2_PLACEMENT_3D('',#11019,#6858,#6859);
#5486=AXIS2_PLACEMENT_3D('',#11022,#6862,#6863);
#5487=AXIS2_PLACEMENT_3D('',#11025,#6866,#6867);
#5488=AXIS2_PLACEMENT_3D('',#11028,#6870,#6871);
#5489=AXIS2_PLACEMENT_3D('',#11031,#6874,#6875);
#5490=AXIS2_PLACEMENT_3D('',#11034,#6878,#6879);
#5491=AXIS2_PLACEMENT_3D('',#11037,#6882,#6883);
#5492=AXIS2_PLACEMENT_3D('',#11040,#6886,#6887);
#5493=AXIS2_PLACEMENT_3D('',#11043,#6890,#6891);
#5494=AXIS2_PLACEMENT_3D('',#11046,#6894,#6895);
#5495=AXIS2_PLACEMENT_3D('',#11049,#6898,#6899);
#5496=AXIS2_PLACEMENT_3D('',#11052,#6902,#6903);
#5497=AXIS2_PLACEMENT_3D('',#11055,#6906,#6907);
#5498=AXIS2_PLACEMENT_3D('',#11058,#6910,#6911);
#5499=AXIS2_PLACEMENT_3D('',#11061,#6914,#6915);
#5500=AXIS2_PLACEMENT_3D('',#11064,#6918,#6919);
#5501=AXIS2_PLACEMENT_3D('',#11067,#6922,#6923);
#5502=AXIS2_PLACEMENT_3D('',#11070,#6926,#6927);
#5503=AXIS2_PLACEMENT_3D('',#11073,#6930,#6931);
#5504=AXIS2_PLACEMENT_3D('',#11076,#6934,#6935);
#5505=AXIS2_PLACEMENT_3D('',#11079,#6938,#6939);
#5506=AXIS2_PLACEMENT_3D('',#11082,#6942,#6943);
#5507=AXIS2_PLACEMENT_3D('',#11085,#6946,#6947);
#5508=AXIS2_PLACEMENT_3D('',#11088,#6950,#6951);
#5509=AXIS2_PLACEMENT_3D('',#11091,#6954,#6955);
#5510=AXIS2_PLACEMENT_3D('',#11094,#6958,#6959);
#5511=AXIS2_PLACEMENT_3D('',#11097,#6962,#6963);
#5512=AXIS2_PLACEMENT_3D('',#11100,#6966,#6967);
#5513=AXIS2_PLACEMENT_3D('',#11103,#6970,#6971);
#5514=AXIS2_PLACEMENT_3D('',#11106,#6974,#6975);
#5515=AXIS2_PLACEMENT_3D('',#11109,#6978,#6979);
#5516=AXIS2_PLACEMENT_3D('',#11112,#6982,#6983);
#5517=AXIS2_PLACEMENT_3D('',#11115,#6986,#6987);
#5518=AXIS2_PLACEMENT_3D('',#11118,#6988,#6989);
#5519=AXIS2_PLACEMENT_3D('',#11121,#6992,#6993);
#5520=AXIS2_PLACEMENT_3D('',#11124,#6996,#6997);
#5521=AXIS2_PLACEMENT_3D('',#11127,#7000,#7001);
#5522=AXIS2_PLACEMENT_3D('',#11130,#7004,#7005);
#5523=AXIS2_PLACEMENT_3D('',#11133,#7008,#7009);
#5524=AXIS2_PLACEMENT_3D('',#11136,#7012,#7013);
#5525=AXIS2_PLACEMENT_3D('',#11139,#7016,#7017);
#5526=AXIS2_PLACEMENT_3D('',#11142,#7020,#7021);
#5527=AXIS2_PLACEMENT_3D('',#11145,#7024,#7025);
#5528=AXIS2_PLACEMENT_3D('',#11148,#7028,#7029);
#5529=AXIS2_PLACEMENT_3D('',#11151,#7032,#7033);
#5530=AXIS2_PLACEMENT_3D('',#11154,#7036,#7037);
#5531=AXIS2_PLACEMENT_3D('',#11157,#7040,#7041);
#5532=AXIS2_PLACEMENT_3D('',#11160,#7044,#7045);
#5533=AXIS2_PLACEMENT_3D('',#11163,#7046,#7047);
#5534=AXIS2_PLACEMENT_3D('',#11166,#7050,#7051);
#5535=AXIS2_PLACEMENT_3D('',#11169,#7054,#7055);
#5536=AXIS2_PLACEMENT_3D('',#11172,#7056,#7057);
#5537=AXIS2_PLACEMENT_3D('',#11175,#7060,#7061);
#5538=AXIS2_PLACEMENT_3D('',#11178,#7064,#7065);
#5539=AXIS2_PLACEMENT_3D('',#11181,#7068,#7069);
#5540=AXIS2_PLACEMENT_3D('',#11184,#7070,#7071);
#5541=AXIS2_PLACEMENT_3D('',#11187,#7074,#7075);
#5542=AXIS2_PLACEMENT_3D('',#11189,#7077,#7078);
#5543=AXIS2_PLACEMENT_3D('',#11191,#7080,#7081);
#5544=AXIS2_PLACEMENT_3D('',#11195,#7084,#7085);
#5545=AXIS2_PLACEMENT_3D('',#11196,#7086,#7087);
#5546=AXIS2_PLACEMENT_3D('',#11198,#7089,#7090);
#5547=AXIS2_PLACEMENT_3D('',#11200,#7092,#7093);
#5548=AXIS2_PLACEMENT_3D('',#11202,#7095,#7096);
#5549=AXIS2_PLACEMENT_3D('',#11206,#7099,#7100);
#5550=AXIS2_PLACEMENT_3D('',#11207,#7101,#7102);
#5551=AXIS2_PLACEMENT_3D('',#11209,#7104,#7105);
#5552=AXIS2_PLACEMENT_3D('',#11210,#7106,#7107);
#5553=AXIS2_PLACEMENT_3D('',#11212,#7108,#7109);
#5554=AXIS2_PLACEMENT_3D('',#11213,#7110,#7111);
#5555=AXIS2_PLACEMENT_3D('',#11214,#7112,#7113);
#5556=AXIS2_PLACEMENT_3D('',#11215,#7114,#7115);
#5557=AXIS2_PLACEMENT_3D('',#11217,#7116,#7117);
#5558=AXIS2_PLACEMENT_3D('',#11218,#7118,#7119);
#5559=AXIS2_PLACEMENT_3D('',#11219,#7120,#7121);
#5560=AXIS2_PLACEMENT_3D('',#11220,#7122,#7123);
#5561=AXIS2_PLACEMENT_3D('',#11222,#7124,#7125);
#5562=AXIS2_PLACEMENT_3D('',#11223,#7126,#7127);
#5563=AXIS2_PLACEMENT_3D('',#11224,#7128,#7129);
#5564=AXIS2_PLACEMENT_3D('',#11225,#7130,#7131);
#5565=AXIS2_PLACEMENT_3D('',#11226,#7132,#7133);
#5566=AXIS2_PLACEMENT_3D('',#11227,#7134,#7135);
#5567=AXIS2_PLACEMENT_3D('',#11228,#7136,#7137);
#5568=AXIS2_PLACEMENT_3D('',#11229,#7138,#7139);
#5569=AXIS2_PLACEMENT_3D('',#11230,#7140,#7141);
#5570=AXIS2_PLACEMENT_3D('',#11231,#7142,#7143);
#5571=AXIS2_PLACEMENT_3D('',#11232,#7144,#7145);
#5572=AXIS2_PLACEMENT_3D('',#11233,#7146,#7147);
#5573=AXIS2_PLACEMENT_3D('',#11234,#7148,#7149);
#5574=AXIS2_PLACEMENT_3D('',#11235,#7150,#7151);
#5575=AXIS2_PLACEMENT_3D('',#11236,#7152,#7153);
#5576=AXIS2_PLACEMENT_3D('',#11237,#7154,#7155);
#5577=AXIS2_PLACEMENT_3D('',#11238,#7156,#7157);
#5578=AXIS2_PLACEMENT_3D('',#11239,#7158,#7159);
#5579=AXIS2_PLACEMENT_3D('',#11240,#7160,#7161);
#5580=AXIS2_PLACEMENT_3D('',#11241,#7162,#7163);
#5581=AXIS2_PLACEMENT_3D('',#11242,#7164,#7165);
#5582=AXIS2_PLACEMENT_3D('',#11243,#7166,#7167);
#5583=AXIS2_PLACEMENT_3D('',#11244,#7168,#7169);
#5584=AXIS2_PLACEMENT_3D('',#11246,#7170,#7171);
#5585=AXIS2_PLACEMENT_3D('',#11247,#7172,#7173);
#5586=AXIS2_PLACEMENT_3D('',#11248,#7174,#7175);
#5587=AXIS2_PLACEMENT_3D('',#11249,#7176,#7177);
#5588=AXIS2_PLACEMENT_3D('',#11250,#7178,#7179);
#5589=AXIS2_PLACEMENT_3D('',#11252,#7181,#7182);
#5590=AXIS2_PLACEMENT_3D('',#11253,#7183,#7184);
#5591=AXIS2_PLACEMENT_3D('',#11256,#7186,#7187);
#5592=AXIS2_PLACEMENT_3D('',#11257,#7188,#7189);
#5593=AXIS2_PLACEMENT_3D('',#11259,#7191,#7192);
#5594=AXIS2_PLACEMENT_3D('',#11261,#7194,#7195);
#5595=AXIS2_PLACEMENT_3D('',#11263,#7197,#7198);
#5596=AXIS2_PLACEMENT_3D('',#11264,#7199,#7200);
#5597=AXIS2_PLACEMENT_3D('',#11266,#7202,#7203);
#5598=AXIS2_PLACEMENT_3D('',#11267,#7204,#7205);
#5599=AXIS2_PLACEMENT_3D('',#11270,#7207,#7208);
#5600=AXIS2_PLACEMENT_3D('',#11271,#7209,#7210);
#5601=AXIS2_PLACEMENT_3D('',#11273,#7212,#7213);
#5602=AXIS2_PLACEMENT_3D('',#11275,#7215,#7216);
#5603=AXIS2_PLACEMENT_3D('',#11277,#7218,#7219);
#5604=DIRECTION('axis',(0.,0.,1.));
#5605=DIRECTION('refdir',(1.,0.,0.));
#5606=DIRECTION('center_axis',(0.,0.,1.));
#5607=DIRECTION('ref_axis',(0.707106781186544,-0.707106781186551,0.));
#5608=DIRECTION('center_axis',(0.,-1.,0.));
#5609=DIRECTION('ref_axis',(1.,0.,0.));
#5610=DIRECTION('center_axis',(-1.,0.,0.));
#5611=DIRECTION('ref_axis',(0.,0.,-1.));
#5612=DIRECTION('center_axis',(0.,0.,1.));
#5613=DIRECTION('ref_axis',(0.707106781186544,-0.707106781186551,0.));
#5614=DIRECTION('center_axis',(0.,1.,0.));
#5615=DIRECTION('ref_axis',(0.707106781186548,0.,-0.707106781186547));
#5616=DIRECTION('center_axis',(-1.,0.,0.));
#5617=DIRECTION('ref_axis',(0.,0.,-1.));
#5618=DIRECTION('center_axis',(0.,0.,-1.));
#5619=DIRECTION('ref_axis',(0.,1.,0.));
#5620=DIRECTION('center_axis',(0.,1.,0.));
#5621=DIRECTION('ref_axis',(0.707106781186548,0.,-0.707106781186547));
#5622=DIRECTION('center_axis',(1.,0.,0.));
#5623=DIRECTION('ref_axis',(0.,0.707106781186551,-0.707106781186544));
#5624=DIRECTION('center_axis',(0.,0.,-1.));
#5625=DIRECTION('ref_axis',(0.,1.,0.));
#5626=DIRECTION('center_axis',(0.,-1.,0.));
#5627=DIRECTION('ref_axis',(-1.,0.,0.));
#5628=DIRECTION('center_axis',(1.,0.,0.));
#5629=DIRECTION('ref_axis',(0.,0.707106781186551,-0.707106781186544));
#5630=DIRECTION('center_axis',(0.,0.,1.));
#5631=DIRECTION('ref_axis',(-0.707106781186544,0.707106781186551,0.));
#5632=DIRECTION('center_axis',(0.,-1.,0.));
#5633=DIRECTION('ref_axis',(-1.,0.,0.));
#5634=DIRECTION('center_axis',(-1.,0.,0.));
#5635=DIRECTION('ref_axis',(0.,0.,1.));
#5636=DIRECTION('center_axis',(0.,0.,1.));
#5637=DIRECTION('ref_axis',(-0.707106781186544,0.707106781186551,0.));
#5638=DIRECTION('center_axis',(0.,1.,0.));
#5639=DIRECTION('ref_axis',(-0.707106781186548,0.,0.707106781186547));
#5640=DIRECTION('center_axis',(-1.,0.,0.));
#5641=DIRECTION('ref_axis',(0.,0.,1.));
#5642=DIRECTION('center_axis',(0.,0.,-1.));
#5643=DIRECTION('ref_axis',(0.,-1.,0.));
#5644=DIRECTION('center_axis',(0.,1.,0.));
#5645=DIRECTION('ref_axis',(-0.707106781186548,0.,0.707106781186547));
#5646=DIRECTION('center_axis',(1.,0.,0.));
#5647=DIRECTION('ref_axis',(0.,-0.707106781186551,0.707106781186544));
#5648=DIRECTION('center_axis',(0.,0.,-1.));
#5649=DIRECTION('ref_axis',(0.,-1.,0.));
#5650=DIRECTION('center_axis',(-1.,0.,0.));
#5651=DIRECTION('ref_axis',(0.,-0.707106781186551,0.707106781186544));
#5652=DIRECTION('center_axis',(0.,-1.,0.));
#5653=DIRECTION('ref_axis',(0.,0.,1.));
#5654=DIRECTION('center_axis',(0.,0.,-1.));
#5655=DIRECTION('ref_axis',(1.,0.,0.));
#5656=DIRECTION('center_axis',(-1.,0.,0.));
#5657=DIRECTION('ref_axis',(0.,-0.707106781186551,0.707106781186544));
#5658=DIRECTION('center_axis',(0.,1.,0.));
#5659=DIRECTION('ref_axis',(0.707106781186548,0.,0.707106781186547));
#5660=DIRECTION('center_axis',(0.,0.,-1.));
#5661=DIRECTION('ref_axis',(1.,0.,0.));
#5662=DIRECTION('center_axis',(1.,0.,0.));
#5663=DIRECTION('ref_axis',(0.,1.,0.));
#5664=DIRECTION('center_axis',(0.,1.,0.));
#5665=DIRECTION('ref_axis',(0.707106781186548,0.,0.707106781186547));
#5666=DIRECTION('center_axis',(0.,0.,1.));
#5667=DIRECTION('ref_axis',(0.707106781186543,0.707106781186552,0.));
#5668=DIRECTION('center_axis',(1.,0.,0.));
#5669=DIRECTION('ref_axis',(0.,1.,0.));
#5670=DIRECTION('center_axis',(0.,-1.,0.));
#5671=DIRECTION('ref_axis',(0.,0.,-1.));
#5672=DIRECTION('center_axis',(0.,0.,1.));
#5673=DIRECTION('ref_axis',(0.707106781186543,0.707106781186552,0.));
#5674=DIRECTION('center_axis',(-1.,0.,0.));
#5675=DIRECTION('ref_axis',(0.,0.707106781186551,-0.707106781186544));
#5676=DIRECTION('center_axis',(0.,-1.,0.));
#5677=DIRECTION('ref_axis',(0.,0.,-1.));
#5678=DIRECTION('center_axis',(0.,0.,-1.));
#5679=DIRECTION('ref_axis',(-1.,0.,0.));
#5680=DIRECTION('center_axis',(-1.,0.,0.));
#5681=DIRECTION('ref_axis',(0.,0.707106781186551,-0.707106781186544));
#5682=DIRECTION('center_axis',(0.,1.,0.));
#5683=DIRECTION('ref_axis',(-0.707106781186548,0.,-0.707106781186547));
#5684=DIRECTION('center_axis',(0.,0.,-1.));
#5685=DIRECTION('ref_axis',(-1.,0.,0.));
#5686=DIRECTION('center_axis',(1.,0.,0.));
#5687=DIRECTION('ref_axis',(0.,-1.,0.));
#5688=DIRECTION('center_axis',(0.,1.,0.));
#5689=DIRECTION('ref_axis',(-0.707106781186548,0.,-0.707106781186547));
#5690=DIRECTION('center_axis',(0.,0.,1.));
#5691=DIRECTION('ref_axis',(-0.707106781186543,-0.707106781186552,0.));
#5692=DIRECTION('center_axis',(1.,0.,0.));
#5693=DIRECTION('ref_axis',(0.,-1.,0.));
#5694=DIRECTION('center_axis',(1.,0.,0.));
#5695=DIRECTION('ref_axis',(0.,-0.707106781186548,-0.707106781186548));
#5696=DIRECTION('center_axis',(0.,-1.,0.));
#5697=DIRECTION('ref_axis',(0.,0.,-1.));
#5698=DIRECTION('center_axis',(0.,0.,1.));
#5699=DIRECTION('ref_axis',(-1.,0.,0.));
#5700=DIRECTION('center_axis',(1.,0.,0.));
#5701=DIRECTION('ref_axis',(0.,-0.707106781186548,-0.707106781186548));
#5702=DIRECTION('center_axis',(0.,1.,0.));
#5703=DIRECTION('ref_axis',(-0.707106781186543,0.,-0.707106781186552));
#5704=DIRECTION('center_axis',(0.,0.,1.));
#5705=DIRECTION('ref_axis',(-1.,0.,0.));
#5706=DIRECTION('center_axis',(-1.,0.,0.));
#5707=DIRECTION('ref_axis',(0.,1.,0.));
#5708=DIRECTION('center_axis',(0.,1.,0.));
#5709=DIRECTION('ref_axis',(-0.707106781186543,0.,-0.707106781186552));
#5710=DIRECTION('center_axis',(0.,0.,-1.));
#5711=DIRECTION('ref_axis',(-0.707106781186543,0.707106781186552,0.));
#5712=DIRECTION('center_axis',(-1.,0.,0.));
#5713=DIRECTION('ref_axis',(0.,1.,0.));
#5714=DIRECTION('center_axis',(0.,-1.,0.));
#5715=DIRECTION('ref_axis',(0.,0.,1.));
#5716=DIRECTION('center_axis',(0.,0.,-1.));
#5717=DIRECTION('ref_axis',(-0.707106781186543,0.707106781186552,0.));
#5718=DIRECTION('center_axis',(1.,0.,0.));
#5719=DIRECTION('ref_axis',(0.,0.707106781186548,0.707106781186548));
#5720=DIRECTION('center_axis',(0.,-1.,0.));
#5721=DIRECTION('ref_axis',(0.,0.,1.));
#5722=DIRECTION('center_axis',(0.,0.,1.));
#5723=DIRECTION('ref_axis',(1.,0.,0.));
#5724=DIRECTION('center_axis',(1.,0.,0.));
#5725=DIRECTION('ref_axis',(0.,0.707106781186548,0.707106781186548));
#5726=DIRECTION('center_axis',(0.,1.,0.));
#5727=DIRECTION('ref_axis',(0.707106781186543,0.,0.707106781186552));
#5728=DIRECTION('center_axis',(0.,0.,1.));
#5729=DIRECTION('ref_axis',(1.,0.,0.));
#5730=DIRECTION('center_axis',(-1.,0.,0.));
#5731=DIRECTION('ref_axis',(0.,-1.,0.));
#5732=DIRECTION('center_axis',(0.,1.,0.));
#5733=DIRECTION('ref_axis',(0.707106781186543,0.,0.707106781186552));
#5734=DIRECTION('center_axis',(0.,0.,-1.));
#5735=DIRECTION('ref_axis',(0.707106781186543,-0.707106781186552,0.));
#5736=DIRECTION('center_axis',(-1.,0.,0.));
#5737=DIRECTION('ref_axis',(0.,-1.,0.));
#5738=DIRECTION('center_axis',(0.,0.,-1.));
#5739=DIRECTION('ref_axis',(0.707106781186543,0.707106781186552,0.));
#5740=DIRECTION('center_axis',(0.,-1.,0.));
#5741=DIRECTION('ref_axis',(1.,0.,0.));
#5742=DIRECTION('center_axis',(1.,0.,0.));
#5743=DIRECTION('ref_axis',(0.,0.,-1.));
#5744=DIRECTION('center_axis',(0.,0.,-1.));
#5745=DIRECTION('ref_axis',(0.707106781186543,0.707106781186552,0.));
#5746=DIRECTION('center_axis',(0.,1.,0.));
#5747=DIRECTION('ref_axis',(0.707106781186549,0.,-0.707106781186546));
#5748=DIRECTION('center_axis',(1.,0.,0.));
#5749=DIRECTION('ref_axis',(0.,0.,-1.));
#5750=DIRECTION('center_axis',(0.,0.,1.));
#5751=DIRECTION('ref_axis',(0.,-1.,0.));
#5752=DIRECTION('center_axis',(0.,1.,0.));
#5753=DIRECTION('ref_axis',(0.707106781186549,0.,-0.707106781186546));
#5754=DIRECTION('center_axis',(-1.,0.,0.));
#5755=DIRECTION('ref_axis',(0.,-0.707106781186554,-0.707106781186541));
#5756=DIRECTION('center_axis',(0.,0.,1.));
#5757=DIRECTION('ref_axis',(0.,-1.,0.));
#5758=DIRECTION('center_axis',(0.,-1.,0.));
#5759=DIRECTION('ref_axis',(-1.,0.,0.));
#5760=DIRECTION('center_axis',(-1.,0.,0.));
#5761=DIRECTION('ref_axis',(0.,-0.707106781186554,-0.707106781186541));
#5762=DIRECTION('center_axis',(0.,0.,-1.));
#5763=DIRECTION('ref_axis',(-0.707106781186544,-0.707106781186551,0.));
#5764=DIRECTION('center_axis',(0.,-1.,0.));
#5765=DIRECTION('ref_axis',(-1.,0.,0.));
#5766=DIRECTION('center_axis',(1.,0.,0.));
#5767=DIRECTION('ref_axis',(0.,0.,1.));
#5768=DIRECTION('center_axis',(0.,0.,-1.));
#5769=DIRECTION('ref_axis',(-0.707106781186544,-0.707106781186551,0.));
#5770=DIRECTION('center_axis',(0.,1.,0.));
#5771=DIRECTION('ref_axis',(-0.707106781186544,0.,0.707106781186551));
#5772=DIRECTION('center_axis',(1.,0.,0.));
#5773=DIRECTION('ref_axis',(0.,0.,1.));
#5774=DIRECTION('center_axis',(0.,0.,1.));
#5775=DIRECTION('ref_axis',(0.,1.,0.));
#5776=DIRECTION('center_axis',(0.,1.,0.));
#5777=DIRECTION('ref_axis',(-0.707106781186544,0.,0.707106781186551));
#5778=DIRECTION('center_axis',(-1.,0.,0.));
#5779=DIRECTION('ref_axis',(0.,0.707106781186554,0.707106781186541));
#5780=DIRECTION('center_axis',(0.,0.,1.));
#5781=DIRECTION('ref_axis',(0.,1.,0.));
#5782=DIRECTION('center_axis',(0.,0.,1.));
#5783=DIRECTION('ref_axis',(1.,0.,0.));
#5784=DIRECTION('center_axis',(0.,0.,1.));
#5785=DIRECTION('ref_axis',(0.,1.,0.));
#5786=DIRECTION('center_axis',(-1.,0.,0.));
#5787=DIRECTION('ref_axis',(0.,0.,-1.));
#5788=DIRECTION('center_axis',(0.,0.,-1.));
#5789=DIRECTION('ref_axis',(0.707106781186548,0.707106781186547,0.));
#5790=DIRECTION('center_axis',(0.,-1.,0.));
#5791=DIRECTION('ref_axis',(-1.,0.,0.));
#5792=DIRECTION('center_axis',(0.,0.,-1.));
#5793=DIRECTION('ref_axis',(-1.,0.,0.));
#5794=DIRECTION('center_axis',(0.,0.,-1.));
#5795=DIRECTION('ref_axis',(1.,0.,0.));
#5796=DIRECTION('center_axis',(0.,-1.,0.));
#5797=DIRECTION('ref_axis',(0.,0.,1.));
#5798=DIRECTION('center_axis',(0.,0.,1.));
#5799=DIRECTION('ref_axis',(0.707106781186548,0.707106781186547,0.));
#5800=DIRECTION('center_axis',(-1.,0.,0.));
#5801=DIRECTION('ref_axis',(0.,-1.,0.));
#5802=DIRECTION('center_axis',(0.,1.,0.));
#5803=DIRECTION('ref_axis',(-0.707106781186548,0.,0.707106781186547));
#5804=DIRECTION('center_axis',(0.,1.,0.));
#5805=DIRECTION('ref_axis',(-0.707106781186548,0.,0.707106781186547));
#5806=DIRECTION('',(0.,1.,0.));
#5807=DIRECTION('',(0.,-1.,0.));
#5808=DIRECTION('center_axis',(0.,0.,1.));
#5809=DIRECTION('ref_axis',(1.,0.,0.));
#5810=DIRECTION('center_axis',(0.,0.,1.));
#5811=DIRECTION('ref_axis',(-1.,0.,0.));
#5812=DIRECTION('center_axis',(0.,-1.,0.));
#5813=DIRECTION('ref_axis',(0.,0.,-1.));
#5814=DIRECTION('center_axis',(0.,0.,-1.));
#5815=DIRECTION('ref_axis',(-0.707106781186548,0.707106781186547,0.));
#5816=DIRECTION('center_axis',(1.,0.,0.));
#5817=DIRECTION('ref_axis',(0.,-1.,0.));
#5818=DIRECTION('center_axis',(0.,1.,0.));
#5819=DIRECTION('ref_axis',(0.707106781186549,0.,-0.707106781186546));
#5820=DIRECTION('center_axis',(0.,1.,0.));
#5821=DIRECTION('ref_axis',(0.707106781186549,0.,-0.707106781186546));
#5822=DIRECTION('',(0.,1.,0.));
#5823=DIRECTION('',(0.,-1.,0.));
#5824=DIRECTION('center_axis',(-0.816496580927727,0.408248290463864,0.40824829046386));
#5825=DIRECTION('ref_axis',(-0.577350269189627,-0.577350269189627,-0.577350269189623));
#5826=DIRECTION('center_axis',(1.11022302462516E-15,-1.,0.));
#5827=DIRECTION('ref_axis',(0.,0.,-1.));
#5828=DIRECTION('center_axis',(-1.,0.,0.));
#5829=DIRECTION('ref_axis',(0.,-1.,0.));
#5830=DIRECTION('center_axis',(0.,0.,-1.));
#5831=DIRECTION('ref_axis',(-1.,0.,0.));
#5832=DIRECTION('center_axis',(-1.,0.,0.));
#5833=DIRECTION('ref_axis',(0.,-0.707106781186548,-0.707106781186547));
#5834=DIRECTION('',(1.,0.,0.));
#5835=DIRECTION('',(-1.,0.,0.));
#5836=DIRECTION('center_axis',(0.,0.,-1.));
#5837=DIRECTION('ref_axis',(-1.,0.,0.));
#5838=DIRECTION('center_axis',(0.,0.,-1.));
#5839=DIRECTION('ref_axis',(1.,0.,0.));
#5840=DIRECTION('center_axis',(0.,-1.,0.));
#5841=DIRECTION('ref_axis',(0.,0.,1.));
#5842=DIRECTION('center_axis',(0.,0.,1.));
#5843=DIRECTION('ref_axis',(0.707106781186548,0.707106781186547,0.));
#5844=DIRECTION('center_axis',(-1.,0.,0.));
#5845=DIRECTION('ref_axis',(0.,-1.,0.));
#5846=DIRECTION('center_axis',(0.,1.,0.));
#5847=DIRECTION('ref_axis',(-0.707106781186549,0.,0.707106781186546));
#5848=DIRECTION('center_axis',(0.,1.,0.));
#5849=DIRECTION('ref_axis',(-0.707106781186549,0.,0.707106781186546));
#5850=DIRECTION('',(0.,1.,0.));
#5851=DIRECTION('',(0.,-1.,0.));
#5852=DIRECTION('center_axis',(-0.408248290463864,-0.408248290463863,-0.816496580927726));
#5853=DIRECTION('ref_axis',(0.577350269189627,0.577350269189626,-0.577350269189624));
#5854=DIRECTION('center_axis',(0.,0.,-1.));
#5855=DIRECTION('ref_axis',(1.,0.,0.));
#5856=DIRECTION('center_axis',(0.,1.,0.));
#5857=DIRECTION('ref_axis',(0.,0.,-1.));
#5858=DIRECTION('center_axis',(1.,0.,-1.11022302462516E-15));
#5859=DIRECTION('ref_axis',(0.,1.,0.));
#5860=DIRECTION('center_axis',(0.,1.,0.));
#5861=DIRECTION('ref_axis',(0.707106781186549,0.,-0.707106781186546));
#5862=DIRECTION('center_axis',(0.,1.,0.));
#5863=DIRECTION('ref_axis',(0.707106781186549,0.,-0.707106781186546));
#5864=DIRECTION('',(0.,1.,0.));
#5865=DIRECTION('',(0.,-1.,0.));
#5866=DIRECTION('center_axis',(0.408248290463861,-0.408248290463858,-0.81649658092773));
#5867=DIRECTION('ref_axis',(-0.577350269189631,0.577350269189623,-0.577350269189623));
#5868=DIRECTION('center_axis',(-1.,0.,0.));
#5869=DIRECTION('ref_axis',(0.,0.,-1.));
#5870=DIRECTION('center_axis',(0.,1.,0.));
#5871=DIRECTION('ref_axis',(-1.,0.,0.));
#5872=DIRECTION('center_axis',(0.,0.,-1.));
#5873=DIRECTION('ref_axis',(0.,1.,0.));
#5874=DIRECTION('center_axis',(0.,1.,0.));
#5875=DIRECTION('ref_axis',(-0.707106781186551,0.,-0.707106781186544));
#5876=DIRECTION('',(0.,-1.,0.));
#5877=DIRECTION('',(0.,1.,0.));
#5878=DIRECTION('center_axis',(-0.816496580927726,0.408248290463863,-0.408248290463863));
#5879=DIRECTION('ref_axis',(-0.577350269189626,-0.577350269189626,0.577350269189625));
#5880=DIRECTION('center_axis',(-5.55111512312578E-16,0.,1.));
#5881=DIRECTION('ref_axis',(0.,-1.,0.));
#5882=DIRECTION('center_axis',(-1.,0.,0.));
#5883=DIRECTION('ref_axis',(0.,0.,1.));
#5884=DIRECTION('center_axis',(0.,-1.,1.11022302462516E-15));
#5885=DIRECTION('ref_axis',(-1.,0.,0.));
#5886=DIRECTION('center_axis',(-1.,0.,0.));
#5887=DIRECTION('ref_axis',(0.,-0.707106781186547,0.707106781186548));
#5888=DIRECTION('',(1.,0.,0.));
#5889=DIRECTION('',(-1.,0.,0.));
#5890=DIRECTION('center_axis',(0.,0.,1.));
#5891=DIRECTION('ref_axis',(1.,0.,0.));
#5892=DIRECTION('center_axis',(0.,0.,1.));
#5893=DIRECTION('ref_axis',(0.,1.,0.));
#5894=DIRECTION('center_axis',(-1.,0.,0.));
#5895=DIRECTION('ref_axis',(0.,0.,-1.));
#5896=DIRECTION('center_axis',(0.,0.,-1.));
#5897=DIRECTION('ref_axis',(0.707106781186548,0.707106781186547,0.));
#5898=DIRECTION('center_axis',(0.,-1.,0.));
#5899=DIRECTION('ref_axis',(-1.,0.,0.));
#5900=DIRECTION('center_axis',(-0.816496580927727,-0.408248290463865,0.40824829046386));
#5901=DIRECTION('ref_axis',(-0.577350269189627,0.577350269189627,-0.577350269189623));
#5902=DIRECTION('center_axis',(-1.,0.,0.));
#5903=DIRECTION('ref_axis',(0.,0.,-1.));
#5904=DIRECTION('center_axis',(0.,1.,0.));
#5905=DIRECTION('ref_axis',(-1.,0.,0.));
#5906=DIRECTION('center_axis',(0.,0.,-1.));
#5907=DIRECTION('ref_axis',(0.,1.,0.));
#5908=DIRECTION('center_axis',(0.,1.,0.));
#5909=DIRECTION('ref_axis',(-0.707106781186548,0.,-0.707106781186547));
#5910=DIRECTION('center_axis',(0.,1.,0.));
#5911=DIRECTION('ref_axis',(-0.707106781186548,0.,-0.707106781186547));
#5912=DIRECTION('',(0.,1.,0.));
#5913=DIRECTION('',(0.,-1.,0.));
#5914=DIRECTION('center_axis',(0.,0.,-1.));
#5915=DIRECTION('ref_axis',(-1.,0.,0.));
#5916=DIRECTION('center_axis',(0.,0.,-1.));
#5917=DIRECTION('ref_axis',(0.,1.,0.));
#5918=DIRECTION('center_axis',(1.,0.,0.));
#5919=DIRECTION('ref_axis',(0.,0.,1.));
#5920=DIRECTION('center_axis',(0.,0.,1.));
#5921=DIRECTION('ref_axis',(-0.707106781186548,0.707106781186547,0.));
#5922=DIRECTION('center_axis',(0.,-1.,0.));
#5923=DIRECTION('ref_axis',(1.,0.,0.));
#5924=DIRECTION('center_axis',(-0.816496580927726,-0.408248290463865,-0.408248290463861));
#5925=DIRECTION('ref_axis',(0.577350269189628,-0.577350269189626,-0.577350269189624));
#5926=DIRECTION('center_axis',(0.,0.,-1.));
#5927=DIRECTION('ref_axis',(0.,-1.,0.));
#5928=DIRECTION('center_axis',(1.,0.,0.));
#5929=DIRECTION('ref_axis',(0.,0.,-1.));
#5930=DIRECTION('center_axis',(0.,-1.,-1.11022302462516E-15));
#5931=DIRECTION('ref_axis',(1.,0.,0.));
#5932=DIRECTION('center_axis',(1.,0.,0.));
#5933=DIRECTION('ref_axis',(0.,-0.707106781186548,-0.707106781186547));
#5934=DIRECTION('',(-1.,0.,0.));
#5935=DIRECTION('',(1.,0.,0.));
#5936=DIRECTION('center_axis',(-0.408248290463861,-0.816496580927727,-0.408248290463862));
#5937=DIRECTION('ref_axis',(-0.577350269189626,0.577350269189625,-0.577350269189626));
#5938=DIRECTION('center_axis',(0.,1.,0.));
#5939=DIRECTION('ref_axis',(-1.,0.,0.));
#5940=DIRECTION('center_axis',(0.,0.,-1.));
#5941=DIRECTION('ref_axis',(0.,1.,0.));
#5942=DIRECTION('center_axis',(-1.,2.22044604925032E-15,0.));
#5943=DIRECTION('ref_axis',(0.,0.,-1.));
#5944=DIRECTION('center_axis',(-0.816496580927726,0.408248290463865,-0.408248290463861));
#5945=DIRECTION('ref_axis',(-0.577350269189628,-0.577350269189626,0.577350269189624));
#5946=DIRECTION('center_axis',(0.,0.,1.));
#5947=DIRECTION('ref_axis',(0.,-1.,0.));
#5948=DIRECTION('center_axis',(-1.,0.,0.));
#5949=DIRECTION('ref_axis',(0.,0.,1.));
#5950=DIRECTION('center_axis',(0.,-1.,1.11022302462516E-15));
#5951=DIRECTION('ref_axis',(-1.,0.,0.));
#5952=DIRECTION('center_axis',(-1.,0.,0.));
#5953=DIRECTION('ref_axis',(0.,-0.707106781186548,0.707106781186547));
#5954=DIRECTION('',(1.,0.,0.));
#5955=DIRECTION('',(-1.,0.,0.));
#5956=DIRECTION('center_axis',(0.408248290463862,-0.816496580927728,0.40824829046386));
#5957=DIRECTION('ref_axis',(0.577350269189626,0.577350269189626,0.577350269189625));
#5958=DIRECTION('center_axis',(1.,0.,0.));
#5959=DIRECTION('ref_axis',(0.,0.,1.));
#5960=DIRECTION('center_axis',(0.,1.,0.));
#5961=DIRECTION('ref_axis',(1.,0.,0.));
#5962=DIRECTION('center_axis',(8.88178419700126E-15,0.,1.));
#5963=DIRECTION('ref_axis',(0.,1.,0.));
#5964=DIRECTION('center_axis',(0.,1.,0.));
#5965=DIRECTION('ref_axis',(0.707106781186548,0.,0.707106781186547));
#5966=DIRECTION('center_axis',(0.,1.,0.));
#5967=DIRECTION('ref_axis',(0.707106781186548,0.,0.707106781186547));
#5968=DIRECTION('',(0.,1.,0.));
#5969=DIRECTION('',(0.,-1.,0.));
#5970=DIRECTION('center_axis',(0.,0.,-1.));
#5971=DIRECTION('ref_axis',(0.707106781186547,0.707106781186548,0.));
#5972=DIRECTION('',(0.,0.,1.));
#5973=DIRECTION('',(0.,0.,-1.));
#5974=DIRECTION('center_axis',(0.,0.,1.));
#5975=DIRECTION('ref_axis',(1.,0.,0.));
#5976=DIRECTION('center_axis',(0.,0.,1.));
#5977=DIRECTION('ref_axis',(0.,-1.,0.));
#5978=DIRECTION('center_axis',(1.,0.,0.));
#5979=DIRECTION('ref_axis',(0.,0.,-1.));
#5980=DIRECTION('center_axis',(0.,0.,-1.));
#5981=DIRECTION('ref_axis',(-0.707106781186548,-0.707106781186547,0.));
#5982=DIRECTION('center_axis',(0.,1.,0.));
#5983=DIRECTION('ref_axis',(1.,0.,0.));
#5984=DIRECTION('center_axis',(-1.,0.,0.));
#5985=DIRECTION('ref_axis',(0.,0.707106781186549,-0.707106781186546));
#5986=DIRECTION('',(1.,0.,0.));
#5987=DIRECTION('',(-1.,0.,0.));
#5988=DIRECTION('center_axis',(-0.408248290463866,-0.408248290463862,-0.816496580927725));
#5989=DIRECTION('ref_axis',(0.577350269189628,0.577350269189625,-0.577350269189625));
#5990=DIRECTION('center_axis',(0.,0.,-1.));
#5991=DIRECTION('ref_axis',(1.,0.,0.));
#5992=DIRECTION('center_axis',(0.,1.,0.));
#5993=DIRECTION('ref_axis',(0.,0.,-1.));
#5994=DIRECTION('center_axis',(1.,0.,0.));
#5995=DIRECTION('ref_axis',(0.,1.,0.));
#5996=DIRECTION('center_axis',(0.,1.,0.));
#5997=DIRECTION('ref_axis',(0.707106781186551,0.,-0.707106781186544));
#5998=DIRECTION('',(0.,-1.,0.));
#5999=DIRECTION('',(0.,1.,0.));
#6000=DIRECTION('center_axis',(-1.,0.,0.));
#6001=DIRECTION('ref_axis',(0.,0.707106781186548,-0.707106781186548));
#6002=DIRECTION('',(1.,0.,0.));
#6003=DIRECTION('',(-1.,0.,0.));
#6004=DIRECTION('center_axis',(-0.408248290463864,0.40824829046386,-0.816496580927727));
#6005=DIRECTION('ref_axis',(-0.577350269189627,0.577350269189623,0.577350269189627));
#6006=DIRECTION('center_axis',(0.,-5.5511151231258E-16,1.));
#6007=DIRECTION('ref_axis',(-1.,0.,0.));
#6008=DIRECTION('center_axis',(0.,1.,0.));
#6009=DIRECTION('ref_axis',(0.,0.,1.));
#6010=DIRECTION('center_axis',(-1.,0.,0.));
#6011=DIRECTION('ref_axis',(0.,1.,0.));
#6012=DIRECTION('center_axis',(0.,1.,0.));
#6013=DIRECTION('ref_axis',(-0.707106781186549,0.,0.707106781186546));
#6014=DIRECTION('',(0.,-1.,0.));
#6015=DIRECTION('',(0.,1.,0.));
#6016=DIRECTION('center_axis',(-0.816496580927726,0.408248290463863,0.408248290463863));
#6017=DIRECTION('ref_axis',(-0.577350269189626,-0.577350269189626,-0.577350269189625));
#6018=DIRECTION('center_axis',(1.11022302462516E-15,-1.,0.));
#6019=DIRECTION('ref_axis',(0.,0.,-1.));
#6020=DIRECTION('center_axis',(-1.,0.,0.));
#6021=DIRECTION('ref_axis',(0.,-1.,0.));
#6022=DIRECTION('center_axis',(0.,5.55111512312579E-16,-1.));
#6023=DIRECTION('ref_axis',(-1.,0.,0.));
#6024=DIRECTION('center_axis',(-1.,0.,0.));
#6025=DIRECTION('ref_axis',(0.,-0.707106781186547,-0.707106781186548));
#6026=DIRECTION('',(1.,0.,0.));
#6027=DIRECTION('',(-1.,0.,0.));
#6028=DIRECTION('center_axis',(0.,0.,1.));
#6029=DIRECTION('ref_axis',(-0.70710678118655,-0.707106781186545,0.));
#6030=DIRECTION('',(0.,0.,-1.));
#6031=DIRECTION('',(0.,0.,1.));
#6032=DIRECTION('center_axis',(0.,0.,1.));
#6033=DIRECTION('ref_axis',(1.,0.,0.));
#6034=DIRECTION('center_axis',(-1.,0.,0.));
#6035=DIRECTION('ref_axis',(0.,1.,0.));
#6036=DIRECTION('center_axis',(0.,0.,1.));
#6037=DIRECTION('ref_axis',(1.,0.,0.));
#6038=DIRECTION('center_axis',(0.,1.,0.));
#6039=DIRECTION('ref_axis',(0.,0.,-1.));
#6040=DIRECTION('center_axis',(0.,0.,-1.));
#6041=DIRECTION('ref_axis',(0.707106781186549,-0.707106781186546,0.));
#6042=DIRECTION('center_axis',(0.408248290463862,-0.816496580927727,-0.408248290463862));
#6043=DIRECTION('ref_axis',(0.577350269189627,0.577350269189623,-0.577350269189627));
#6044=DIRECTION('center_axis',(1.,0.,0.));
#6045=DIRECTION('ref_axis',(0.,1.,0.));
#6046=DIRECTION('center_axis',(0.,0.,-1.));
#6047=DIRECTION('ref_axis',(1.,0.,0.));
#6048=DIRECTION('center_axis',(0.,1.,0.));
#6049=DIRECTION('ref_axis',(0.,0.,-1.));
#6050=DIRECTION('center_axis',(0.,0.,1.));
#6051=DIRECTION('ref_axis',(1.,0.,0.));
#6052=DIRECTION('center_axis',(0.,0.,1.));
#6053=DIRECTION('ref_axis',(1.,0.,0.));
#6054=DIRECTION('center_axis',(0.,1.,0.));
#6055=DIRECTION('ref_axis',(0.,0.,-1.));
#6056=DIRECTION('center_axis',(0.,0.,-1.));
#6057=DIRECTION('ref_axis',(0.707106781186548,-0.707106781186547,0.));
#6058=DIRECTION('center_axis',(-1.,0.,0.));
#6059=DIRECTION('ref_axis',(0.,1.,0.));
#6060=DIRECTION('center_axis',(-0.408248290463865,0.408248290463863,-0.816496580927725));
#6061=DIRECTION('ref_axis',(-0.577350269189627,0.577350269189626,0.577350269189624));
#6062=DIRECTION('center_axis',(0.,0.,1.));
#6063=DIRECTION('ref_axis',(-1.,0.,0.));
#6064=DIRECTION('center_axis',(0.,1.,0.));
#6065=DIRECTION('ref_axis',(0.,0.,1.));
#6066=DIRECTION('center_axis',(-1.,0.,1.11022302462516E-15));
#6067=DIRECTION('ref_axis',(0.,1.,0.));
#6068=DIRECTION('center_axis',(0.,1.,0.));
#6069=DIRECTION('ref_axis',(-0.707106781186549,0.,0.707106781186546));
#6070=DIRECTION('center_axis',(0.,1.,0.));
#6071=DIRECTION('ref_axis',(-0.707106781186549,0.,0.707106781186546));
#6072=DIRECTION('',(0.,1.,0.));
#6073=DIRECTION('',(0.,-1.,0.));
#6074=DIRECTION('center_axis',(-0.816496580927727,-0.408248290463865,0.40824829046386));
#6075=DIRECTION('ref_axis',(0.577350269189627,-0.577350269189627,0.577350269189623));
#6076=DIRECTION('center_axis',(-1.11022302462516E-15,-1.,0.));
#6077=DIRECTION('ref_axis',(0.,0.,1.));
#6078=DIRECTION('center_axis',(1.,0.,0.));
#6079=DIRECTION('ref_axis',(0.,-1.,0.));
#6080=DIRECTION('center_axis',(0.,0.,1.));
#6081=DIRECTION('ref_axis',(1.,0.,0.));
#6082=DIRECTION('center_axis',(1.,0.,0.));
#6083=DIRECTION('ref_axis',(0.,-0.707106781186548,0.707106781186547));
#6084=DIRECTION('',(-1.,0.,0.));
#6085=DIRECTION('',(1.,0.,0.));
#6086=DIRECTION('center_axis',(0.,0.,-1.));
#6087=DIRECTION('ref_axis',(0.70710678118655,-0.707106781186545,0.));
#6088=DIRECTION('',(0.,0.,1.));
#6089=DIRECTION('',(0.,0.,-1.));
#6090=DIRECTION('center_axis',(1.,0.,0.));
#6091=DIRECTION('ref_axis',(0.,0.,-1.));
#6092=DIRECTION('center_axis',(1.,0.,-1.11022302462516E-15));
#6093=DIRECTION('ref_axis',(0.,1.,0.));
#6094=DIRECTION('center_axis',(0.,0.,1.));
#6095=DIRECTION('ref_axis',(-1.,0.,0.));
#6096=DIRECTION('center_axis',(-1.,0.,0.));
#6097=DIRECTION('ref_axis',(0.,0.707106781186546,-0.707106781186549));
#6098=DIRECTION('center_axis',(0.,-1.,0.));
#6099=DIRECTION('ref_axis',(0.,0.,1.));
#6100=DIRECTION('center_axis',(0.,-1.,0.));
#6101=DIRECTION('ref_axis',(0.,0.,-1.));
#6102=DIRECTION('center_axis',(0.,-1.,0.));
#6103=DIRECTION('ref_axis',(0.,0.,1.));
#6104=DIRECTION('center_axis',(-1.,0.,0.));
#6105=DIRECTION('ref_axis',(0.,1.,0.));
#6106=DIRECTION('center_axis',(0.,1.,0.));
#6107=DIRECTION('ref_axis',(0.707106781186548,0.,0.707106781186547));
#6108=DIRECTION('center_axis',(0.,0.,-1.));
#6109=DIRECTION('ref_axis',(-1.,0.,0.));
#6110=DIRECTION('center_axis',(1.,0.,0.));
#6111=DIRECTION('ref_axis',(0.,0.,-1.));
#6112=DIRECTION('center_axis',(1.,0.,0.));
#6113=DIRECTION('ref_axis',(0.,-1.,0.));
#6114=DIRECTION('center_axis',(0.,0.,-1.));
#6115=DIRECTION('ref_axis',(-1.,0.,0.));
#6116=DIRECTION('center_axis',(-1.,0.,0.));
#6117=DIRECTION('ref_axis',(0.,-0.707106781186548,0.707106781186547));
#6118=DIRECTION('center_axis',(0.,1.,0.));
#6119=DIRECTION('ref_axis',(0.,0.,-1.));
#6120=DIRECTION('center_axis',(0.,-1.,0.));
#6121=DIRECTION('ref_axis',(0.,0.,-1.));
#6122=DIRECTION('center_axis',(0.,-1.,0.));
#6123=DIRECTION('ref_axis',(0.,0.,-1.));
#6124=DIRECTION('center_axis',(1.,0.,0.));
#6125=DIRECTION('ref_axis',(0.,1.,0.));
#6126=DIRECTION('center_axis',(0.,1.,0.));
#6127=DIRECTION('ref_axis',(-0.707106781186549,0.,-0.707106781186546));
#6128=DIRECTION('center_axis',(0.,0.,1.));
#6129=DIRECTION('ref_axis',(1.,0.,0.));
#6130=DIRECTION('center_axis',(1.,0.,0.));
#6131=DIRECTION('ref_axis',(0.,0.,-1.));
#6132=DIRECTION('center_axis',(1.,0.,0.));
#6133=DIRECTION('ref_axis',(0.,1.,0.));
#6134=DIRECTION('center_axis',(0.,0.,1.));
#6135=DIRECTION('ref_axis',(-1.,0.,0.));
#6136=DIRECTION('center_axis',(-1.,0.,0.));
#6137=DIRECTION('ref_axis',(0.,0.707106781186548,-0.707106781186548));
#6138=DIRECTION('center_axis',(0.,-1.,0.));
#6139=DIRECTION('ref_axis',(0.,0.,1.));
#6140=DIRECTION('center_axis',(0.,0.,1.));
#6141=DIRECTION('ref_axis',(1.,0.,0.));
#6142=DIRECTION('center_axis',(0.,0.,1.));
#6143=DIRECTION('ref_axis',(-1.,0.,0.));
#6144=DIRECTION('center_axis',(0.,-1.,0.));
#6145=DIRECTION('ref_axis',(0.,0.,-1.));
#6146=DIRECTION('center_axis',(0.,0.,-1.));
#6147=DIRECTION('ref_axis',(-0.707106781186549,0.707106781186546,0.));
#6148=DIRECTION('center_axis',(1.,0.,0.));
#6149=DIRECTION('ref_axis',(0.,-1.,0.));
#6150=DIRECTION('center_axis',(0.,1.,0.));
#6151=DIRECTION('ref_axis',(0.707106781186549,0.,-0.707106781186546));
#6152=DIRECTION('',(0.,-1.,0.));
#6153=DIRECTION('',(0.,1.,0.));
#6154=DIRECTION('center_axis',(0.,0.,-1.));
#6155=DIRECTION('ref_axis',(-1.,0.,0.));
#6156=DIRECTION('center_axis',(0.,-8.88178419700125E-15,-1.));
#6157=DIRECTION('ref_axis',(-1.,0.,0.));
#6158=DIRECTION('center_axis',(0.,1.,0.));
#6159=DIRECTION('ref_axis',(0.,0.,1.));
#6160=DIRECTION('center_axis',(0.,0.,1.));
#6161=DIRECTION('ref_axis',(-0.707106781186548,-0.707106781186547,0.));
#6162=DIRECTION('center_axis',(1.,0.,0.));
#6163=DIRECTION('ref_axis',(0.,1.,0.));
#6164=DIRECTION('center_axis',(-0.408248290463863,-0.408248290463862,-0.816496580927726));
#6165=DIRECTION('ref_axis',(0.577350269189626,0.577350269189626,-0.577350269189625));
#6166=DIRECTION('center_axis',(0.,0.,-1.));
#6167=DIRECTION('ref_axis',(1.,0.,0.));
#6168=DIRECTION('center_axis',(0.,1.,0.));
#6169=DIRECTION('ref_axis',(0.,0.,-1.));
#6170=DIRECTION('center_axis',(1.,0.,-1.11022302462516E-15));
#6171=DIRECTION('ref_axis',(0.,1.,0.));
#6172=DIRECTION('center_axis',(0.,1.,0.));
#6173=DIRECTION('ref_axis',(0.707106781186548,0.,-0.707106781186547));
#6174=DIRECTION('center_axis',(0.,1.,0.));
#6175=DIRECTION('ref_axis',(0.707106781186548,0.,-0.707106781186547));
#6176=DIRECTION('',(0.,1.,0.));
#6177=DIRECTION('',(0.,-1.,0.));
#6178=DIRECTION('center_axis',(-0.408248290463863,-0.816496580927726,-0.408248290463863));
#6179=DIRECTION('ref_axis',(-0.577350269189625,0.577350269189625,-0.577350269189627));
#6180=DIRECTION('center_axis',(0.,0.,-1.));
#6181=DIRECTION('ref_axis',(0.,1.,0.));
#6182=DIRECTION('center_axis',(-1.,0.,0.));
#6183=DIRECTION('ref_axis',(0.,0.,-1.));
#6184=DIRECTION('center_axis',(0.,1.,0.));
#6185=DIRECTION('ref_axis',(-1.,0.,0.));
#6186=DIRECTION('center_axis',(-1.,0.,0.));
#6187=DIRECTION('ref_axis',(0.,0.707106781186546,-0.707106781186549));
#6188=DIRECTION('',(1.,0.,0.));
#6189=DIRECTION('',(-1.,0.,0.));
#6190=DIRECTION('center_axis',(0.408248290463863,0.40824829046386,-0.816496580927727));
#6191=DIRECTION('ref_axis',(0.577350269189627,0.577350269189623,0.577350269189627));
#6192=DIRECTION('center_axis',(1.,0.,0.));
#6193=DIRECTION('ref_axis',(0.,0.,1.));
#6194=DIRECTION('center_axis',(0.,1.,0.));
#6195=DIRECTION('ref_axis',(1.,0.,0.));
#6196=DIRECTION('center_axis',(-1.11022302462516E-15,0.,1.));
#6197=DIRECTION('ref_axis',(0.,1.,0.));
#6198=DIRECTION('center_axis',(0.,0.,-1.));
#6199=DIRECTION('ref_axis',(-1.,0.,0.));
#6200=DIRECTION('center_axis',(0.,0.,-1.));
#6201=DIRECTION('ref_axis',(0.,1.,0.));
#6202=DIRECTION('center_axis',(1.,0.,0.));
#6203=DIRECTION('ref_axis',(0.,0.,1.));
#6204=DIRECTION('center_axis',(0.,0.,1.));
#6205=DIRECTION('ref_axis',(-0.707106781186548,0.707106781186547,0.));
#6206=DIRECTION('center_axis',(0.,-1.,0.));
#6207=DIRECTION('ref_axis',(1.,0.,0.));
#6208=DIRECTION('center_axis',(0.,0.,1.));
#6209=DIRECTION('ref_axis',(1.,0.,0.));
#6210=DIRECTION('center_axis',(0.,0.,1.));
#6211=DIRECTION('ref_axis',(0.,-1.,0.));
#6212=DIRECTION('center_axis',(1.,0.,0.));
#6213=DIRECTION('ref_axis',(0.,0.,-1.));
#6214=DIRECTION('center_axis',(0.,0.,-1.));
#6215=DIRECTION('ref_axis',(-0.707106781186547,-0.707106781186548,0.));
#6216=DIRECTION('center_axis',(0.,1.,0.));
#6217=DIRECTION('ref_axis',(1.,0.,0.));
#6218=DIRECTION('center_axis',(1.,0.,0.));
#6219=DIRECTION('ref_axis',(0.,0.,-1.));
#6220=DIRECTION('center_axis',(0.,0.,-1.));
#6221=DIRECTION('ref_axis',(0.,-1.,0.));
#6222=DIRECTION('center_axis',(1.,0.,0.));
#6223=DIRECTION('ref_axis',(0.,0.,1.));
#6224=DIRECTION('center_axis',(0.,-1.,0.));
#6225=DIRECTION('ref_axis',(-1.,0.,0.));
#6226=DIRECTION('center_axis',(-1.,0.,0.));
#6227=DIRECTION('ref_axis',(0.,0.707106781186548,0.707106781186547));
#6228=DIRECTION('center_axis',(0.,0.,-1.));
#6229=DIRECTION('ref_axis',(-1.,0.,0.));
#6230=DIRECTION('center_axis',(0.,1.,0.));
#6231=DIRECTION('ref_axis',(-1.,0.,0.));
#6232=DIRECTION('center_axis',(0.,0.,-1.));
#6233=DIRECTION('ref_axis',(0.,-1.,0.));
#6234=DIRECTION('center_axis',(-1.,0.,0.));
#6235=DIRECTION('ref_axis',(0.,0.,1.));
#6236=DIRECTION('center_axis',(0.,0.,1.));
#6237=DIRECTION('ref_axis',(0.707106781186549,-0.707106781186546,0.));
#6238=DIRECTION('center_axis',(0.,0.,-1.));
#6239=DIRECTION('ref_axis',(0.707106781186549,-0.707106781186546,0.));
#6240=DIRECTION('',(0.,0.,1.));
#6241=DIRECTION('',(0.,0.,-1.));
#6242=DIRECTION('center_axis',(-1.,0.,0.));
#6243=DIRECTION('ref_axis',(0.,0.,1.));
#6244=DIRECTION('center_axis',(-1.,0.,0.));
#6245=DIRECTION('ref_axis',(0.,0.,1.));
#6246=DIRECTION('center_axis',(0.,1.,0.));
#6247=DIRECTION('ref_axis',(1.,0.,0.));
#6248=DIRECTION('center_axis',(1.,0.,0.));
#6249=DIRECTION('ref_axis',(0.,-0.707106781186548,0.707106781186547));
#6250=DIRECTION('center_axis',(0.,0.,-1.));
#6251=DIRECTION('ref_axis',(0.,1.,0.));
#6252=DIRECTION('center_axis',(0.,-1.,0.));
#6253=DIRECTION('ref_axis',(0.,0.,-1.));
#6254=DIRECTION('center_axis',(0.,-1.,0.));
#6255=DIRECTION('ref_axis',(-1.,0.,0.));
#6256=DIRECTION('center_axis',(0.,0.,-1.));
#6257=DIRECTION('ref_axis',(0.,1.,0.));
#6258=DIRECTION('center_axis',(0.,1.,0.));
#6259=DIRECTION('ref_axis',(-0.707106781186548,0.,0.707106781186547));
#6260=DIRECTION('center_axis',(1.,0.,0.));
#6261=DIRECTION('ref_axis',(0.,0.,-1.));
#6262=DIRECTION('center_axis',(0.,0.,1.));
#6263=DIRECTION('ref_axis',(0.707106781186549,0.707106781186546,0.));
#6264=DIRECTION('',(0.,0.,-1.));
#6265=DIRECTION('',(0.,0.,1.));
#6266=DIRECTION('center_axis',(1.,0.,0.));
#6267=DIRECTION('ref_axis',(0.,0.,-1.));
#6268=DIRECTION('center_axis',(1.,0.,0.));
#6269=DIRECTION('ref_axis',(0.,0.707106781186546,-0.707106781186549));
#6270=DIRECTION('center_axis',(0.,0.,1.));
#6271=DIRECTION('ref_axis',(0.,-1.,0.));
#6272=DIRECTION('center_axis',(-1.,0.,0.));
#6273=DIRECTION('ref_axis',(0.,0.,-1.));
#6274=DIRECTION('center_axis',(0.,-1.,0.));
#6275=DIRECTION('ref_axis',(1.,0.,0.));
#6276=DIRECTION('center_axis',(0.,0.,1.));
#6277=DIRECTION('ref_axis',(1.,0.,0.));
#6278=DIRECTION('center_axis',(0.,0.,1.));
#6279=DIRECTION('ref_axis',(0.,1.,0.));
#6280=DIRECTION('center_axis',(-1.,0.,0.));
#6281=DIRECTION('ref_axis',(0.,0.,-1.));
#6282=DIRECTION('center_axis',(0.,0.,-1.));
#6283=DIRECTION('ref_axis',(0.707106781186549,0.707106781186546,0.));
#6284=DIRECTION('center_axis',(0.,-1.,0.));
#6285=DIRECTION('ref_axis',(-1.,0.,0.));
#6286=DIRECTION('center_axis',(-1.,0.,0.));
#6287=DIRECTION('ref_axis',(0.,-0.707106781186548,-0.707106781186548));
#6288=DIRECTION('',(1.,0.,0.));
#6289=DIRECTION('',(-1.,0.,0.));
#6290=DIRECTION('center_axis',(0.,1.,0.));
#6291=DIRECTION('ref_axis',(-0.707106781186549,0.,-0.707106781186546));
#6292=DIRECTION('',(0.,-1.,0.));
#6293=DIRECTION('',(0.,1.,0.));
#6294=DIRECTION('center_axis',(0.,0.,-1.));
#6295=DIRECTION('ref_axis',(-1.,0.,0.));
#6296=DIRECTION('center_axis',(0.,0.,-1.));
#6297=DIRECTION('ref_axis',(0.,-1.,0.));
#6298=DIRECTION('center_axis',(-1.,0.,0.));
#6299=DIRECTION('ref_axis',(0.,0.,1.));
#6300=DIRECTION('center_axis',(0.,0.,1.));
#6301=DIRECTION('ref_axis',(0.707106781186548,-0.707106781186547,0.));
#6302=DIRECTION('center_axis',(0.,1.,0.));
#6303=DIRECTION('ref_axis',(-1.,0.,0.));
#6304=DIRECTION('center_axis',(1.,0.,0.));
#6305=DIRECTION('ref_axis',(0.,0.707106781186549,0.707106781186546));
#6306=DIRECTION('',(-1.,0.,0.));
#6307=DIRECTION('',(1.,0.,0.));
#6308=DIRECTION('center_axis',(0.,-1.,0.));
#6309=DIRECTION('ref_axis',(0.,0.,-1.));
#6310=DIRECTION('center_axis',(0.,-1.,0.));
#6311=DIRECTION('ref_axis',(1.,0.,0.));
#6312=DIRECTION('center_axis',(0.,0.,1.));
#6313=DIRECTION('ref_axis',(0.,1.,0.));
#6314=DIRECTION('center_axis',(0.,1.,0.));
#6315=DIRECTION('ref_axis',(0.707106781186549,0.,-0.707106781186546));
#6316=DIRECTION('center_axis',(-1.,0.,0.));
#6317=DIRECTION('ref_axis',(0.,0.,1.));
#6318=DIRECTION('center_axis',(-1.,0.,0.));
#6319=DIRECTION('ref_axis',(0.,0.,1.));
#6320=DIRECTION('center_axis',(-1.,2.22044604925032E-15,0.));
#6321=DIRECTION('ref_axis',(0.,0.,-1.));
#6322=DIRECTION('center_axis',(0.,-1.,0.));
#6323=DIRECTION('ref_axis',(1.,0.,0.));
#6324=DIRECTION('center_axis',(1.,0.,0.));
#6325=DIRECTION('ref_axis',(0.,0.707106781186548,-0.707106781186548));
#6326=DIRECTION('center_axis',(0.,0.,1.));
#6327=DIRECTION('ref_axis',(0.,-1.,0.));
#6328=DIRECTION('center_axis',(0.,1.,0.));
#6329=DIRECTION('ref_axis',(0.707106781186551,0.,0.707106781186544));
#6330=DIRECTION('',(0.,-1.,0.));
#6331=DIRECTION('',(0.,1.,0.));
#6332=DIRECTION('center_axis',(1.,0.,0.));
#6333=DIRECTION('ref_axis',(0.,0.,-1.));
#6334=DIRECTION('center_axis',(1.,0.,0.));
#6335=DIRECTION('ref_axis',(0.,0.,1.));
#6336=DIRECTION('center_axis',(0.,-1.,0.));
#6337=DIRECTION('ref_axis',(-1.,0.,0.));
#6338=DIRECTION('center_axis',(-1.,0.,0.));
#6339=DIRECTION('ref_axis',(0.,0.707106781186546,0.707106781186549));
#6340=DIRECTION('center_axis',(0.,0.,-1.));
#6341=DIRECTION('ref_axis',(0.,-1.,0.));
#6342=DIRECTION('center_axis',(0.,1.,0.));
#6343=DIRECTION('ref_axis',(-0.707106781186549,0.,-0.707106781186546));
#6344=DIRECTION('',(0.,-1.,0.));
#6345=DIRECTION('',(0.,1.,0.));
#6346=DIRECTION('center_axis',(0.,0.,-1.));
#6347=DIRECTION('ref_axis',(-0.707106781186551,-0.707106781186544,0.));
#6348=DIRECTION('',(0.,0.,1.));
#6349=DIRECTION('',(0.,0.,-1.));
#6350=DIRECTION('center_axis',(0.,-1.,0.));
#6351=DIRECTION('ref_axis',(0.,0.,-1.));
#6352=DIRECTION('center_axis',(0.,-1.,0.));
#6353=DIRECTION('ref_axis',(0.707106781186548,0.,0.707106781186547));
#6354=DIRECTION('center_axis',(-1.,0.,0.));
#6355=DIRECTION('ref_axis',(0.,0.,-1.));
#6356=DIRECTION('center_axis',(0.,1.,0.));
#6357=DIRECTION('ref_axis',(1.,0.,0.));
#6358=DIRECTION('center_axis',(0.,0.,-1.));
#6359=DIRECTION('ref_axis',(0.,-1.,0.));
#6360=DIRECTION('center_axis',(0.,-1.,0.));
#6361=DIRECTION('ref_axis',(0.,0.,-1.));
#6362=DIRECTION('center_axis',(0.,-1.,0.));
#6363=DIRECTION('ref_axis',(-1.,0.,0.));
#6364=DIRECTION('center_axis',(0.,0.,-1.));
#6365=DIRECTION('ref_axis',(0.,1.,0.));
#6366=DIRECTION('center_axis',(0.,1.,0.));
#6367=DIRECTION('ref_axis',(-0.707106781186548,0.,0.707106781186547));
#6368=DIRECTION('center_axis',(1.,0.,0.));
#6369=DIRECTION('ref_axis',(0.,0.,-1.));
#6370=DIRECTION('center_axis',(0.,0.,-1.));
#6371=DIRECTION('ref_axis',(0.707106781186549,0.707106781186546,0.));
#6372=DIRECTION('',(0.,0.,1.));
#6373=DIRECTION('',(0.,0.,-1.));
#6374=DIRECTION('center_axis',(-1.,0.,0.));
#6375=DIRECTION('ref_axis',(0.,0.707106781186546,-0.707106781186549));
#6376=DIRECTION('',(1.,0.,0.));
#6377=DIRECTION('',(-1.,0.,0.));
#6378=DIRECTION('center_axis',(-1.,0.,0.));
#6379=DIRECTION('ref_axis',(0.,0.,1.));
#6380=DIRECTION('center_axis',(0.,0.,-1.));
#6381=DIRECTION('ref_axis',(0.,1.,0.));
#6382=DIRECTION('center_axis',(-1.,0.,0.));
#6383=DIRECTION('ref_axis',(0.,0.,1.));
#6384=DIRECTION('center_axis',(0.,1.,0.));
#6385=DIRECTION('ref_axis',(1.,0.,0.));
#6386=DIRECTION('center_axis',(1.,0.,0.));
#6387=DIRECTION('ref_axis',(0.,-0.707106781186548,0.707106781186547));
#6388=DIRECTION('center_axis',(-1.,0.,0.));
#6389=DIRECTION('ref_axis',(0.,-0.707106781186549,0.707106781186546));
#6390=DIRECTION('',(1.,0.,0.));
#6391=DIRECTION('',(-1.,0.,0.));
#6392=DIRECTION('center_axis',(0.,-1.,0.));
#6393=DIRECTION('ref_axis',(1.,0.,0.));
#6394=DIRECTION('center_axis',(-1.,0.,0.));
#6395=DIRECTION('ref_axis',(0.,0.707106781186554,0.707106781186541));
#6396=DIRECTION('center_axis',(0.,1.,0.));
#6397=DIRECTION('ref_axis',(0.707106781186549,0.,0.707106781186546));
#6398=DIRECTION('',(0.,-1.,0.));
#6399=DIRECTION('',(0.,1.,0.));
#6400=DIRECTION('center_axis',(0.,0.,1.));
#6401=DIRECTION('ref_axis',(-0.707106781186549,0.707106781186546,0.));
#6402=DIRECTION('',(0.,0.,-1.));
#6403=DIRECTION('',(0.,0.,1.));
#6404=DIRECTION('center_axis',(0.,0.,1.));
#6405=DIRECTION('ref_axis',(1.,0.,0.));
#6406=DIRECTION('center_axis',(0.,0.,1.));
#6407=DIRECTION('ref_axis',(0.,-1.,0.));
#6408=DIRECTION('center_axis',(1.,0.,0.));
#6409=DIRECTION('ref_axis',(0.,0.,-1.));
#6410=DIRECTION('center_axis',(0.,0.,-1.));
#6411=DIRECTION('ref_axis',(-0.707106781186548,-0.707106781186547,0.));
#6412=DIRECTION('center_axis',(0.,1.,0.));
#6413=DIRECTION('ref_axis',(1.,0.,0.));
#6414=DIRECTION('center_axis',(-1.,0.,0.));
#6415=DIRECTION('ref_axis',(0.,0.707106781186548,-0.707106781186547));
#6416=DIRECTION('',(1.,0.,0.));
#6417=DIRECTION('',(-1.,0.,0.));
#6418=DIRECTION('center_axis',(0.408248290463863,-0.816496580927726,0.408248290463863));
#6419=DIRECTION('ref_axis',(0.577350269189625,0.577350269189626,0.577350269189626));
#6420=DIRECTION('center_axis',(1.,0.,0.));
#6421=DIRECTION('ref_axis',(0.,0.,1.));
#6422=DIRECTION('center_axis',(0.,1.,0.));
#6423=DIRECTION('ref_axis',(1.,0.,0.));
#6424=DIRECTION('center_axis',(-1.38777878078145E-16,0.,1.));
#6425=DIRECTION('ref_axis',(0.,1.,0.));
#6426=DIRECTION('center_axis',(0.,1.,0.));
#6427=DIRECTION('ref_axis',(0.707106781186547,0.,0.707106781186548));
#6428=DIRECTION('center_axis',(0.,1.,0.));
#6429=DIRECTION('ref_axis',(0.707106781186547,0.,0.707106781186548));
#6430=DIRECTION('',(0.,1.,0.));
#6431=DIRECTION('',(0.,-1.,0.));
#6432=DIRECTION('center_axis',(0.,0.,-1.));
#6433=DIRECTION('ref_axis',(0.707106781186547,0.707106781186548,0.));
#6434=DIRECTION('',(0.,0.,1.));
#6435=DIRECTION('',(0.,0.,-1.));
#6436=DIRECTION('center_axis',(0.408248290463863,-0.816496580927726,-0.408248290463863));
#6437=DIRECTION('ref_axis',(0.577350269189626,0.577350269189626,-0.577350269189626));
#6438=DIRECTION('center_axis',(0.,1.,0.));
#6439=DIRECTION('ref_axis',(0.,0.,-1.));
#6440=DIRECTION('center_axis',(1.,0.,0.));
#6441=DIRECTION('ref_axis',(0.,1.,0.));
#6442=DIRECTION('center_axis',(0.,0.,-1.));
#6443=DIRECTION('ref_axis',(1.,0.,0.));
#6444=DIRECTION('center_axis',(1.,0.,0.));
#6445=DIRECTION('ref_axis',(0.,0.707106781186549,-0.707106781186546));
#6446=DIRECTION('',(-1.,0.,0.));
#6447=DIRECTION('',(1.,0.,0.));
#6448=DIRECTION('center_axis',(0.,0.,1.));
#6449=DIRECTION('ref_axis',(0.707106781186548,0.707106781186548,0.));
#6450=DIRECTION('',(0.,0.,-1.));
#6451=DIRECTION('',(0.,0.,1.));
#6452=DIRECTION('center_axis',(0.408248290463863,-0.816496580927726,0.408248290463863));
#6453=DIRECTION('ref_axis',(-0.577350269189626,-0.577350269189626,-0.577350269189626));
#6454=DIRECTION('center_axis',(0.,-1.,0.));
#6455=DIRECTION('ref_axis',(0.,0.,-1.));
#6456=DIRECTION('center_axis',(-1.,0.,0.));
#6457=DIRECTION('ref_axis',(0.,-1.,0.));
#6458=DIRECTION('center_axis',(0.,0.,-1.));
#6459=DIRECTION('ref_axis',(-1.,0.,0.));
#6460=DIRECTION('center_axis',(-0.816496580927726,-0.408248290463863,0.408248290463863));
#6461=DIRECTION('ref_axis',(0.577350269189626,-0.577350269189626,0.577350269189625));
#6462=DIRECTION('center_axis',(-1.11022302462516E-15,-1.,0.));
#6463=DIRECTION('ref_axis',(0.,0.,1.));
#6464=DIRECTION('center_axis',(1.,0.,0.));
#6465=DIRECTION('ref_axis',(0.,-1.,0.));
#6466=DIRECTION('center_axis',(0.,-1.11022302462516E-15,1.));
#6467=DIRECTION('ref_axis',(1.,0.,0.));
#6468=DIRECTION('center_axis',(1.,0.,0.));
#6469=DIRECTION('ref_axis',(0.,-0.707106781186547,0.707106781186548));
#6470=DIRECTION('',(-1.,0.,0.));
#6471=DIRECTION('',(1.,0.,0.));
#6472=DIRECTION('center_axis',(0.,0.,1.));
#6473=DIRECTION('ref_axis',(1.,0.,0.));
#6474=DIRECTION('center_axis',(0.,0.,1.));
#6475=DIRECTION('ref_axis',(-1.,0.,0.));
#6476=DIRECTION('center_axis',(0.,-1.,0.));
#6477=DIRECTION('ref_axis',(0.,0.,-1.));
#6478=DIRECTION('center_axis',(0.,0.,-1.));
#6479=DIRECTION('ref_axis',(-0.707106781186548,0.707106781186547,0.));
#6480=DIRECTION('center_axis',(1.,0.,0.));
#6481=DIRECTION('ref_axis',(0.,-1.,0.));
#6482=DIRECTION('center_axis',(0.,1.,0.));
#6483=DIRECTION('ref_axis',(0.707106781186548,0.,-0.707106781186547));
#6484=DIRECTION('center_axis',(0.,1.,0.));
#6485=DIRECTION('ref_axis',(0.707106781186548,0.,-0.707106781186547));
#6486=DIRECTION('',(0.,1.,0.));
#6487=DIRECTION('',(0.,-1.,0.));
#6488=DIRECTION('center_axis',(0.,0.,-1.));
#6489=DIRECTION('ref_axis',(-1.,0.,0.));
#6490=DIRECTION('center_axis',(1.,0.,0.));
#6491=DIRECTION('ref_axis',(0.,1.,0.));
#6492=DIRECTION('center_axis',(0.,0.,-1.));
#6493=DIRECTION('ref_axis',(-1.,0.,0.));
#6494=DIRECTION('center_axis',(0.,1.,0.));
#6495=DIRECTION('ref_axis',(0.,0.,1.));
#6496=DIRECTION('center_axis',(0.,0.,1.));
#6497=DIRECTION('ref_axis',(-0.707106781186547,-0.707106781186548,0.));
#6498=DIRECTION('center_axis',(0.,0.,-1.));
#6499=DIRECTION('ref_axis',(-0.707106781186546,-0.707106781186549,0.));
#6500=DIRECTION('',(0.,0.,1.));
#6501=DIRECTION('',(0.,0.,-1.));
#6502=DIRECTION('center_axis',(0.,-1.,0.));
#6503=DIRECTION('ref_axis',(0.707106781186547,0.,0.707106781186548));
#6504=DIRECTION('',(0.,1.,0.));
#6505=DIRECTION('',(0.,-1.,0.));
#6506=DIRECTION('center_axis',(-1.,0.,0.));
#6507=DIRECTION('ref_axis',(0.,0.,1.));
#6508=DIRECTION('center_axis',(0.,-1.,0.));
#6509=DIRECTION('ref_axis',(0.,0.,-1.));
#6510=DIRECTION('center_axis',(-1.,0.,0.));
#6511=DIRECTION('ref_axis',(0.,1.,0.));
#6512=DIRECTION('center_axis',(0.,0.,-1.));
#6513=DIRECTION('ref_axis',(1.,0.,0.));
#6514=DIRECTION('center_axis',(1.,0.,0.));
#6515=DIRECTION('ref_axis',(0.,0.707106781186548,0.707106781186547));
#6516=DIRECTION('center_axis',(1.,0.,0.));
#6517=DIRECTION('ref_axis',(0.,0.707106781186546,0.707106781186549));
#6518=DIRECTION('',(-1.,0.,0.));
#6519=DIRECTION('',(1.,0.,0.));
#6520=DIRECTION('center_axis',(0.,1.,0.));
#6521=DIRECTION('ref_axis',(0.,0.,1.));
#6522=DIRECTION('center_axis',(0.,1.,0.));
#6523=DIRECTION('ref_axis',(-0.707106781186548,0.,-0.707106781186547));
#6524=DIRECTION('center_axis',(0.,0.,1.));
#6525=DIRECTION('ref_axis',(1.,0.,0.));
#6526=DIRECTION('center_axis',(0.,-1.,0.));
#6527=DIRECTION('ref_axis',(0.,0.,-1.));
#6528=DIRECTION('center_axis',(1.,0.,0.));
#6529=DIRECTION('ref_axis',(0.,1.,0.));
#6530=DIRECTION('center_axis',(0.,0.,-1.));
#6531=DIRECTION('ref_axis',(0.707106781186546,0.707106781186549,0.));
#6532=DIRECTION('',(0.,0.,1.));
#6533=DIRECTION('',(0.,0.,-1.));
#6534=DIRECTION('center_axis',(-1.,0.,0.));
#6535=DIRECTION('ref_axis',(0.,0.,1.));
#6536=DIRECTION('center_axis',(-1.,0.,-2.22044604925031E-15));
#6537=DIRECTION('ref_axis',(0.,1.,0.));
#6538=DIRECTION('center_axis',(0.,0.,-1.));
#6539=DIRECTION('ref_axis',(1.,0.,0.));
#6540=DIRECTION('center_axis',(1.,0.,0.));
#6541=DIRECTION('ref_axis',(0.,0.707106781186546,0.707106781186549));
#6542=DIRECTION('center_axis',(0.,-1.,0.));
#6543=DIRECTION('ref_axis',(0.,0.,-1.));
#6544=DIRECTION('center_axis',(0.,0.,-1.));
#6545=DIRECTION('ref_axis',(0.707106781186549,-0.707106781186546,0.));
#6546=DIRECTION('',(0.,0.,1.));
#6547=DIRECTION('',(0.,0.,-1.));
#6548=DIRECTION('center_axis',(0.,1.,0.));
#6549=DIRECTION('ref_axis',(0.707106781186549,0.,-0.707106781186546));
#6550=DIRECTION('',(0.,-1.,0.));
#6551=DIRECTION('',(0.,1.,0.));
#6552=DIRECTION('center_axis',(0.,1.,0.));
#6553=DIRECTION('ref_axis',(0.,0.,1.));
#6554=DIRECTION('center_axis',(0.,1.,0.));
#6555=DIRECTION('ref_axis',(0.707106781186548,0.,0.707106781186547));
#6556=DIRECTION('center_axis',(0.,0.,-1.));
#6557=DIRECTION('ref_axis',(-1.,0.,0.));
#6558=DIRECTION('center_axis',(0.,-1.,0.));
#6559=DIRECTION('ref_axis',(0.,0.,1.));
#6560=DIRECTION('center_axis',(-1.,0.,0.));
#6561=DIRECTION('ref_axis',(0.,1.,0.));
#6562=DIRECTION('center_axis',(0.,0.,-1.));
#6563=DIRECTION('ref_axis',(-0.707106781186549,0.707106781186546,0.));
#6564=DIRECTION('',(0.,0.,1.));
#6565=DIRECTION('',(0.,0.,-1.));
#6566=DIRECTION('center_axis',(-1.,0.,0.));
#6567=DIRECTION('ref_axis',(0.,0.,1.));
#6568=DIRECTION('center_axis',(-1.,0.,0.));
#6569=DIRECTION('ref_axis',(0.,-0.707106781186548,0.707106781186547));
#6570=DIRECTION('center_axis',(0.,1.,0.));
#6571=DIRECTION('ref_axis',(0.,0.,-1.));
#6572=DIRECTION('center_axis',(1.,0.,0.));
#6573=DIRECTION('ref_axis',(0.,-1.,0.));
#6574=DIRECTION('center_axis',(0.,0.,-1.));
#6575=DIRECTION('ref_axis',(-1.,0.,0.));
#6576=DIRECTION('center_axis',(0.,1.,0.));
#6577=DIRECTION('ref_axis',(0.,0.,1.));
#6578=DIRECTION('center_axis',(0.,1.,0.));
#6579=DIRECTION('ref_axis',(0.,0.,1.));
#6580=DIRECTION('center_axis',(1.,0.,0.));
#6581=DIRECTION('ref_axis',(0.,-1.,0.));
#6582=DIRECTION('center_axis',(0.,-1.,0.));
#6583=DIRECTION('ref_axis',(-0.707106781186547,0.,0.707106781186548));
#6584=DIRECTION('center_axis',(0.,0.,-1.));
#6585=DIRECTION('ref_axis',(1.,0.,0.));
#6586=DIRECTION('center_axis',(0.,-1.,0.));
#6587=DIRECTION('ref_axis',(0.,0.,-1.));
#6588=DIRECTION('center_axis',(0.,0.,-1.));
#6589=DIRECTION('ref_axis',(0.707106781186543,-0.707106781186552,0.));
#6590=DIRECTION('center_axis',(0.,-1.,0.));
#6591=DIRECTION('ref_axis',(0.,0.,1.));
#6592=DIRECTION('center_axis',(0.,0.,1.));
#6593=DIRECTION('ref_axis',(-0.707106781186543,-0.707106781186552,0.));
#6594=DIRECTION('center_axis',(0.,0.,-1.));
#6595=DIRECTION('ref_axis',(0.707106781186549,-0.707106781186546,0.));
#6596=DIRECTION('',(0.,0.,1.));
#6597=DIRECTION('',(0.,0.,-1.));
#6598=DIRECTION('center_axis',(0.,-1.,0.));
#6599=DIRECTION('ref_axis',(-0.707106781186548,0.,0.707106781186548));
#6600=DIRECTION('',(0.,1.,0.));
#6601=DIRECTION('',(0.,-1.,0.));
#6602=DIRECTION('center_axis',(-1.,0.,0.));
#6603=DIRECTION('ref_axis',(0.,-0.707106781186546,-0.707106781186549));
#6604=DIRECTION('',(1.,0.,0.));
#6605=DIRECTION('',(-1.,0.,0.));
#6606=DIRECTION('center_axis',(0.,0.,-1.));
#6607=DIRECTION('ref_axis',(-1.,0.,0.));
#6608=DIRECTION('center_axis',(0.,-5.55111512312578E-16,-1.));
#6609=DIRECTION('ref_axis',(-1.,0.,0.));
#6610=DIRECTION('center_axis',(0.,1.,0.));
#6611=DIRECTION('ref_axis',(0.,0.,1.));
#6612=DIRECTION('center_axis',(0.,0.,1.));
#6613=DIRECTION('ref_axis',(-0.707106781186548,-0.707106781186547,0.));
#6614=DIRECTION('center_axis',(1.,0.,0.));
#6615=DIRECTION('ref_axis',(0.,1.,0.));
#6616=DIRECTION('center_axis',(-0.408248290463863,-0.816496580927726,0.408248290463863));
#6617=DIRECTION('ref_axis',(0.577350269189626,-0.577350269189626,-0.577350269189626));
#6618=DIRECTION('center_axis',(0.,0.,-1.));
#6619=DIRECTION('ref_axis',(0.,-1.,0.));
#6620=DIRECTION('center_axis',(1.,0.,0.));
#6621=DIRECTION('ref_axis',(0.,0.,-1.));
#6622=DIRECTION('center_axis',(0.,-1.,0.));
#6623=DIRECTION('ref_axis',(1.,0.,0.));
#6624=DIRECTION('center_axis',(-1.,0.,0.));
#6625=DIRECTION('ref_axis',(0.,-0.707106781186546,-0.707106781186549));
#6626=DIRECTION('',(1.,0.,0.));
#6627=DIRECTION('',(-1.,0.,0.));
#6628=DIRECTION('center_axis',(0.,1.,0.));
#6629=DIRECTION('ref_axis',(0.707106781186549,0.,-0.707106781186546));
#6630=DIRECTION('',(0.,-1.,0.));
#6631=DIRECTION('',(0.,1.,0.));
#6632=DIRECTION('center_axis',(-0.816496580927726,-0.408248290463863,-0.408248290463863));
#6633=DIRECTION('ref_axis',(0.577350269189626,-0.577350269189626,-0.577350269189625));
#6634=DIRECTION('center_axis',(5.55111512312578E-16,0.,-1.));
#6635=DIRECTION('ref_axis',(0.,-1.,0.));
#6636=DIRECTION('center_axis',(1.,0.,0.));
#6637=DIRECTION('ref_axis',(0.,0.,-1.));
#6638=DIRECTION('center_axis',(0.,-1.,-1.11022302462516E-15));
#6639=DIRECTION('ref_axis',(1.,0.,0.));
#6640=DIRECTION('center_axis',(1.,0.,0.));
#6641=DIRECTION('ref_axis',(0.,-0.707106781186547,-0.707106781186548));
#6642=DIRECTION('',(-1.,0.,0.));
#6643=DIRECTION('',(1.,0.,0.));
#6644=DIRECTION('center_axis',(0.,-1.,0.));
#6645=DIRECTION('ref_axis',(0.,0.,-1.));
#6646=DIRECTION('center_axis',(0.,-1.,0.));
#6647=DIRECTION('ref_axis',(1.,0.,0.));
#6648=DIRECTION('center_axis',(0.,0.,1.));
#6649=DIRECTION('ref_axis',(0.,1.,0.));
#6650=DIRECTION('center_axis',(0.,1.,0.));
#6651=DIRECTION('ref_axis',(0.707106781186548,0.,-0.707106781186547));
#6652=DIRECTION('center_axis',(-1.,0.,0.));
#6653=DIRECTION('ref_axis',(0.,0.,1.));
#6654=DIRECTION('center_axis',(0.,0.,1.));
#6655=DIRECTION('ref_axis',(-0.707106781186546,0.707106781186549,0.));
#6656=DIRECTION('',(0.,0.,-1.));
#6657=DIRECTION('',(0.,0.,1.));
#6658=DIRECTION('center_axis',(1.,0.,0.));
#6659=DIRECTION('ref_axis',(0.,0.707106781186549,0.707106781186546));
#6660=DIRECTION('',(-1.,0.,0.));
#6661=DIRECTION('',(1.,0.,0.));
#6662=DIRECTION('center_axis',(0.,1.,0.));
#6663=DIRECTION('ref_axis',(0.,0.,1.));
#6664=DIRECTION('center_axis',(0.,1.,0.));
#6665=DIRECTION('ref_axis',(-1.,0.,0.));
#6666=DIRECTION('center_axis',(0.,0.,1.));
#6667=DIRECTION('ref_axis',(0.,-1.,0.));
#6668=DIRECTION('center_axis',(0.,-1.,0.));
#6669=DIRECTION('ref_axis',(-0.707106781186548,0.,-0.707106781186547));
#6670=DIRECTION('center_axis',(1.,0.,0.));
#6671=DIRECTION('ref_axis',(0.,0.,1.));
#6672=DIRECTION('center_axis',(0.,0.,1.));
#6673=DIRECTION('ref_axis',(0.707106781186549,-0.707106781186546,0.));
#6674=DIRECTION('',(0.,0.,-1.));
#6675=DIRECTION('',(0.,0.,1.));
#6676=DIRECTION('center_axis',(0.,-1.,0.));
#6677=DIRECTION('ref_axis',(1.,0.,0.));
#6678=DIRECTION('center_axis',(1.,0.,0.));
#6679=DIRECTION('ref_axis',(0.,-0.707106781186551,0.707106781186544));
#6680=DIRECTION('center_axis',(0.,1.,0.));
#6681=DIRECTION('ref_axis',(-0.707106781186548,0.,-0.707106781186547));
#6682=DIRECTION('',(0.,-1.,0.));
#6683=DIRECTION('',(0.,1.,0.));
#6684=DIRECTION('center_axis',(0.,0.,-1.));
#6685=DIRECTION('ref_axis',(-1.,0.,0.));
#6686=DIRECTION('center_axis',(5.55111512312578E-16,0.,-1.));
#6687=DIRECTION('ref_axis',(0.,1.,0.));
#6688=DIRECTION('center_axis',(1.,0.,0.));
#6689=DIRECTION('ref_axis',(0.,0.,1.));
#6690=DIRECTION('center_axis',(0.,0.,1.));
#6691=DIRECTION('ref_axis',(-0.707106781186549,0.707106781186546,0.));
#6692=DIRECTION('center_axis',(0.,-1.,0.));
#6693=DIRECTION('ref_axis',(1.,0.,0.));
#6694=DIRECTION('center_axis',(-1.,0.,0.));
#6695=DIRECTION('ref_axis',(0.,0.,1.));
#6696=DIRECTION('center_axis',(-1.,0.,0.));
#6697=DIRECTION('ref_axis',(0.,1.,0.));
#6698=DIRECTION('center_axis',(0.,0.,-1.));
#6699=DIRECTION('ref_axis',(1.,0.,0.));
#6700=DIRECTION('center_axis',(1.,0.,0.));
#6701=DIRECTION('ref_axis',(0.,0.707106781186548,0.707106781186547));
#6702=DIRECTION('center_axis',(0.,-1.,0.));
#6703=DIRECTION('ref_axis',(0.,0.,-1.));
#6704=DIRECTION('center_axis',(0.,0.,1.));
#6705=DIRECTION('ref_axis',(0.707106781186551,-0.707106781186544,0.));
#6706=DIRECTION('',(0.,0.,-1.));
#6707=DIRECTION('',(0.,0.,1.));
#6708=DIRECTION('center_axis',(0.,1.,0.));
#6709=DIRECTION('ref_axis',(0.707106781186549,0.,-0.707106781186546));
#6710=DIRECTION('',(0.,-1.,0.));
#6711=DIRECTION('',(0.,1.,0.));
#6712=DIRECTION('center_axis',(0.,-1.,0.));
#6713=DIRECTION('ref_axis',(0.,0.,-1.));
#6714=DIRECTION('center_axis',(0.,-1.,0.));
#6715=DIRECTION('ref_axis',(0.707106781186548,0.,-0.707106781186547));
#6716=DIRECTION('center_axis',(0.,0.,1.));
#6717=DIRECTION('ref_axis',(-1.,0.,0.));
#6718=DIRECTION('center_axis',(0.,1.,0.));
#6719=DIRECTION('ref_axis',(0.,0.,-1.));
#6720=DIRECTION('center_axis',(-1.,0.,0.));
#6721=DIRECTION('ref_axis',(0.,-1.,0.));
#6722=DIRECTION('center_axis',(0.,0.,-1.));
#6723=DIRECTION('ref_axis',(-1.,0.,0.));
#6724=DIRECTION('center_axis',(0.,0.,-1.));
#6725=DIRECTION('ref_axis',(1.,0.,0.));
#6726=DIRECTION('center_axis',(0.,-1.,0.));
#6727=DIRECTION('ref_axis',(0.,0.,1.));
#6728=DIRECTION('center_axis',(0.,0.,1.));
#6729=DIRECTION('ref_axis',(0.707106781186549,0.707106781186546,0.));
#6730=DIRECTION('center_axis',(-1.,0.,0.));
#6731=DIRECTION('ref_axis',(0.,-1.,0.));
#6732=DIRECTION('center_axis',(1.,0.,0.));
#6733=DIRECTION('ref_axis',(0.,0.,-1.));
#6734=DIRECTION('center_axis',(1.,0.,0.));
#6735=DIRECTION('ref_axis',(0.,0.,1.));
#6736=DIRECTION('center_axis',(0.,-1.,0.));
#6737=DIRECTION('ref_axis',(-1.,0.,0.));
#6738=DIRECTION('center_axis',(-1.,0.,0.));
#6739=DIRECTION('ref_axis',(0.,0.707106781186548,0.707106781186547));
#6740=DIRECTION('center_axis',(0.,0.,-1.));
#6741=DIRECTION('ref_axis',(0.,-1.,0.));
#6742=DIRECTION('center_axis',(0.,0.,-1.));
#6743=DIRECTION('ref_axis',(-1.,0.,0.));
#6744=DIRECTION('center_axis',(0.,0.,-1.));
#6745=DIRECTION('ref_axis',(0.,-1.,0.));
#6746=DIRECTION('center_axis',(-1.,0.,0.));
#6747=DIRECTION('ref_axis',(0.,0.,1.));
#6748=DIRECTION('center_axis',(0.,0.,1.));
#6749=DIRECTION('ref_axis',(0.707106781186548,-0.707106781186547,0.));
#6750=DIRECTION('center_axis',(0.,1.,0.));
#6751=DIRECTION('ref_axis',(-1.,0.,0.));
#6752=DIRECTION('center_axis',(0.,0.,1.));
#6753=DIRECTION('ref_axis',(1.,0.,0.));
#6754=DIRECTION('center_axis',(0.,1.38777878078145E-16,1.));
#6755=DIRECTION('ref_axis',(1.,0.,0.));
#6756=DIRECTION('center_axis',(0.,1.,0.));
#6757=DIRECTION('ref_axis',(0.,0.,-1.));
#6758=DIRECTION('center_axis',(0.,0.,-1.));
#6759=DIRECTION('ref_axis',(0.707106781186548,-0.707106781186547,0.));
#6760=DIRECTION('center_axis',(-1.,0.,0.));
#6761=DIRECTION('ref_axis',(0.,1.,0.));
#6762=DIRECTION('center_axis',(0.,1.,0.));
#6763=DIRECTION('ref_axis',(-0.707106781186548,0.,-0.707106781186547));
#6764=DIRECTION('',(0.,-1.,0.));
#6765=DIRECTION('',(0.,1.,0.));
#6766=DIRECTION('center_axis',(-0.408248290463863,-0.816496580927726,0.408248290463864));
#6767=DIRECTION('ref_axis',(-0.577350269189625,0.577350269189626,0.577350269189626));
#6768=DIRECTION('center_axis',(0.,0.,1.));
#6769=DIRECTION('ref_axis',(-1.,0.,0.));
#6770=DIRECTION('center_axis',(0.,1.,0.));
#6771=DIRECTION('ref_axis',(0.,0.,1.));
#6772=DIRECTION('center_axis',(-1.,0.,-1.11022302462516E-15));
#6773=DIRECTION('ref_axis',(0.,1.,0.));
#6774=DIRECTION('center_axis',(0.,1.,0.));
#6775=DIRECTION('ref_axis',(-0.707106781186547,0.,0.707106781186548));
#6776=DIRECTION('center_axis',(0.,1.,0.));
#6777=DIRECTION('ref_axis',(-0.707106781186547,0.,0.707106781186548));
#6778=DIRECTION('',(0.,1.,0.));
#6779=DIRECTION('',(0.,-1.,0.));
#6780=DIRECTION('center_axis',(1.,0.,0.));
#6781=DIRECTION('ref_axis',(0.,0.707106781186548,0.707106781186547));
#6782=DIRECTION('',(-1.,0.,0.));
#6783=DIRECTION('',(1.,0.,0.));
#6784=DIRECTION('center_axis',(-0.408248290463863,-0.816496580927726,-0.408248290463863));
#6785=DIRECTION('ref_axis',(-0.577350269189626,0.577350269189626,-0.577350269189626));
#6786=DIRECTION('center_axis',(-1.,0.,0.));
#6787=DIRECTION('ref_axis',(0.,0.,-1.));
#6788=DIRECTION('center_axis',(0.,1.,0.));
#6789=DIRECTION('ref_axis',(-1.,0.,0.));
#6790=DIRECTION('center_axis',(1.38777878078145E-16,0.,-1.));
#6791=DIRECTION('ref_axis',(0.,1.,0.));
#6792=DIRECTION('center_axis',(0.,1.,0.));
#6793=DIRECTION('ref_axis',(-0.707106781186547,0.,-0.707106781186548));
#6794=DIRECTION('center_axis',(0.,1.,0.));
#6795=DIRECTION('ref_axis',(-0.707106781186547,0.,-0.707106781186548));
#6796=DIRECTION('',(0.,1.,0.));
#6797=DIRECTION('',(0.,-1.,0.));
#6798=DIRECTION('center_axis',(0.,0.,1.));
#6799=DIRECTION('ref_axis',(-0.707106781186547,0.707106781186548,0.));
#6800=DIRECTION('',(0.,0.,-1.));
#6801=DIRECTION('',(0.,0.,1.));
#6802=DIRECTION('center_axis',(1.,0.,0.));
#6803=DIRECTION('ref_axis',(0.,0.707106781186548,-0.707106781186547));
#6804=DIRECTION('',(-1.,0.,0.));
#6805=DIRECTION('',(1.,0.,0.));
#6806=DIRECTION('center_axis',(0.,0.,-1.));
#6807=DIRECTION('ref_axis',(0.707106781186548,-0.707106781186548,0.));
#6808=DIRECTION('',(0.,0.,1.));
#6809=DIRECTION('',(0.,0.,-1.));
#6810=DIRECTION('center_axis',(0.,1.,0.));
#6811=DIRECTION('ref_axis',(-0.707106781186548,0.,0.707106781186547));
#6812=DIRECTION('',(0.,-1.,0.));
#6813=DIRECTION('',(0.,1.,0.));
#6814=DIRECTION('center_axis',(0.,0.,-1.));
#6815=DIRECTION('ref_axis',(-0.707106781186549,-0.707106781186546,0.));
#6816=DIRECTION('',(0.,0.,1.));
#6817=DIRECTION('',(0.,0.,-1.));
#6818=DIRECTION('center_axis',(1.,0.,0.));
#6819=DIRECTION('ref_axis',(0.,0.707106781186546,0.707106781186549));
#6820=DIRECTION('',(-1.,0.,0.));
#6821=DIRECTION('',(1.,0.,0.));
#6822=DIRECTION('center_axis',(-1.,0.,0.));
#6823=DIRECTION('ref_axis',(0.,-0.707106781186546,0.707106781186549));
#6824=DIRECTION('',(1.,0.,0.));
#6825=DIRECTION('',(-1.,0.,0.));
#6826=DIRECTION('center_axis',(0.,0.,-1.));
#6827=DIRECTION('ref_axis',(0.707106781186549,0.707106781186546,0.));
#6828=DIRECTION('',(0.,0.,1.));
#6829=DIRECTION('',(0.,0.,-1.));
#6830=DIRECTION('center_axis',(0.,-1.,0.));
#6831=DIRECTION('ref_axis',(0.707106781186548,0.,-0.707106781186547));
#6832=DIRECTION('',(0.,1.,0.));
#6833=DIRECTION('',(0.,-1.,0.));
#6834=DIRECTION('center_axis',(-1.,0.,0.));
#6835=DIRECTION('ref_axis',(0.,-0.707106781186546,0.707106781186549));
#6836=DIRECTION('',(1.,0.,0.));
#6837=DIRECTION('',(-1.,0.,0.));
#6838=DIRECTION('center_axis',(0.,1.,0.));
#6839=DIRECTION('ref_axis',(0.707106781186548,0.,0.707106781186547));
#6840=DIRECTION('',(0.,-1.,0.));
#6841=DIRECTION('',(0.,1.,0.));
#6842=DIRECTION('center_axis',(0.,0.,1.));
#6843=DIRECTION('ref_axis',(-0.707106781186549,0.707106781186546,0.));
#6844=DIRECTION('',(0.,0.,-1.));
#6845=DIRECTION('',(0.,0.,1.));
#6846=DIRECTION('center_axis',(-1.,0.,0.));
#6847=DIRECTION('ref_axis',(0.,-0.707106781186546,-0.707106781186549));
#6848=DIRECTION('',(1.,0.,0.));
#6849=DIRECTION('',(-1.,0.,0.));
#6850=DIRECTION('center_axis',(0.,1.,0.));
#6851=DIRECTION('ref_axis',(0.707106781186548,0.,0.707106781186548));
#6852=DIRECTION('',(0.,-1.,0.));
#6853=DIRECTION('',(0.,1.,0.));
#6854=DIRECTION('center_axis',(0.,0.,-1.));
#6855=DIRECTION('ref_axis',(-0.707106781186549,-0.707106781186546,0.));
#6856=DIRECTION('',(0.,0.,1.));
#6857=DIRECTION('',(0.,0.,-1.));
#6858=DIRECTION('center_axis',(1.,0.,0.));
#6859=DIRECTION('ref_axis',(0.,0.707106781186546,0.707106781186549));
#6860=DIRECTION('',(-1.,0.,0.));
#6861=DIRECTION('',(1.,0.,0.));
#6862=DIRECTION('center_axis',(0.,1.,0.));
#6863=DIRECTION('ref_axis',(-0.707106781186548,0.,-0.707106781186547));
#6864=DIRECTION('',(0.,-1.,0.));
#6865=DIRECTION('',(0.,1.,0.));
#6866=DIRECTION('center_axis',(0.,0.,-1.));
#6867=DIRECTION('ref_axis',(0.70710678118655,-0.707106781186545,0.));
#6868=DIRECTION('',(0.,0.,1.));
#6869=DIRECTION('',(0.,0.,-1.));
#6870=DIRECTION('center_axis',(-1.,0.,0.));
#6871=DIRECTION('ref_axis',(0.,0.707106781186548,0.707106781186547));
#6872=DIRECTION('',(1.,0.,0.));
#6873=DIRECTION('',(-1.,0.,0.));
#6874=DIRECTION('center_axis',(0.,0.,1.));
#6875=DIRECTION('ref_axis',(-0.707106781186548,-0.707106781186548,0.));
#6876=DIRECTION('',(0.,0.,-1.));
#6877=DIRECTION('',(0.,0.,1.));
#6878=DIRECTION('center_axis',(0.,1.,0.));
#6879=DIRECTION('ref_axis',(0.707106781186548,0.,-0.707106781186547));
#6880=DIRECTION('',(0.,-1.,0.));
#6881=DIRECTION('',(0.,1.,0.));
#6882=DIRECTION('center_axis',(1.,0.,0.));
#6883=DIRECTION('ref_axis',(0.,0.707106781186546,0.707106781186549));
#6884=DIRECTION('',(-1.,0.,0.));
#6885=DIRECTION('',(1.,0.,0.));
#6886=DIRECTION('center_axis',(0.,-1.,0.));
#6887=DIRECTION('ref_axis',(0.707106781186549,0.,-0.707106781186546));
#6888=DIRECTION('',(0.,1.,0.));
#6889=DIRECTION('',(0.,-1.,0.));
#6890=DIRECTION('center_axis',(-1.,0.,0.));
#6891=DIRECTION('ref_axis',(0.,-0.707106781186548,0.707106781186548));
#6892=DIRECTION('',(1.,0.,0.));
#6893=DIRECTION('',(-1.,0.,0.));
#6894=DIRECTION('center_axis',(0.,0.,-1.));
#6895=DIRECTION('ref_axis',(0.707106781186549,0.707106781186546,0.));
#6896=DIRECTION('',(0.,0.,1.));
#6897=DIRECTION('',(0.,0.,-1.));
#6898=DIRECTION('center_axis',(0.,1.,0.));
#6899=DIRECTION('ref_axis',(-0.707106781186549,0.,0.707106781186546));
#6900=DIRECTION('',(0.,-1.,0.));
#6901=DIRECTION('',(0.,1.,0.));
#6902=DIRECTION('center_axis',(-1.,0.,0.));
#6903=DIRECTION('ref_axis',(0.,0.707106781186548,-0.707106781186548));
#6904=DIRECTION('',(1.,0.,0.));
#6905=DIRECTION('',(-1.,0.,0.));
#6906=DIRECTION('center_axis',(0.,0.,-1.));
#6907=DIRECTION('ref_axis',(0.707106781186549,-0.707106781186546,0.));
#6908=DIRECTION('',(0.,0.,1.));
#6909=DIRECTION('',(0.,0.,-1.));
#6910=DIRECTION('center_axis',(0.,1.,0.));
#6911=DIRECTION('ref_axis',(-0.707106781186548,0.,0.707106781186548));
#6912=DIRECTION('',(0.,-1.,0.));
#6913=DIRECTION('',(0.,1.,0.));
#6914=DIRECTION('center_axis',(-1.,0.,0.));
#6915=DIRECTION('ref_axis',(0.,-0.707106781186549,0.707106781186546));
#6916=DIRECTION('',(1.,0.,0.));
#6917=DIRECTION('',(-1.,0.,0.));
#6918=DIRECTION('center_axis',(-1.,0.,0.));
#6919=DIRECTION('ref_axis',(0.,0.707106781186546,-0.707106781186549));
#6920=DIRECTION('',(1.,0.,0.));
#6921=DIRECTION('',(-1.,0.,0.));
#6922=DIRECTION('center_axis',(1.,0.,0.));
#6923=DIRECTION('ref_axis',(0.,0.707106781186549,0.707106781186546));
#6924=DIRECTION('',(-1.,0.,0.));
#6925=DIRECTION('',(1.,0.,0.));
#6926=DIRECTION('center_axis',(0.,1.,0.));
#6927=DIRECTION('ref_axis',(0.707106781186548,0.,-0.707106781186547));
#6928=DIRECTION('',(0.,-1.,0.));
#6929=DIRECTION('',(0.,1.,0.));
#6930=DIRECTION('center_axis',(0.,0.,1.));
#6931=DIRECTION('ref_axis',(-0.707106781186548,0.707106781186547,0.));
#6932=DIRECTION('',(0.,0.,-1.));
#6933=DIRECTION('',(0.,0.,1.));
#6934=DIRECTION('center_axis',(0.,1.,0.));
#6935=DIRECTION('ref_axis',(0.70710678118655,0.,0.707106781186545));
#6936=DIRECTION('',(0.,-1.,0.));
#6937=DIRECTION('',(0.,1.,0.));
#6938=DIRECTION('center_axis',(0.,0.,1.));
#6939=DIRECTION('ref_axis',(-0.707106781186551,-0.707106781186544,0.));
#6940=DIRECTION('',(0.,0.,-1.));
#6941=DIRECTION('',(0.,0.,1.));
#6942=DIRECTION('center_axis',(0.,-1.,0.));
#6943=DIRECTION('ref_axis',(-0.707106781186549,0.,-0.707106781186546));
#6944=DIRECTION('',(0.,1.,0.));
#6945=DIRECTION('',(0.,-1.,0.));
#6946=DIRECTION('center_axis',(0.,1.,0.));
#6947=DIRECTION('ref_axis',(-0.707106781186549,0.,-0.707106781186546));
#6948=DIRECTION('',(0.,-1.,0.));
#6949=DIRECTION('',(0.,1.,0.));
#6950=DIRECTION('center_axis',(-1.,0.,0.));
#6951=DIRECTION('ref_axis',(0.,0.707106781186548,-0.707106781186548));
#6952=DIRECTION('',(1.,0.,0.));
#6953=DIRECTION('',(-1.,0.,0.));
#6954=DIRECTION('center_axis',(0.,-1.,0.));
#6955=DIRECTION('ref_axis',(0.707106781186548,0.,0.707106781186548));
#6956=DIRECTION('',(0.,1.,0.));
#6957=DIRECTION('',(0.,-1.,0.));
#6958=DIRECTION('center_axis',(0.,0.,-1.));
#6959=DIRECTION('ref_axis',(-0.707106781186549,-0.707106781186546,0.));
#6960=DIRECTION('',(0.,0.,1.));
#6961=DIRECTION('',(0.,0.,-1.));
#6962=DIRECTION('center_axis',(-1.,0.,0.));
#6963=DIRECTION('ref_axis',(0.,0.707106781186548,0.707106781186548));
#6964=DIRECTION('',(1.,0.,0.));
#6965=DIRECTION('',(-1.,0.,0.));
#6966=DIRECTION('center_axis',(0.,0.,-1.));
#6967=DIRECTION('ref_axis',(0.707106781186548,-0.707106781186548,0.));
#6968=DIRECTION('',(0.,0.,1.));
#6969=DIRECTION('',(0.,0.,-1.));
#6970=DIRECTION('center_axis',(1.,0.,0.));
#6971=DIRECTION('ref_axis',(0.,0.707106781186547,-0.707106781186548));
#6972=DIRECTION('',(-1.,0.,0.));
#6973=DIRECTION('',(1.,0.,0.));
#6974=DIRECTION('center_axis',(0.,1.,0.));
#6975=DIRECTION('ref_axis',(-0.707106781186547,0.,0.707106781186548));
#6976=DIRECTION('',(0.,-1.,0.));
#6977=DIRECTION('',(0.,1.,0.));
#6978=DIRECTION('center_axis',(0.,1.,0.));
#6979=DIRECTION('ref_axis',(-0.707106781186549,0.,-0.707106781186546));
#6980=DIRECTION('',(0.,-1.,0.));
#6981=DIRECTION('',(0.,1.,0.));
#6982=DIRECTION('center_axis',(0.,-1.,0.));
#6983=DIRECTION('ref_axis',(0.707106781186547,0.,-0.707106781186548));
#6984=DIRECTION('',(0.,1.,0.));
#6985=DIRECTION('',(0.,-1.,0.));
#6986=DIRECTION('center_axis',(0.,1.,0.));
#6987=DIRECTION('ref_axis',(0.707106781186547,0.,0.707106781186548));
#6988=DIRECTION('center_axis',(0.,1.,0.));
#6989=DIRECTION('ref_axis',(0.707106781186547,0.,0.707106781186548));
#6990=DIRECTION('',(0.,1.,0.));
#6991=DIRECTION('',(0.,-1.,0.));
#6992=DIRECTION('center_axis',(0.,0.,-1.));
#6993=DIRECTION('ref_axis',(0.707106781186551,0.707106781186544,0.));
#6994=DIRECTION('',(0.,0.,1.));
#6995=DIRECTION('',(0.,0.,-1.));
#6996=DIRECTION('center_axis',(1.,0.,0.));
#6997=DIRECTION('ref_axis',(0.,0.707106781186546,0.707106781186549));
#6998=DIRECTION('',(-1.,0.,0.));
#6999=DIRECTION('',(1.,0.,0.));
#7000=DIRECTION('center_axis',(0.,0.,1.));
#7001=DIRECTION('ref_axis',(-0.707106781186551,0.707106781186544,0.));
#7002=DIRECTION('',(0.,0.,-1.));
#7003=DIRECTION('',(0.,0.,1.));
#7004=DIRECTION('center_axis',(-1.,0.,0.));
#7005=DIRECTION('ref_axis',(0.,0.707106781186555,0.70710678118654));
#7006=DIRECTION('',(1.,0.,0.));
#7007=DIRECTION('',(-1.,0.,0.));
#7008=DIRECTION('center_axis',(0.,0.,1.));
#7009=DIRECTION('ref_axis',(-0.707106781186548,-0.707106781186548,0.));
#7010=DIRECTION('',(0.,0.,-1.));
#7011=DIRECTION('',(0.,0.,1.));
#7012=DIRECTION('center_axis',(0.,1.,0.));
#7013=DIRECTION('ref_axis',(-0.707106781186551,0.,0.707106781186544));
#7014=DIRECTION('',(0.,-1.,0.));
#7015=DIRECTION('',(0.,1.,0.));
#7016=DIRECTION('center_axis',(0.,0.,1.));
#7017=DIRECTION('ref_axis',(-0.707106781186549,0.707106781186546,0.));
#7018=DIRECTION('',(0.,0.,-1.));
#7019=DIRECTION('',(0.,0.,1.));
#7020=DIRECTION('center_axis',(0.,0.,1.));
#7021=DIRECTION('ref_axis',(-0.707106781186547,0.707106781186548,0.));
#7022=DIRECTION('',(0.,0.,-1.));
#7023=DIRECTION('',(0.,0.,1.));
#7024=DIRECTION('center_axis',(1.,0.,0.));
#7025=DIRECTION('ref_axis',(0.,0.707106781186549,-0.707106781186546));
#7026=DIRECTION('',(-1.,0.,0.));
#7027=DIRECTION('',(1.,0.,0.));
#7028=DIRECTION('center_axis',(1.,0.,0.));
#7029=DIRECTION('ref_axis',(0.,0.707106781186546,-0.707106781186549));
#7030=DIRECTION('',(-1.,0.,0.));
#7031=DIRECTION('',(1.,0.,0.));
#7032=DIRECTION('center_axis',(0.,-1.,0.));
#7033=DIRECTION('ref_axis',(-0.707106781186547,0.,-0.707106781186548));
#7034=DIRECTION('',(0.,1.,0.));
#7035=DIRECTION('',(0.,-1.,0.));
#7036=DIRECTION('center_axis',(0.,0.,-1.));
#7037=DIRECTION('ref_axis',(-0.707106781186551,0.707106781186544,0.));
#7038=DIRECTION('',(0.,0.,1.));
#7039=DIRECTION('',(0.,0.,-1.));
#7040=DIRECTION('center_axis',(0.,0.,1.));
#7041=DIRECTION('ref_axis',(-0.70710678118655,-0.707106781186545,0.));
#7042=DIRECTION('',(0.,0.,-1.));
#7043=DIRECTION('',(0.,0.,1.));
#7044=DIRECTION('center_axis',(0.,1.,0.));
#7045=DIRECTION('ref_axis',(0.707106781186548,0.,0.707106781186547));
#7046=DIRECTION('center_axis',(0.,1.,0.));
#7047=DIRECTION('ref_axis',(0.707106781186548,0.,0.707106781186547));
#7048=DIRECTION('',(0.,1.,0.));
#7049=DIRECTION('',(0.,-1.,0.));
#7050=DIRECTION('center_axis',(0.,0.,1.));
#7051=DIRECTION('ref_axis',(-0.707106781186548,0.707106781186547,0.));
#7052=DIRECTION('',(0.,0.,-1.));
#7053=DIRECTION('',(0.,0.,1.));
#7054=DIRECTION('center_axis',(0.,1.,0.));
#7055=DIRECTION('ref_axis',(-0.707106781186547,0.,-0.707106781186548));
#7056=DIRECTION('center_axis',(0.,1.,0.));
#7057=DIRECTION('ref_axis',(-0.707106781186547,0.,-0.707106781186548));
#7058=DIRECTION('',(0.,1.,0.));
#7059=DIRECTION('',(0.,-1.,0.));
#7060=DIRECTION('center_axis',(0.,0.,-1.));
#7061=DIRECTION('ref_axis',(0.707106781186548,0.707106781186547,0.));
#7062=DIRECTION('',(0.,0.,1.));
#7063=DIRECTION('',(0.,0.,-1.));
#7064=DIRECTION('center_axis',(0.,0.,-1.));
#7065=DIRECTION('ref_axis',(0.707106781186548,0.707106781186547,0.));
#7066=DIRECTION('',(0.,0.,1.));
#7067=DIRECTION('',(0.,0.,-1.));
#7068=DIRECTION('center_axis',(0.,1.,0.));
#7069=DIRECTION('ref_axis',(-0.707106781186549,0.,-0.707106781186546));
#7070=DIRECTION('center_axis',(0.,1.,0.));
#7071=DIRECTION('ref_axis',(-0.707106781186549,0.,-0.707106781186546));
#7072=DIRECTION('',(0.,1.,0.));
#7073=DIRECTION('',(0.,-1.,0.));
#7074=DIRECTION('center_axis',(0.,0.,1.));
#7075=DIRECTION('ref_axis',(1.,0.,0.));
#7076=DIRECTION('',(1.,0.,0.));
#7077=DIRECTION('center_axis',(-1.,0.,0.));
#7078=DIRECTION('ref_axis',(0.,0.,1.));
#7079=DIRECTION('',(0.,0.,1.));
#7080=DIRECTION('center_axis',(0.,1.,0.));
#7081=DIRECTION('ref_axis',(1.,0.,0.));
#7082=DIRECTION('',(-1.,0.,0.));
#7083=DIRECTION('',(0.,0.,-1.));
#7084=DIRECTION('center_axis',(0.,-1.,0.));
#7085=DIRECTION('ref_axis',(1.,0.,0.));
#7086=DIRECTION('center_axis',(1.,0.,0.));
#7087=DIRECTION('ref_axis',(0.,0.,-1.));
#7088=DIRECTION('',(0.,0.,-1.));
#7089=DIRECTION('center_axis',(0.,0.,-1.));
#7090=DIRECTION('ref_axis',(-1.,0.,0.));
#7091=DIRECTION('',(-1.,0.,0.));
#7092=DIRECTION('center_axis',(1.,0.,0.));
#7093=DIRECTION('ref_axis',(0.,0.,-1.));
#7094=DIRECTION('',(0.,0.,-1.));
#7095=DIRECTION('center_axis',(0.,1.,0.));
#7096=DIRECTION('ref_axis',(1.,0.,0.));
#7097=DIRECTION('',(1.,0.,0.));
#7098=DIRECTION('',(0.,0.,1.));
#7099=DIRECTION('center_axis',(0.,-1.,0.));
#7100=DIRECTION('ref_axis',(1.,0.,0.));
#7101=DIRECTION('center_axis',(-1.,0.,0.));
#7102=DIRECTION('ref_axis',(0.,0.,1.));
#7103=DIRECTION('',(0.,0.,1.));
#7104=DIRECTION('center_axis',(0.,-1.,0.));
#7105=DIRECTION('ref_axis',(0.,0.,1.));
#7106=DIRECTION('center_axis',(0.,1.,0.));
#7107=DIRECTION('ref_axis',(1.,0.,0.));
#7108=DIRECTION('center_axis',(0.,-1.,0.));
#7109=DIRECTION('ref_axis',(1.,0.,0.));
#7110=DIRECTION('center_axis',(0.,-1.,0.));
#7111=DIRECTION('ref_axis',(0.,0.,1.));
#7112=DIRECTION('center_axis',(0.,-1.,0.));
#7113=DIRECTION('ref_axis',(0.,0.,-1.));
#7114=DIRECTION('center_axis',(0.,1.,0.));
#7115=DIRECTION('ref_axis',(1.,0.,0.));
#7116=DIRECTION('center_axis',(0.,-1.,0.));
#7117=DIRECTION('ref_axis',(1.,0.,0.));
#7118=DIRECTION('center_axis',(-1.,0.,0.));
#7119=DIRECTION('ref_axis',(0.,0.,1.));
#7120=DIRECTION('center_axis',(1.,0.,0.));
#7121=DIRECTION('ref_axis',(0.,0.,-1.));
#7122=DIRECTION('center_axis',(0.,1.,0.));
#7123=DIRECTION('ref_axis',(1.,0.,0.));
#7124=DIRECTION('center_axis',(0.,-1.,0.));
#7125=DIRECTION('ref_axis',(1.,0.,0.));
#7126=DIRECTION('center_axis',(0.,0.,-1.));
#7127=DIRECTION('ref_axis',(-1.,0.,0.));
#7128=DIRECTION('center_axis',(1.,0.,0.));
#7129=DIRECTION('ref_axis',(0.,0.,1.));
#7130=DIRECTION('center_axis',(0.,1.,0.));
#7131=DIRECTION('ref_axis',(0.,0.,-1.));
#7132=DIRECTION('center_axis',(0.,1.,0.));
#7133=DIRECTION('ref_axis',(0.,0.,1.));
#7134=DIRECTION('center_axis',(0.,-1.,0.));
#7135=DIRECTION('ref_axis',(0.,0.,1.));
#7136=DIRECTION('center_axis',(0.,0.,1.));
#7137=DIRECTION('ref_axis',(0.,1.,0.));
#7138=DIRECTION('center_axis',(-1.,0.,0.));
#7139=DIRECTION('ref_axis',(0.,0.,1.));
#7140=DIRECTION('center_axis',(0.,0.,-1.));
#7141=DIRECTION('ref_axis',(-1.,0.,0.));
#7142=DIRECTION('center_axis',(0.,0.,-1.));
#7143=DIRECTION('ref_axis',(0.,-1.,0.));
#7144=DIRECTION('center_axis',(1.,0.,0.));
#7145=DIRECTION('ref_axis',(0.,0.,-1.));
#7146=DIRECTION('center_axis',(0.,-1.,0.));
#7147=DIRECTION('ref_axis',(-1.,0.,0.));
#7148=DIRECTION('center_axis',(0.,0.,-1.));
#7149=DIRECTION('ref_axis',(0.,-1.,0.));
#7150=DIRECTION('center_axis',(0.,-1.,0.));
#7151=DIRECTION('ref_axis',(0.,0.,-1.));
#7152=DIRECTION('center_axis',(0.,1.,0.));
#7153=DIRECTION('ref_axis',(0.,0.,1.));
#7154=DIRECTION('center_axis',(0.,0.,-1.));
#7155=DIRECTION('ref_axis',(-1.,0.,0.));
#7156=DIRECTION('center_axis',(0.,0.,-1.));
#7157=DIRECTION('ref_axis',(0.,-1.,0.));
#7158=DIRECTION('center_axis',(-1.,0.,0.));
#7159=DIRECTION('ref_axis',(0.,0.,1.));
#7160=DIRECTION('center_axis',(0.,-1.,0.));
#7161=DIRECTION('ref_axis',(-1.,0.,0.));
#7162=DIRECTION('center_axis',(1.,0.,0.));
#7163=DIRECTION('ref_axis',(0.,0.,-1.));
#7164=DIRECTION('center_axis',(0.,-1.,0.));
#7165=DIRECTION('ref_axis',(0.,0.,1.));
#7166=DIRECTION('center_axis',(-1.,0.,0.));
#7167=DIRECTION('ref_axis',(0.,0.,1.));
#7168=DIRECTION('center_axis',(0.,1.,0.));
#7169=DIRECTION('ref_axis',(1.,0.,0.));
#7170=DIRECTION('center_axis',(0.,-1.,0.));
#7171=DIRECTION('ref_axis',(1.,0.,0.));
#7172=DIRECTION('center_axis',(0.,-1.,0.));
#7173=DIRECTION('ref_axis',(0.,0.,1.));
#7174=DIRECTION('center_axis',(1.,0.,0.));
#7175=DIRECTION('ref_axis',(0.,1.,0.));
#7176=DIRECTION('center_axis',(-1.,0.,0.));
#7177=DIRECTION('ref_axis',(0.,0.,-1.));
#7178=DIRECTION('center_axis',(0.,1.,0.));
#7179=DIRECTION('ref_axis',(1.,0.,0.));
#7180=DIRECTION('',(0.,-1.,0.));
#7181=DIRECTION('center_axis',(1.,0.,0.));
#7182=DIRECTION('ref_axis',(0.,0.,-1.));
#7183=DIRECTION('center_axis',(0.,1.,0.));
#7184=DIRECTION('ref_axis',(1.,0.,0.));
#7185=DIRECTION('',(0.,-1.,0.));
#7186=DIRECTION('center_axis',(0.,-1.,0.));
#7187=DIRECTION('ref_axis',(1.,0.,0.));
#7188=DIRECTION('center_axis',(0.,0.,1.));
#7189=DIRECTION('ref_axis',(1.,0.,0.));
#7190=DIRECTION('',(1.,0.,0.));
#7191=DIRECTION('center_axis',(-1.,0.,0.));
#7192=DIRECTION('ref_axis',(0.,0.,1.));
#7193=DIRECTION('',(0.,0.,1.));
#7194=DIRECTION('center_axis',(0.,0.,-1.));
#7195=DIRECTION('ref_axis',(-1.,0.,0.));
#7196=DIRECTION('',(-1.,0.,0.));
#7197=DIRECTION('center_axis',(0.,1.,0.));
#7198=DIRECTION('ref_axis',(1.,0.,0.));
#7199=DIRECTION('center_axis',(0.,1.,0.));
#7200=DIRECTION('ref_axis',(1.,0.,0.));
#7201=DIRECTION('',(0.,-1.,0.));
#7202=DIRECTION('center_axis',(-1.,0.,0.));
#7203=DIRECTION('ref_axis',(0.,0.,1.));
#7204=DIRECTION('center_axis',(0.,1.,0.));
#7205=DIRECTION('ref_axis',(1.,0.,0.));
#7206=DIRECTION('',(0.,-1.,0.));
#7207=DIRECTION('center_axis',(0.,-1.,0.));
#7208=DIRECTION('ref_axis',(1.,0.,0.));
#7209=DIRECTION('center_axis',(0.,0.,1.));
#7210=DIRECTION('ref_axis',(1.,0.,0.));
#7211=DIRECTION('',(1.,0.,0.));
#7212=DIRECTION('center_axis',(0.,0.,-1.));
#7213=DIRECTION('ref_axis',(-1.,0.,0.));
#7214=DIRECTION('',(-1.,0.,0.));
#7215=DIRECTION('center_axis',(1.,0.,0.));
#7216=DIRECTION('ref_axis',(0.,0.,-1.));
#7217=DIRECTION('',(0.,0.,-1.));
#7218=DIRECTION('center_axis',(0.,1.,0.));
#7219=DIRECTION('ref_axis',(1.,0.,0.));
#7220=CARTESIAN_POINT('',(0.,0.,0.));
#7221=CARTESIAN_POINT('Ctrl Pts',(16.9,44.,-2.));
#7222=CARTESIAN_POINT('Ctrl Pts',(16.8666616552917,44.0666766894167,-2.03333834470834));
#7223=CARTESIAN_POINT('Ctrl Pts',(16.7991810868132,44.20223941703,-2.1008189131868));
#7224=CARTESIAN_POINT('Ctrl Pts',(16.7015821345805,44.4535855028772,-2.19841786541951));
#7225=CARTESIAN_POINT('Ctrl Pts',(16.5980424609336,44.9359253940108,-2.30195753906638));
#7226=CARTESIAN_POINT('Ctrl Pts',(16.6071067811865,45.4756045510723,-2.29289321881345));
#7227=CARTESIAN_POINT('Ctrl Pts',(16.6071067811865,45.9998489885978,-2.29289321881345));
#7228=CARTESIAN_POINT('Ctrl Pts',(16.8422562931249,44.0577437068751,-2.));
#7229=CARTESIAN_POINT('Ctrl Pts',(16.8124405590207,44.1196084207189,-2.03204897973958));
#7230=CARTESIAN_POINT('Ctrl Pts',(16.7510866644693,44.2510206912847,-2.09624743970178));
#7231=CARTESIAN_POINT('Ctrl Pts',(16.662197494681,44.5040712426858,-2.18823829907645));
#7232=CARTESIAN_POINT('Ctrl Pts',(16.5650470205041,44.9915272082338,-2.27497014105934));
#7233=CARTESIAN_POINT('Ctrl Pts',(16.5824166787803,45.5134386344631,-2.26820311640723));
#7234=CARTESIAN_POINT('Ctrl Pts',(16.5608267505807,45.9998489885978,-2.24661318820764));
#7235=CARTESIAN_POINT('Ctrl Pts',(16.7254432068917,44.1745567931084,-2.));
#7236=CARTESIAN_POINT('Ctrl Pts',(16.7007150415461,44.2313310659901,-2.02934368308141));
#7237=CARTESIAN_POINT('Ctrl Pts',(16.6495120458976,44.3584189516831,-2.08733479920258));
#7238=CARTESIAN_POINT('Ctrl Pts',(16.5754814708765,44.6197698366716,-2.1654101523923));
#7239=CARTESIAN_POINT('Ctrl Pts',(16.4969911509403,45.1079854886252,-2.22381084291913));
#7240=CARTESIAN_POINT('Ctrl Pts',(16.5214316668681,45.5917931862314,-2.20841643136992));
#7241=CARTESIAN_POINT('Ctrl Pts',(16.4591517052669,45.9998489885978,-2.16317075168262));
#7242=CARTESIAN_POINT('Ctrl Pts',(16.5218580461048,44.3781419538952,-2.));
#7243=CARTESIAN_POINT('Ctrl Pts',(16.5040673178226,44.4358858043408,-2.0233947818001));
#7244=CARTESIAN_POINT('Ctrl Pts',(16.4670176316733,44.5696645329043,-2.06702881245626));
#7245=CARTESIAN_POINT('Ctrl Pts',(16.4118053604334,44.8542467233591,-2.11377524469574));
#7246=CARTESIAN_POINT('Ctrl Pts',(16.3718302787154,45.2970514697782,-2.14622685098751));
#7247=CARTESIAN_POINT('Ctrl Pts',(16.3775109885851,45.7097398629306,-2.10842196124702));
#7248=CARTESIAN_POINT('Ctrl Pts',(16.2851503038124,45.9998489885978,-2.07016491298409));
#7249=CARTESIAN_POINT('Ctrl Pts',(16.1857164173819,44.7142835826181,-2.));
#7250=CARTESIAN_POINT('Ctrl Pts',(16.1783124901816,44.7764214625224,-2.01578228704547));
#7251=CARTESIAN_POINT('Ctrl Pts',(16.166342498724,44.9128158797929,-2.0406180434714));
#7252=CARTESIAN_POINT('Ctrl Pts',(16.1769155135043,45.1733610884444,-2.06622204855751));
#7253=CARTESIAN_POINT('Ctrl Pts',(16.2040299250152,45.5135203279758,-2.05648460926948));
#7254=CARTESIAN_POINT('Ctrl Pts',(16.1723797837808,45.8244299691961,-2.02493745756729));
#7255=CARTESIAN_POINT('Ctrl Pts',(16.0963476736742,45.9998489885978,-2.01289240131329));
#7256=CARTESIAN_POINT('Ctrl Pts',(15.8692929975113,45.0307070024887,-2.));
#7257=CARTESIAN_POINT('Ctrl Pts',(15.8900923301444,45.0893432716833,-2.));
#7258=CARTESIAN_POINT('Ctrl Pts',(15.9340865612929,45.2128933372395,-2.));
#7259=CARTESIAN_POINT('Ctrl Pts',(15.9921607143362,45.4328380500553,-2.));
#7260=CARTESIAN_POINT('Ctrl Pts',(16.0200124356628,45.6970156320216,-2.));
#7261=CARTESIAN_POINT('Ctrl Pts',(15.9959826162203,45.8984124380049,-2.));
#7262=CARTESIAN_POINT('Ctrl Pts',(15.9654498469498,45.9998489885978,-2.));
#7263=CARTESIAN_POINT('Ctrl Pts',(15.6071510114022,45.2928489885978,-2.));
#7264=CARTESIAN_POINT('Ctrl Pts',(15.6534240531957,45.3391220303913,-2.));
#7265=CARTESIAN_POINT('Ctrl Pts',(15.7368538889614,45.4407817216139,-2.));
#7266=CARTESIAN_POINT('Ctrl Pts',(15.8298456827178,45.6147568468729,-2.));
#7267=CARTESIAN_POINT('Ctrl Pts',(15.8871095455863,45.8035309656611,-2.));
#7268=CARTESIAN_POINT('Ctrl Pts',(15.9,45.9344090253212,-2.));
#7269=CARTESIAN_POINT('Ctrl Pts',(15.9,45.9998489885978,-2.));
#7270=CARTESIAN_POINT('',(16.9,44.,-2.));
#7271=CARTESIAN_POINT('',(16.6071067811865,45.9998489885978,-2.29289321881345));
#7272=CARTESIAN_POINT('Ctrl Pts',(16.9,44.,-2.));
#7273=CARTESIAN_POINT('Ctrl Pts',(16.8666616552917,44.0666766894167,-2.03333834470834));
#7274=CARTESIAN_POINT('Ctrl Pts',(16.7991810868132,44.20223941703,-2.1008189131868));
#7275=CARTESIAN_POINT('Ctrl Pts',(16.7015821345805,44.4535855028772,-2.19841786541951));
#7276=CARTESIAN_POINT('Ctrl Pts',(16.5980424609336,44.9359253940108,-2.30195753906638));
#7277=CARTESIAN_POINT('Ctrl Pts',(16.6071067811865,45.4756045510723,-2.29289321881345));
#7278=CARTESIAN_POINT('Ctrl Pts',(16.6071067811865,45.9998489885978,-2.29289321881345));
#7279=CARTESIAN_POINT('',(15.6071510114022,45.2928489885978,-2.));
#7280=CARTESIAN_POINT('Ctrl Pts',(16.9,44.,-2.));
#7281=CARTESIAN_POINT('Ctrl Pts',(16.8422562931249,44.0577437068751,-2.));
#7282=CARTESIAN_POINT('Ctrl Pts',(16.7254432068917,44.1745567931084,-2.));
#7283=CARTESIAN_POINT('Ctrl Pts',(16.5218580461048,44.3781419538952,-2.));
#7284=CARTESIAN_POINT('Ctrl Pts',(16.1857164173819,44.7142835826181,-2.));
#7285=CARTESIAN_POINT('Ctrl Pts',(15.8692929975113,45.0307070024887,-2.));
#7286=CARTESIAN_POINT('Ctrl Pts',(15.6071510114022,45.2928489885978,-2.));
#7287=CARTESIAN_POINT('',(15.9,45.9998489885978,-2.));
#7288=CARTESIAN_POINT('Origin',(14.9001510114022,45.9998489885978,-2.));
#7289=CARTESIAN_POINT('Origin',(15.9,45.9998489885978,-3.));
#7290=CARTESIAN_POINT('Ctrl Pts',(16.9,44.,-2.));
#7291=CARTESIAN_POINT('Ctrl Pts',(16.8422562931249,44.0577437068751,-2.));
#7292=CARTESIAN_POINT('Ctrl Pts',(16.7254432068917,44.1745567931084,-2.));
#7293=CARTESIAN_POINT('Ctrl Pts',(16.5218580461048,44.3781419538952,-2.));
#7294=CARTESIAN_POINT('Ctrl Pts',(16.1857164173819,44.7142835826181,-2.));
#7295=CARTESIAN_POINT('Ctrl Pts',(15.8692929975113,45.0307070024887,-2.));
#7296=CARTESIAN_POINT('Ctrl Pts',(15.6071510114022,45.2928489885978,-2.));
#7297=CARTESIAN_POINT('Ctrl Pts',(16.8333233105833,44.0333383447083,-1.96666165529166));
#7298=CARTESIAN_POINT('Ctrl Pts',(16.7803915792811,44.0875594409793,-1.96795102026042));
#7299=CARTESIAN_POINT('Ctrl Pts',(16.6686689340099,44.1992849584539,-1.97065631691859));
#7300=CARTESIAN_POINT('Ctrl Pts',(16.4641141956592,44.3959326821773,-1.9766052181999));
#7301=CARTESIAN_POINT('Ctrl Pts',(16.1235785374776,44.7216875098184,-1.98421771295453));
#7302=CARTESIAN_POINT('Ctrl Pts',(15.8106567283167,45.0099076698556,-2.));
#7303=CARTESIAN_POINT('Ctrl Pts',(15.5608779696087,45.2465759468043,-2.));
#7304=CARTESIAN_POINT('Ctrl Pts',(16.69776058297,44.1008189131868,-1.8991810868132));
#7305=CARTESIAN_POINT('Ctrl Pts',(16.6489793087153,44.1489133355307,-1.90375256029822));
#7306=CARTESIAN_POINT('Ctrl Pts',(16.5415810483169,44.2504879541024,-1.91266520079742));
#7307=CARTESIAN_POINT('Ctrl Pts',(16.3303354670957,44.4329823683267,-1.93297118754374));
#7308=CARTESIAN_POINT('Ctrl Pts',(15.9871841202071,44.733657501276,-1.9593819565286));
#7309=CARTESIAN_POINT('Ctrl Pts',(15.6871066627605,44.965913438707,-2.));
#7310=CARTESIAN_POINT('Ctrl Pts',(15.4592182783861,45.1631461110386,-2.));
#7311=CARTESIAN_POINT('Ctrl Pts',(16.4464144971228,44.1984178654195,-1.80158213458049));
#7312=CARTESIAN_POINT('Ctrl Pts',(16.3959287573142,44.237802505319,-1.81176170092355));
#7313=CARTESIAN_POINT('Ctrl Pts',(16.2802301633284,44.3245185291235,-1.8345898476077));
#7314=CARTESIAN_POINT('Ctrl Pts',(16.0457532766409,44.4881946395666,-1.88622475530427));
#7315=CARTESIAN_POINT('Ctrl Pts',(15.7266389115556,44.7230844864957,-1.93377795144249));
#7316=CARTESIAN_POINT('Ctrl Pts',(15.4671619499447,44.9078392856638,-2.));
#7317=CARTESIAN_POINT('Ctrl Pts',(15.2852431531271,45.0701543172822,-2.));
#7318=CARTESIAN_POINT('Ctrl Pts',(15.9640746059892,44.3019575390664,-1.69804246093362));
#7319=CARTESIAN_POINT('Ctrl Pts',(15.9084727917662,44.3349529794958,-1.72502985894066));
#7320=CARTESIAN_POINT('Ctrl Pts',(15.7920145113748,44.4030088490597,-1.77618915708087));
#7321=CARTESIAN_POINT('Ctrl Pts',(15.6029485302218,44.5281697212846,-1.85377314901249));
#7322=CARTESIAN_POINT('Ctrl Pts',(15.3864796720242,44.6959700749848,-1.94351539073052));
#7323=CARTESIAN_POINT('Ctrl Pts',(15.2029843679784,44.8799875643371,-2.));
#7324=CARTESIAN_POINT('Ctrl Pts',(15.0964690343389,45.0128904544137,-2.));
#7325=CARTESIAN_POINT('Ctrl Pts',(15.4243954489277,44.2928932188135,-1.70710678118655));
#7326=CARTESIAN_POINT('Ctrl Pts',(15.3865613655369,44.3175833212197,-1.73179688359277));
#7327=CARTESIAN_POINT('Ctrl Pts',(15.3082068137686,44.3785683331319,-1.79158356863008));
#7328=CARTESIAN_POINT('Ctrl Pts',(15.1902601370694,44.5224890114149,-1.89157803875298));
#7329=CARTESIAN_POINT('Ctrl Pts',(15.0755700308039,44.7276202162192,-1.97506254243271));
#7330=CARTESIAN_POINT('Ctrl Pts',(15.0015875619951,44.9040173837797,-2.));
#7331=CARTESIAN_POINT('Ctrl Pts',(14.9655909746788,45.,-2.));
#7332=CARTESIAN_POINT('Ctrl Pts',(14.9001510114022,44.2928932188135,-1.70710678118655));
#7333=CARTESIAN_POINT('Ctrl Pts',(14.9001510114022,44.3391732494193,-1.75338681179236));
#7334=CARTESIAN_POINT('Ctrl Pts',(14.9001510114022,44.4408482947331,-1.83682924831738));
#7335=CARTESIAN_POINT('Ctrl Pts',(14.9001510114022,44.6148496961876,-1.92983508701591));
#7336=CARTESIAN_POINT('Ctrl Pts',(14.9001510114022,44.8036523263258,-1.98710759868671));
#7337=CARTESIAN_POINT('Ctrl Pts',(14.9001510114022,44.9345501530502,-2.));
#7338=CARTESIAN_POINT('Ctrl Pts',(14.9001510114022,45.,-2.));
#7339=CARTESIAN_POINT('',(14.9001510114022,44.2928932188135,-1.70710678118655));
#7340=CARTESIAN_POINT('Ctrl Pts',(16.9,44.,-2.));
#7341=CARTESIAN_POINT('Ctrl Pts',(16.8333233105833,44.0333383447083,-1.96666165529166));
#7342=CARTESIAN_POINT('Ctrl Pts',(16.69776058297,44.1008189131868,-1.8991810868132));
#7343=CARTESIAN_POINT('Ctrl Pts',(16.4464144971228,44.1984178654195,-1.80158213458049));
#7344=CARTESIAN_POINT('Ctrl Pts',(15.9640746059892,44.3019575390664,-1.69804246093362));
#7345=CARTESIAN_POINT('Ctrl Pts',(15.4243954489277,44.2928932188135,-1.70710678118655));
#7346=CARTESIAN_POINT('Ctrl Pts',(14.9001510114022,44.2928932188135,-1.70710678118655));
#7347=CARTESIAN_POINT('',(14.9001510114022,45.,-2.));
#7348=CARTESIAN_POINT('Origin',(14.9001510114022,45.,-1.));
#7349=CARTESIAN_POINT('Origin',(14.9001510114022,45.9998489885978,-2.));
#7350=CARTESIAN_POINT('Ctrl Pts',(16.9,44.,-2.));
#7351=CARTESIAN_POINT('Ctrl Pts',(16.8333233105833,44.0333383447083,-1.96666165529166));
#7352=CARTESIAN_POINT('Ctrl Pts',(16.69776058297,44.1008189131868,-1.8991810868132));
#7353=CARTESIAN_POINT('Ctrl Pts',(16.4464144971228,44.1984178654195,-1.80158213458049));
#7354=CARTESIAN_POINT('Ctrl Pts',(15.9640746059892,44.3019575390664,-1.69804246093362));
#7355=CARTESIAN_POINT('Ctrl Pts',(15.4243954489277,44.2928932188135,-1.70710678118655));
#7356=CARTESIAN_POINT('Ctrl Pts',(14.9001510114022,44.2928932188135,-1.70710678118655));
#7357=CARTESIAN_POINT('Ctrl Pts',(16.8422562931249,44.,-1.94225629312491));
#7358=CARTESIAN_POINT('Ctrl Pts',(16.7803915792811,44.0320489797396,-1.91244055902073));
#7359=CARTESIAN_POINT('Ctrl Pts',(16.6489793087153,44.0962474397018,-1.85108666446932));
#7360=CARTESIAN_POINT('Ctrl Pts',(16.3959287573142,44.1882382990764,-1.76219749468104));
#7361=CARTESIAN_POINT('Ctrl Pts',(15.9084727917662,44.2749701410593,-1.66504702050415));
#7362=CARTESIAN_POINT('Ctrl Pts',(15.3865613655369,44.2682031164072,-1.68241667878032));
#7363=CARTESIAN_POINT('Ctrl Pts',(14.9001510114022,44.2466131882076,-1.66082675058073));
#7364=CARTESIAN_POINT('Ctrl Pts',(16.7254432068917,44.,-1.82544320689166));
#7365=CARTESIAN_POINT('Ctrl Pts',(16.6686689340099,44.0293436830814,-1.80071504154607));
#7366=CARTESIAN_POINT('Ctrl Pts',(16.541581048317,44.0873347992026,-1.74951204589762));
#7367=CARTESIAN_POINT('Ctrl Pts',(16.2802301633284,44.1654101523923,-1.67548147087653));
#7368=CARTESIAN_POINT('Ctrl Pts',(15.7920145113748,44.2238108429191,-1.5969911509403));
#7369=CARTESIAN_POINT('Ctrl Pts',(15.3082068137686,44.2084164313699,-1.62143166686815));
#7370=CARTESIAN_POINT('Ctrl Pts',(14.9001510114022,44.1631707516826,-1.5591517052669));
#7371=CARTESIAN_POINT('Ctrl Pts',(16.5218580461048,44.,-1.62185804610484));
#7372=CARTESIAN_POINT('Ctrl Pts',(16.4641141956592,44.0233947818001,-1.60406731782265));
#7373=CARTESIAN_POINT('Ctrl Pts',(16.3303354670957,44.0670288124563,-1.56701763167334));
#7374=CARTESIAN_POINT('Ctrl Pts',(16.0457532766409,44.1137752446958,-1.51180536043344));
#7375=CARTESIAN_POINT('Ctrl Pts',(15.6029485302218,44.1462268509875,-1.47183027871545));
#7376=CARTESIAN_POINT('Ctrl Pts',(15.1902601370694,44.108421961247,-1.47751098858509));
#7377=CARTESIAN_POINT('Ctrl Pts',(14.9001510114022,44.0701649129841,-1.38515030381236));
#7378=CARTESIAN_POINT('Ctrl Pts',(16.1857164173819,44.,-1.28571641738191));
#7379=CARTESIAN_POINT('Ctrl Pts',(16.1235785374776,44.0157822870455,-1.27831249018157));
#7380=CARTESIAN_POINT('Ctrl Pts',(15.9871841202071,44.0406180434714,-1.266342498724));
#7381=CARTESIAN_POINT('Ctrl Pts',(15.7266389115556,44.0662220485575,-1.2769155135043));
#7382=CARTESIAN_POINT('Ctrl Pts',(15.3864796720242,44.0564846092695,-1.3040299250152));
#7383=CARTESIAN_POINT('Ctrl Pts',(15.0755700308039,44.0249374575673,-1.27237978378077));
#7384=CARTESIAN_POINT('Ctrl Pts',(14.9001510114022,44.0128924013133,-1.19634767367421));
#7385=CARTESIAN_POINT('Ctrl Pts',(15.8692929975113,44.,-0.96929299751129));
#7386=CARTESIAN_POINT('Ctrl Pts',(15.8106567283167,44.,-0.99009233014441));
#7387=CARTESIAN_POINT('Ctrl Pts',(15.6871066627605,44.,-1.03408656129295));
#7388=CARTESIAN_POINT('Ctrl Pts',(15.4671619499447,44.,-1.09216071433617));
#7389=CARTESIAN_POINT('Ctrl Pts',(15.2029843679784,44.,-1.12001243566285));
#7390=CARTESIAN_POINT('Ctrl Pts',(15.0015875619951,44.,-1.09598261622032));
#7391=CARTESIAN_POINT('Ctrl Pts',(14.9001510114022,44.,-1.06544984694979));
#7392=CARTESIAN_POINT('Ctrl Pts',(15.6071510114022,44.,-0.707151011402222));
#7393=CARTESIAN_POINT('Ctrl Pts',(15.5608779696087,44.,-0.753424053195722));
#7394=CARTESIAN_POINT('Ctrl Pts',(15.4592182783861,44.,-0.83685388896139));
#7395=CARTESIAN_POINT('Ctrl Pts',(15.2852431531271,44.,-0.929845682717807));
#7396=CARTESIAN_POINT('Ctrl Pts',(15.0964690343389,44.,-0.987109545586308));
#7397=CARTESIAN_POINT('Ctrl Pts',(14.9655909746788,44.,-1.));
#7398=CARTESIAN_POINT('Ctrl Pts',(14.9001510114022,44.,-1.));
#7399=CARTESIAN_POINT('',(15.6071510114022,44.,-0.707151011402222));
#7400=CARTESIAN_POINT('Ctrl Pts',(16.9,44.,-2.));
#7401=CARTESIAN_POINT('Ctrl Pts',(16.8422562931249,44.,-1.94225629312491));
#7402=CARTESIAN_POINT('Ctrl Pts',(16.7254432068917,44.,-1.82544320689166));
#7403=CARTESIAN_POINT('Ctrl Pts',(16.5218580461048,44.,-1.62185804610484));
#7404=CARTESIAN_POINT('Ctrl Pts',(16.1857164173819,44.,-1.28571641738191));
#7405=CARTESIAN_POINT('Ctrl Pts',(15.8692929975113,44.,-0.96929299751129));
#7406=CARTESIAN_POINT('Ctrl Pts',(15.6071510114022,44.,-0.707151011402222));
#7407=CARTESIAN_POINT('',(14.9001510114022,44.,-1.));
#7408=CARTESIAN_POINT('Origin',(14.9001510114022,44.,-0.000151011402222956));
#7409=CARTESIAN_POINT('Origin',(14.9001510114022,45.,-1.));
#7410=CARTESIAN_POINT('Ctrl Pts',(16.9,44.,-2.));
#7411=CARTESIAN_POINT('Ctrl Pts',(16.8422562931249,44.,-1.94225629312491));
#7412=CARTESIAN_POINT('Ctrl Pts',(16.7254432068917,44.,-1.82544320689166));
#7413=CARTESIAN_POINT('Ctrl Pts',(16.5218580461048,44.,-1.62185804610484));
#7414=CARTESIAN_POINT('Ctrl Pts',(16.1857164173819,44.,-1.28571641738191));
#7415=CARTESIAN_POINT('Ctrl Pts',(15.8692929975113,44.,-0.96929299751129));
#7416=CARTESIAN_POINT('Ctrl Pts',(15.6071510114022,44.,-0.707151011402222));
#7417=CARTESIAN_POINT('Ctrl Pts',(16.8666616552917,43.9666616552917,-1.93332331058332));
#7418=CARTESIAN_POINT('Ctrl Pts',(16.8124405590207,43.9679510202604,-1.88039157928115));
#7419=CARTESIAN_POINT('Ctrl Pts',(16.7007150415461,43.9706563169186,-1.76866893400986));
#7420=CARTESIAN_POINT('Ctrl Pts',(16.5040673178226,43.9766052181999,-1.56411419565919));
#7421=CARTESIAN_POINT('Ctrl Pts',(16.1783124901816,43.9842177129545,-1.22357853747758));
#7422=CARTESIAN_POINT('Ctrl Pts',(15.8900923301444,44.,-0.910656728316676));
#7423=CARTESIAN_POINT('Ctrl Pts',(15.6534240531957,44.,-0.660877969608722));
#7424=CARTESIAN_POINT('Ctrl Pts',(16.7991810868132,43.8991810868132,-1.79776058297004));
#7425=CARTESIAN_POINT('Ctrl Pts',(16.7510866644693,43.9037525602982,-1.74897930871525));
#7426=CARTESIAN_POINT('Ctrl Pts',(16.6495120458976,43.9126652007974,-1.64158104831696));
#7427=CARTESIAN_POINT('Ctrl Pts',(16.4670176316733,43.9329711875438,-1.43033546709574));
#7428=CARTESIAN_POINT('Ctrl Pts',(16.166342498724,43.9593819565286,-1.08718412020713));
#7429=CARTESIAN_POINT('Ctrl Pts',(15.9340865612929,44.,-0.787106662760485));
#7430=CARTESIAN_POINT('Ctrl Pts',(15.7368538889614,44.,-0.55921827838606));
#7431=CARTESIAN_POINT('Ctrl Pts',(16.7015821345805,43.8015821345805,-1.54641449712276));
#7432=CARTESIAN_POINT('Ctrl Pts',(16.6621974946811,43.8117617009236,-1.49592875731424));
#7433=CARTESIAN_POINT('Ctrl Pts',(16.5754814708765,43.8345898476077,-1.38023016332841));
#7434=CARTESIAN_POINT('Ctrl Pts',(16.4118053604334,43.8862247553042,-1.14575327664087));
#7435=CARTESIAN_POINT('Ctrl Pts',(16.1769155135043,43.9337779514425,-0.826638911555606));
#7436=CARTESIAN_POINT('Ctrl Pts',(15.9921607143362,44.,-0.567161949944736));
#7437=CARTESIAN_POINT('Ctrl Pts',(15.8298456827178,44.,-0.385243153127134));
#7438=CARTESIAN_POINT('Ctrl Pts',(16.5980424609336,43.6980424609336,-1.06407460598921));
#7439=CARTESIAN_POINT('Ctrl Pts',(16.5650470205041,43.7250298589407,-1.0084727917662));
#7440=CARTESIAN_POINT('Ctrl Pts',(16.4969911509403,43.7761891570809,-0.892014511374805));
#7441=CARTESIAN_POINT('Ctrl Pts',(16.3718302787154,43.8537731490125,-0.702948530221797));
#7442=CARTESIAN_POINT('Ctrl Pts',(16.2040299250152,43.9435153907306,-0.486479672024216));
#7443=CARTESIAN_POINT('Ctrl Pts',(16.0200124356628,44.,-0.302984367978442));
#7444=CARTESIAN_POINT('Ctrl Pts',(15.8871095455863,44.,-0.196469034338909));
#7445=CARTESIAN_POINT('Ctrl Pts',(16.6071067811865,43.7071067811866,-0.524395448927705));
#7446=CARTESIAN_POINT('Ctrl Pts',(16.5824166787803,43.7317968835928,-0.486561365536892));
#7447=CARTESIAN_POINT('Ctrl Pts',(16.5214316668681,43.7915835686301,-0.408206813768569));
#7448=CARTESIAN_POINT('Ctrl Pts',(16.3775109885851,43.891578038753,-0.290260137069356));
#7449=CARTESIAN_POINT('Ctrl Pts',(16.1723797837808,43.9750625424327,-0.175570030803901));
#7450=CARTESIAN_POINT('Ctrl Pts',(15.9959826162203,44.,-0.101587561995135));
#7451=CARTESIAN_POINT('Ctrl Pts',(15.9,44.,-0.0655909746788472));
#7452=CARTESIAN_POINT('Ctrl Pts',(16.6071067811865,43.7071067811866,-0.000151011402222123));
#7453=CARTESIAN_POINT('Ctrl Pts',(16.5608267505807,43.7533868117924,-0.000151011402222239));
#7454=CARTESIAN_POINT('Ctrl Pts',(16.4591517052669,43.8368292483174,-0.000151011402223251));
#7455=CARTESIAN_POINT('Ctrl Pts',(16.2851503038124,43.9298350870159,-0.000151011402222999));
#7456=CARTESIAN_POINT('Ctrl Pts',(16.0963476736742,43.9871075986867,-0.000151011402222487));
#7457=CARTESIAN_POINT('Ctrl Pts',(15.9654498469498,44.,-0.00015101140222291));
#7458=CARTESIAN_POINT('Ctrl Pts',(15.9,44.,-0.000151011402222956));
#7459=CARTESIAN_POINT('',(16.6071067811865,43.7071067811866,-0.000151011402222033));
#7460=CARTESIAN_POINT('Ctrl Pts',(16.9,44.,-2.));
#7461=CARTESIAN_POINT('Ctrl Pts',(16.8666616552917,43.9666616552917,-1.93332331058332));
#7462=CARTESIAN_POINT('Ctrl Pts',(16.7991810868132,43.8991810868132,-1.79776058297004));
#7463=CARTESIAN_POINT('Ctrl Pts',(16.7015821345805,43.8015821345805,-1.54641449712276));
#7464=CARTESIAN_POINT('Ctrl Pts',(16.5980424609336,43.6980424609336,-1.06407460598921));
#7465=CARTESIAN_POINT('Ctrl Pts',(16.6071067811865,43.7071067811865,-0.524395448927705));
#7466=CARTESIAN_POINT('Ctrl Pts',(16.6071067811865,43.7071067811866,-0.000151011402222123));
#7467=CARTESIAN_POINT('',(15.9,44.,-0.000151011402222956));
#7468=CARTESIAN_POINT('Origin',(15.9,43.,-0.000151011402222956));
#7469=CARTESIAN_POINT('Origin',(14.9001510114022,44.,-0.000151011402222956));
#7470=CARTESIAN_POINT('Ctrl Pts',(16.9,44.,-2.));
#7471=CARTESIAN_POINT('Ctrl Pts',(16.8666616552917,43.9666616552917,-1.93332331058332));
#7472=CARTESIAN_POINT('Ctrl Pts',(16.7991810868132,43.8991810868132,-1.79776058297004));
#7473=CARTESIAN_POINT('Ctrl Pts',(16.7015821345805,43.8015821345805,-1.54641449712276));
#7474=CARTESIAN_POINT('Ctrl Pts',(16.5980424609336,43.6980424609336,-1.06407460598921));
#7475=CARTESIAN_POINT('Ctrl Pts',(16.6071067811865,43.7071067811865,-0.524395448927705));
#7476=CARTESIAN_POINT('Ctrl Pts',(16.6071067811865,43.7071067811866,-0.000151011402222123));
#7477=CARTESIAN_POINT('Ctrl Pts',(16.9,43.9422562931249,-1.94225629312491));
#7478=CARTESIAN_POINT('Ctrl Pts',(16.8679510202604,43.9124405590207,-1.88039157928115));
#7479=CARTESIAN_POINT('Ctrl Pts',(16.8037525602982,43.8510866644693,-1.74897930871525));
#7480=CARTESIAN_POINT('Ctrl Pts',(16.7117617009236,43.7621974946811,-1.49592875731424));
#7481=CARTESIAN_POINT('Ctrl Pts',(16.6250298589406,43.6650470205041,-1.0084727917662));
#7482=CARTESIAN_POINT('Ctrl Pts',(16.6317968835928,43.6824166787803,-0.486561365536892));
#7483=CARTESIAN_POINT('Ctrl Pts',(16.6533868117924,43.6608267505807,-0.000151011402222123));
#7484=CARTESIAN_POINT('Ctrl Pts',(16.9,43.8254432068917,-1.82544320689166));
#7485=CARTESIAN_POINT('Ctrl Pts',(16.8706563169186,43.8007150415461,-1.76866893400986));
#7486=CARTESIAN_POINT('Ctrl Pts',(16.8126652007974,43.7495120458976,-1.64158104831696));
#7487=CARTESIAN_POINT('Ctrl Pts',(16.7345898476077,43.6754814708765,-1.38023016332841));
#7488=CARTESIAN_POINT('Ctrl Pts',(16.6761891570809,43.5969911509404,-0.892014511374807));
#7489=CARTESIAN_POINT('Ctrl Pts',(16.6915835686301,43.6214316668681,-0.408206813768568));
#7490=CARTESIAN_POINT('Ctrl Pts',(16.7368292483174,43.5591517052669,-0.000151011402222401));
#7491=CARTESIAN_POINT('Ctrl Pts',(16.9,43.6218580461048,-1.62185804610484));
#7492=CARTESIAN_POINT('Ctrl Pts',(16.8766052181999,43.6040673178227,-1.56411419565919));
#7493=CARTESIAN_POINT('Ctrl Pts',(16.8329711875437,43.5670176316734,-1.43033546709573));
#7494=CARTESIAN_POINT('Ctrl Pts',(16.7862247553043,43.5118053604334,-1.14575327664088));
#7495=CARTESIAN_POINT('Ctrl Pts',(16.7537731490125,43.4718302787154,-0.702948530221793));
#7496=CARTESIAN_POINT('Ctrl Pts',(16.791578038753,43.4775109885851,-0.290260137069354));
#7497=CARTESIAN_POINT('Ctrl Pts',(16.8298350870159,43.3851503038124,-0.000151011402220735));
#7498=CARTESIAN_POINT('Ctrl Pts',(16.9,43.2857164173819,-1.28571641738191));
#7499=CARTESIAN_POINT('Ctrl Pts',(16.8842177129545,43.2783124901816,-1.22357853747758));
#7500=CARTESIAN_POINT('Ctrl Pts',(16.8593819565286,43.266342498724,-1.08718412020713));
#7501=CARTESIAN_POINT('Ctrl Pts',(16.8337779514425,43.2769155135043,-0.826638911555603));
#7502=CARTESIAN_POINT('Ctrl Pts',(16.8435153907305,43.3040299250152,-0.486479672024217));
#7503=CARTESIAN_POINT('Ctrl Pts',(16.8750625424327,43.2723797837808,-0.175570030803899));
#7504=CARTESIAN_POINT('Ctrl Pts',(16.8871075986867,43.1963476736742,-0.000151011402220458));
#7505=CARTESIAN_POINT('Ctrl Pts',(16.9,42.9692929975113,-0.969292997511289));
#7506=CARTESIAN_POINT('Ctrl Pts',(16.9,42.9900923301444,-0.910656728316676));
#7507=CARTESIAN_POINT('Ctrl Pts',(16.9,43.034086561293,-0.787106662760483));
#7508=CARTESIAN_POINT('Ctrl Pts',(16.9,43.0921607143362,-0.567161949944736));
#7509=CARTESIAN_POINT('Ctrl Pts',(16.9,43.1200124356629,-0.302984367978438));
#7510=CARTESIAN_POINT('Ctrl Pts',(16.9,43.0959826162203,-0.101587561995133));
#7511=CARTESIAN_POINT('Ctrl Pts',(16.9,43.0654498469498,-0.000151011402221568));
#7512=CARTESIAN_POINT('Ctrl Pts',(16.9,42.7071510114022,-0.707151011402221));
#7513=CARTESIAN_POINT('Ctrl Pts',(16.9,42.7534240531957,-0.660877969608722));
#7514=CARTESIAN_POINT('Ctrl Pts',(16.9,42.8368538889614,-0.559218278386058));
#7515=CARTESIAN_POINT('Ctrl Pts',(16.9,42.9298456827178,-0.385243153127134));
#7516=CARTESIAN_POINT('Ctrl Pts',(16.9,42.9871095455863,-0.196469034338905));
#7517=CARTESIAN_POINT('Ctrl Pts',(16.9,43.,-0.0655909746788458));
#7518=CARTESIAN_POINT('Ctrl Pts',(16.9,43.,-0.000151011402221568));
#7519=CARTESIAN_POINT('',(16.9,42.7071510114022,-0.707151011402221));
#7520=CARTESIAN_POINT('Ctrl Pts',(16.9,44.,-2.));
#7521=CARTESIAN_POINT('Ctrl Pts',(16.9,43.9422562931249,-1.94225629312491));
#7522=CARTESIAN_POINT('Ctrl Pts',(16.9,43.8254432068917,-1.82544320689166));
#7523=CARTESIAN_POINT('Ctrl Pts',(16.9,43.6218580461048,-1.62185804610484));
#7524=CARTESIAN_POINT('Ctrl Pts',(16.9,43.2857164173819,-1.28571641738191));
#7525=CARTESIAN_POINT('Ctrl Pts',(16.9,42.9692929975113,-0.969292997511289));
#7526=CARTESIAN_POINT('Ctrl Pts',(16.9,42.7071510114022,-0.707151011402221));
#7527=CARTESIAN_POINT('',(16.9,43.,-0.000151011402222956));
#7528=CARTESIAN_POINT('Origin',(16.9,42.0001510114022,-0.000151011402222956));
#7529=CARTESIAN_POINT('Origin',(15.9,43.,-0.000151011402222956));
#7530=CARTESIAN_POINT('Ctrl Pts',(16.9,44.,-2.));
#7531=CARTESIAN_POINT('Ctrl Pts',(16.9,43.9422562931249,-1.94225629312491));
#7532=CARTESIAN_POINT('Ctrl Pts',(16.9,43.8254432068917,-1.82544320689166));
#7533=CARTESIAN_POINT('Ctrl Pts',(16.9,43.6218580461048,-1.62185804610484));
#7534=CARTESIAN_POINT('Ctrl Pts',(16.9,43.2857164173819,-1.28571641738191));
#7535=CARTESIAN_POINT('Ctrl Pts',(16.9,42.9692929975113,-0.969292997511289));
#7536=CARTESIAN_POINT('Ctrl Pts',(16.9,42.7071510114022,-0.707151011402221));
#7537=CARTESIAN_POINT('Ctrl Pts',(16.9333383447083,43.9333233105833,-1.96666165529166));
#7538=CARTESIAN_POINT('Ctrl Pts',(16.9320489797396,43.8803915792812,-1.91244055902073));
#7539=CARTESIAN_POINT('Ctrl Pts',(16.9293436830814,43.7686689340099,-1.80071504154607));
#7540=CARTESIAN_POINT('Ctrl Pts',(16.9233947818001,43.5641141956592,-1.60406731782265));
#7541=CARTESIAN_POINT('Ctrl Pts',(16.9157822870455,43.2235785374776,-1.27831249018157));
#7542=CARTESIAN_POINT('Ctrl Pts',(16.9,42.9106567283167,-0.990092330144409));
#7543=CARTESIAN_POINT('Ctrl Pts',(16.9,42.6608779696087,-0.753424053195721));
#7544=CARTESIAN_POINT('Ctrl Pts',(17.0008189131868,43.79776058297,-1.8991810868132));
#7545=CARTESIAN_POINT('Ctrl Pts',(16.9962474397018,43.7489793087152,-1.85108666446932));
#7546=CARTESIAN_POINT('Ctrl Pts',(16.9873347992026,43.641581048317,-1.74951204589762));
#7547=CARTESIAN_POINT('Ctrl Pts',(16.9670288124562,43.4303354670957,-1.56701763167334));
#7548=CARTESIAN_POINT('Ctrl Pts',(16.9406180434714,43.0871841202072,-1.266342498724));
#7549=CARTESIAN_POINT('Ctrl Pts',(16.9,42.7871066627605,-1.03408656129295));
#7550=CARTESIAN_POINT('Ctrl Pts',(16.9,42.5592182783861,-0.836853888961389));
#7551=CARTESIAN_POINT('Ctrl Pts',(17.0984178654195,43.5464144971228,-1.80158213458049));
#7552=CARTESIAN_POINT('Ctrl Pts',(17.0882382990765,43.4959287573142,-1.76219749468104));
#7553=CARTESIAN_POINT('Ctrl Pts',(17.0654101523923,43.3802301633284,-1.67548147087653));
#7554=CARTESIAN_POINT('Ctrl Pts',(17.0137752446958,43.1457532766409,-1.51180536043344));
#7555=CARTESIAN_POINT('Ctrl Pts',(16.9662220485575,42.8266389115555,-1.2769155135043));
#7556=CARTESIAN_POINT('Ctrl Pts',(16.9,42.5671619499447,-1.09216071433617));
#7557=CARTESIAN_POINT('Ctrl Pts',(16.9,42.3852431531271,-0.929845682717808));
#7558=CARTESIAN_POINT('Ctrl Pts',(17.2019575390664,43.0640746059892,-1.69804246093363));
#7559=CARTESIAN_POINT('Ctrl Pts',(17.1749701410593,43.0084727917662,-1.66504702050415));
#7560=CARTESIAN_POINT('Ctrl Pts',(17.1238108429191,42.8920145113748,-1.5969911509403));
#7561=CARTESIAN_POINT('Ctrl Pts',(17.0462268509875,42.7029485302218,-1.47183027871545));
#7562=CARTESIAN_POINT('Ctrl Pts',(16.9564846092695,42.4864796720243,-1.3040299250152));
#7563=CARTESIAN_POINT('Ctrl Pts',(16.9,42.3029843679784,-1.12001243566284));
#7564=CARTESIAN_POINT('Ctrl Pts',(16.9,42.1964690343389,-0.987109545586303));
#7565=CARTESIAN_POINT('Ctrl Pts',(17.1928932188134,42.5243954489277,-1.70710678118655));
#7566=CARTESIAN_POINT('Ctrl Pts',(17.1682031164072,42.4865613655369,-1.68241667878033));
#7567=CARTESIAN_POINT('Ctrl Pts',(17.1084164313699,42.4082068137686,-1.62143166686815));
#7568=CARTESIAN_POINT('Ctrl Pts',(17.008421961247,42.2902601370693,-1.47751098858509));
#7569=CARTESIAN_POINT('Ctrl Pts',(16.9249374575673,42.1755700308039,-1.27237978378077));
#7570=CARTESIAN_POINT('Ctrl Pts',(16.9,42.1015875619951,-1.09598261622031));
#7571=CARTESIAN_POINT('Ctrl Pts',(16.9,42.0655909746789,-1.));
#7572=CARTESIAN_POINT('Ctrl Pts',(17.1928932188134,42.0001510114022,-1.70710678118655));
#7573=CARTESIAN_POINT('Ctrl Pts',(17.1466131882076,42.0001510114022,-1.66082675058073));
#7574=CARTESIAN_POINT('Ctrl Pts',(17.0631707516826,42.0001510114022,-1.5591517052669));
#7575=CARTESIAN_POINT('Ctrl Pts',(16.9701649129841,42.0001510114022,-1.38515030381236));
#7576=CARTESIAN_POINT('Ctrl Pts',(16.9128924013133,42.0001510114022,-1.19634767367421));
#7577=CARTESIAN_POINT('Ctrl Pts',(16.9,42.0001510114022,-1.06544984694979));
#7578=CARTESIAN_POINT('Ctrl Pts',(16.9,42.0001510114022,-1.));
#7579=CARTESIAN_POINT('',(17.1928932188134,42.0001510114022,-1.70710678118655));
#7580=CARTESIAN_POINT('Ctrl Pts',(16.9,44.,-2.));
#7581=CARTESIAN_POINT('Ctrl Pts',(16.9333383447083,43.9333233105833,-1.96666165529166));
#7582=CARTESIAN_POINT('Ctrl Pts',(17.0008189131868,43.79776058297,-1.8991810868132));
#7583=CARTESIAN_POINT('Ctrl Pts',(17.0984178654195,43.5464144971228,-1.80158213458049));
#7584=CARTESIAN_POINT('Ctrl Pts',(17.2019575390664,43.0640746059892,-1.69804246093362));
#7585=CARTESIAN_POINT('Ctrl Pts',(17.1928932188135,42.5243954489277,-1.70710678118655));
#7586=CARTESIAN_POINT('Ctrl Pts',(17.1928932188135,42.0001510114022,-1.70710678118655));
#7587=CARTESIAN_POINT('',(16.9,42.0001510114022,-1.));
#7588=CARTESIAN_POINT('Origin',(17.9,42.0001510114022,-1.));
#7589=CARTESIAN_POINT('Origin',(16.9,42.0001510114022,-0.000151011402222956));
#7590=CARTESIAN_POINT('Ctrl Pts',(16.9,44.,-2.));
#7591=CARTESIAN_POINT('Ctrl Pts',(16.9333383447083,43.9333233105833,-1.96666165529166));
#7592=CARTESIAN_POINT('Ctrl Pts',(17.0008189131868,43.79776058297,-1.8991810868132));
#7593=CARTESIAN_POINT('Ctrl Pts',(17.0984178654195,43.5464144971228,-1.80158213458049));
#7594=CARTESIAN_POINT('Ctrl Pts',(17.2019575390664,43.0640746059892,-1.69804246093362));
#7595=CARTESIAN_POINT('Ctrl Pts',(17.1928932188135,42.5243954489277,-1.70710678118655));
#7596=CARTESIAN_POINT('Ctrl Pts',(17.1928932188135,42.0001510114022,-1.70710678118655));
#7597=CARTESIAN_POINT('Ctrl Pts',(16.9577437068751,43.9422562931249,-2.));
#7598=CARTESIAN_POINT('Ctrl Pts',(16.9875594409793,43.8803915792811,-1.96795102026042));
#7599=CARTESIAN_POINT('Ctrl Pts',(17.0489133355307,43.7489793087153,-1.90375256029822));
#7600=CARTESIAN_POINT('Ctrl Pts',(17.137802505319,43.4959287573142,-1.81176170092355));
#7601=CARTESIAN_POINT('Ctrl Pts',(17.2349529794958,43.0084727917662,-1.72502985894066));
#7602=CARTESIAN_POINT('Ctrl Pts',(17.2175833212197,42.4865613655369,-1.73179688359277));
#7603=CARTESIAN_POINT('Ctrl Pts',(17.2391732494193,42.0001510114022,-1.75338681179236));
#7604=CARTESIAN_POINT('Ctrl Pts',(17.0745567931083,43.8254432068917,-2.));
#7605=CARTESIAN_POINT('Ctrl Pts',(17.0992849584539,43.7686689340099,-1.97065631691859));
#7606=CARTESIAN_POINT('Ctrl Pts',(17.1504879541024,43.6415810483169,-1.91266520079742));
#7607=CARTESIAN_POINT('Ctrl Pts',(17.2245185291235,43.3802301633284,-1.8345898476077));
#7608=CARTESIAN_POINT('Ctrl Pts',(17.3030088490597,42.8920145113748,-1.77618915708087));
#7609=CARTESIAN_POINT('Ctrl Pts',(17.2785683331319,42.4082068137686,-1.79158356863008));
#7610=CARTESIAN_POINT('Ctrl Pts',(17.3408482947331,42.0001510114022,-1.83682924831738));
#7611=CARTESIAN_POINT('Ctrl Pts',(17.2781419538952,43.6218580461048,-2.));
#7612=CARTESIAN_POINT('Ctrl Pts',(17.2959326821774,43.5641141956592,-1.9766052181999));
#7613=CARTESIAN_POINT('Ctrl Pts',(17.3329823683267,43.4303354670958,-1.93297118754374));
#7614=CARTESIAN_POINT('Ctrl Pts',(17.3881946395666,43.1457532766409,-1.88622475530427));
#7615=CARTESIAN_POINT('Ctrl Pts',(17.4281697212845,42.7029485302218,-1.85377314901249));
#7616=CARTESIAN_POINT('Ctrl Pts',(17.4224890114149,42.2902601370694,-1.89157803875298));
#7617=CARTESIAN_POINT('Ctrl Pts',(17.5148496961876,42.0001510114022,-1.92983508701591));
#7618=CARTESIAN_POINT('Ctrl Pts',(17.6142835826181,43.2857164173819,-2.));
#7619=CARTESIAN_POINT('Ctrl Pts',(17.6216875098184,43.2235785374776,-1.98421771295453));
#7620=CARTESIAN_POINT('Ctrl Pts',(17.633657501276,43.0871841202072,-1.9593819565286));
#7621=CARTESIAN_POINT('Ctrl Pts',(17.6230844864957,42.8266389115556,-1.93377795144249));
#7622=CARTESIAN_POINT('Ctrl Pts',(17.5959700749848,42.4864796720243,-1.94351539073052));
#7623=CARTESIAN_POINT('Ctrl Pts',(17.6276202162192,42.1755700308039,-1.97506254243271));
#7624=CARTESIAN_POINT('Ctrl Pts',(17.7036523263258,42.0001510114022,-1.98710759868671));
#7625=CARTESIAN_POINT('Ctrl Pts',(17.9307070024887,42.9692929975113,-2.));
#7626=CARTESIAN_POINT('Ctrl Pts',(17.9099076698556,42.9106567283167,-2.));
#7627=CARTESIAN_POINT('Ctrl Pts',(17.8659134387071,42.7871066627605,-2.));
#7628=CARTESIAN_POINT('Ctrl Pts',(17.8078392856638,42.5671619499448,-2.));
#7629=CARTESIAN_POINT('Ctrl Pts',(17.7799875643372,42.3029843679784,-2.));
#7630=CARTESIAN_POINT('Ctrl Pts',(17.8040173837797,42.1015875619951,-2.));
#7631=CARTESIAN_POINT('Ctrl Pts',(17.8345501530502,42.0001510114022,-2.));
#7632=CARTESIAN_POINT('Ctrl Pts',(18.1928489885978,42.7071510114022,-2.));
#7633=CARTESIAN_POINT('Ctrl Pts',(18.1465759468043,42.6608779696087,-2.));
#7634=CARTESIAN_POINT('Ctrl Pts',(18.0631461110386,42.5592182783861,-2.));
#7635=CARTESIAN_POINT('Ctrl Pts',(17.9701543172822,42.3852431531272,-2.));
#7636=CARTESIAN_POINT('Ctrl Pts',(17.9128904544137,42.1964690343389,-2.));
#7637=CARTESIAN_POINT('Ctrl Pts',(17.9,42.0655909746789,-2.));
#7638=CARTESIAN_POINT('Ctrl Pts',(17.9,42.0001510114022,-2.));
#7639=CARTESIAN_POINT('',(18.1928489885978,42.7071510114022,-2.));
#7640=CARTESIAN_POINT('Ctrl Pts',(16.9,44.,-2.));
#7641=CARTESIAN_POINT('Ctrl Pts',(16.9577437068751,43.9422562931249,-2.));
#7642=CARTESIAN_POINT('Ctrl Pts',(17.0745567931083,43.8254432068917,-2.));
#7643=CARTESIAN_POINT('Ctrl Pts',(17.2781419538952,43.6218580461048,-2.));
#7644=CARTESIAN_POINT('Ctrl Pts',(17.6142835826181,43.2857164173819,-2.));
#7645=CARTESIAN_POINT('Ctrl Pts',(17.9307070024887,42.9692929975113,-2.));
#7646=CARTESIAN_POINT('Ctrl Pts',(18.1928489885978,42.7071510114022,-2.));
#7647=CARTESIAN_POINT('',(17.9,42.0001510114022,-2.));
#7648=CARTESIAN_POINT('Origin',(18.8998489885978,42.0001510114022,-2.));
#7649=CARTESIAN_POINT('Origin',(17.9,42.0001510114022,-1.));
#7650=CARTESIAN_POINT('Ctrl Pts',(16.9,44.,-2.));
#7651=CARTESIAN_POINT('Ctrl Pts',(16.9577437068751,43.9422562931249,-2.));
#7652=CARTESIAN_POINT('Ctrl Pts',(17.0745567931083,43.8254432068917,-2.));
#7653=CARTESIAN_POINT('Ctrl Pts',(17.2781419538952,43.6218580461048,-2.));
#7654=CARTESIAN_POINT('Ctrl Pts',(17.6142835826181,43.2857164173819,-2.));
#7655=CARTESIAN_POINT('Ctrl Pts',(17.9307070024887,42.9692929975113,-2.));
#7656=CARTESIAN_POINT('Ctrl Pts',(18.1928489885978,42.7071510114022,-2.));
#7657=CARTESIAN_POINT('Ctrl Pts',(16.9666766894167,43.9666616552917,-2.03333834470834));
#7658=CARTESIAN_POINT('Ctrl Pts',(17.0196084207189,43.9124405590207,-2.03204897973958));
#7659=CARTESIAN_POINT('Ctrl Pts',(17.1313310659901,43.8007150415461,-2.02934368308141));
#7660=CARTESIAN_POINT('Ctrl Pts',(17.3358858043408,43.6040673178227,-2.0233947818001));
#7661=CARTESIAN_POINT('Ctrl Pts',(17.6764214625224,43.2783124901815,-2.01578228704547));
#7662=CARTESIAN_POINT('Ctrl Pts',(17.9893432716833,42.9900923301444,-2.));
#7663=CARTESIAN_POINT('Ctrl Pts',(18.2391220303913,42.7534240531957,-2.));
#7664=CARTESIAN_POINT('Ctrl Pts',(17.10223941703,43.8991810868132,-2.1008189131868));
#7665=CARTESIAN_POINT('Ctrl Pts',(17.1510206912848,43.8510866644693,-2.09624743970178));
#7666=CARTESIAN_POINT('Ctrl Pts',(17.2584189516831,43.7495120458976,-2.08733479920258));
#7667=CARTESIAN_POINT('Ctrl Pts',(17.4696645329043,43.5670176316733,-2.06702881245626));
#7668=CARTESIAN_POINT('Ctrl Pts',(17.8128158797929,43.266342498724,-2.0406180434714));
#7669=CARTESIAN_POINT('Ctrl Pts',(18.1128933372395,43.034086561293,-2.));
#7670=CARTESIAN_POINT('Ctrl Pts',(18.3407817216139,42.8368538889614,-2.));
#7671=CARTESIAN_POINT('Ctrl Pts',(17.3535855028772,43.8015821345805,-2.19841786541951));
#7672=CARTESIAN_POINT('Ctrl Pts',(17.4040712426858,43.7621974946811,-2.18823829907645));
#7673=CARTESIAN_POINT('Ctrl Pts',(17.5197698366716,43.6754814708765,-2.1654101523923));
#7674=CARTESIAN_POINT('Ctrl Pts',(17.7542467233591,43.5118053604334,-2.11377524469573));
#7675=CARTESIAN_POINT('Ctrl Pts',(18.0733610884444,43.2769155135043,-2.06622204855751));
#7676=CARTESIAN_POINT('Ctrl Pts',(18.3328380500553,43.0921607143362,-2.));
#7677=CARTESIAN_POINT('Ctrl Pts',(18.5147568468729,42.9298456827178,-2.));
#7678=CARTESIAN_POINT('Ctrl Pts',(17.8359253940108,43.6980424609336,-2.30195753906638));
#7679=CARTESIAN_POINT('Ctrl Pts',(17.8915272082338,43.6650470205041,-2.27497014105934));
#7680=CARTESIAN_POINT('Ctrl Pts',(18.0079854886252,43.5969911509403,-2.22381084291913));
#7681=CARTESIAN_POINT('Ctrl Pts',(18.1970514697782,43.4718302787154,-2.14622685098751));
#7682=CARTESIAN_POINT('Ctrl Pts',(18.4135203279758,43.3040299250152,-2.05648460926948));
#7683=CARTESIAN_POINT('Ctrl Pts',(18.5970156320216,43.1200124356629,-2.));
#7684=CARTESIAN_POINT('Ctrl Pts',(18.7035309656611,42.9871095455863,-2.));
#7685=CARTESIAN_POINT('Ctrl Pts',(18.3756045510723,43.7071067811866,-2.29289321881345));
#7686=CARTESIAN_POINT('Ctrl Pts',(18.4134386344631,43.6824166787803,-2.26820311640723));
#7687=CARTESIAN_POINT('Ctrl Pts',(18.4917931862314,43.6214316668681,-2.20841643136992));
#7688=CARTESIAN_POINT('Ctrl Pts',(18.6097398629306,43.4775109885851,-2.10842196124702));
#7689=CARTESIAN_POINT('Ctrl Pts',(18.7244299691961,43.2723797837808,-2.02493745756729));
#7690=CARTESIAN_POINT('Ctrl Pts',(18.7984124380049,43.0959826162203,-2.));
#7691=CARTESIAN_POINT('Ctrl Pts',(18.8344090253212,43.,-2.));
#7692=CARTESIAN_POINT('Ctrl Pts',(18.8998489885978,43.7071067811866,-2.29289321881345));
#7693=CARTESIAN_POINT('Ctrl Pts',(18.8998489885978,43.6608267505807,-2.24661318820764));
#7694=CARTESIAN_POINT('Ctrl Pts',(18.8998489885978,43.5591517052669,-2.16317075168262));
#7695=CARTESIAN_POINT('Ctrl Pts',(18.8998489885978,43.3851503038124,-2.07016491298409));
#7696=CARTESIAN_POINT('Ctrl Pts',(18.8998489885978,43.1963476736742,-2.01289240131329));
#7697=CARTESIAN_POINT('Ctrl Pts',(18.8998489885978,43.0654498469498,-2.));
#7698=CARTESIAN_POINT('Ctrl Pts',(18.8998489885978,43.,-2.));
#7699=CARTESIAN_POINT('',(18.8998489885978,43.7071067811866,-2.29289321881345));
#7700=CARTESIAN_POINT('Ctrl Pts',(16.9,44.,-2.));
#7701=CARTESIAN_POINT('Ctrl Pts',(16.9666766894167,43.9666616552917,-2.03333834470834));
#7702=CARTESIAN_POINT('Ctrl Pts',(17.10223941703,43.8991810868132,-2.1008189131868));
#7703=CARTESIAN_POINT('Ctrl Pts',(17.3535855028772,43.8015821345805,-2.19841786541951));
#7704=CARTESIAN_POINT('Ctrl Pts',(17.8359253940108,43.6980424609336,-2.30195753906638));
#7705=CARTESIAN_POINT('Ctrl Pts',(18.3756045510723,43.7071067811866,-2.29289321881345));
#7706=CARTESIAN_POINT('Ctrl Pts',(18.8998489885978,43.7071067811866,-2.29289321881345));
#7707=CARTESIAN_POINT('',(18.8998489885978,43.,-2.));
#7708=CARTESIAN_POINT('Origin',(18.8998489885978,43.,-3.));
#7709=CARTESIAN_POINT('Origin',(18.8998489885978,42.0001510114022,-2.));
#7710=CARTESIAN_POINT('Ctrl Pts',(16.9,44.,-2.));
#7711=CARTESIAN_POINT('Ctrl Pts',(16.9666766894167,43.9666616552917,-2.03333834470834));
#7712=CARTESIAN_POINT('Ctrl Pts',(17.10223941703,43.8991810868132,-2.1008189131868));
#7713=CARTESIAN_POINT('Ctrl Pts',(17.3535855028772,43.8015821345805,-2.19841786541951));
#7714=CARTESIAN_POINT('Ctrl Pts',(17.8359253940108,43.6980424609336,-2.30195753906638));
#7715=CARTESIAN_POINT('Ctrl Pts',(18.3756045510723,43.7071067811866,-2.29289321881345));
#7716=CARTESIAN_POINT('Ctrl Pts',(18.8998489885978,43.7071067811866,-2.29289321881345));
#7717=CARTESIAN_POINT('Ctrl Pts',(16.9577437068751,44.,-2.05774370687509));
#7718=CARTESIAN_POINT('Ctrl Pts',(17.0196084207189,43.9679510202604,-2.08755944097928));
#7719=CARTESIAN_POINT('Ctrl Pts',(17.1510206912848,43.9037525602982,-2.14891333553068));
#7720=CARTESIAN_POINT('Ctrl Pts',(17.4040712426858,43.8117617009236,-2.23780250531896));
#7721=CARTESIAN_POINT('Ctrl Pts',(17.8915272082338,43.7250298589407,-2.33495297949585));
#7722=CARTESIAN_POINT('Ctrl Pts',(18.4134386344631,43.7317968835928,-2.31758332121967));
#7723=CARTESIAN_POINT('Ctrl Pts',(18.8998489885978,43.7533868117924,-2.33917324941927));
#7724=CARTESIAN_POINT('Ctrl Pts',(17.0745567931083,44.,-2.17455679310835));
#7725=CARTESIAN_POINT('Ctrl Pts',(17.1313310659901,43.9706563169186,-2.19928495845393));
#7726=CARTESIAN_POINT('Ctrl Pts',(17.258418951683,43.9126652007974,-2.25048795410238));
#7727=CARTESIAN_POINT('Ctrl Pts',(17.5197698366716,43.8345898476076,-2.32451852912347));
#7728=CARTESIAN_POINT('Ctrl Pts',(18.0079854886252,43.776189157081,-2.4030088490597));
#7729=CARTESIAN_POINT('Ctrl Pts',(18.4917931862314,43.7915835686301,-2.37856833313185));
#7730=CARTESIAN_POINT('Ctrl Pts',(18.8998489885978,43.8368292483174,-2.4408482947331));
#7731=CARTESIAN_POINT('Ctrl Pts',(17.2781419538952,44.,-2.37814195389516));
#7732=CARTESIAN_POINT('Ctrl Pts',(17.3358858043408,43.9766052181999,-2.39593268217735));
#7733=CARTESIAN_POINT('Ctrl Pts',(17.4696645329043,43.9329711875437,-2.43298236832666));
#7734=CARTESIAN_POINT('Ctrl Pts',(17.7542467233591,43.8862247553043,-2.48819463956656));
#7735=CARTESIAN_POINT('Ctrl Pts',(18.1970514697782,43.8537731490124,-2.52816972128454));
#7736=CARTESIAN_POINT('Ctrl Pts',(18.6097398629306,43.891578038753,-2.52248901141491));
#7737=CARTESIAN_POINT('Ctrl Pts',(18.8998489885978,43.9298350870159,-2.61484969618764));
#7738=CARTESIAN_POINT('Ctrl Pts',(17.6142835826181,44.,-2.71428358261809));
#7739=CARTESIAN_POINT('Ctrl Pts',(17.6764214625224,43.9842177129545,-2.72168750981843));
#7740=CARTESIAN_POINT('Ctrl Pts',(17.8128158797929,43.9593819565286,-2.73365750127599));
#7741=CARTESIAN_POINT('Ctrl Pts',(18.0733610884444,43.9337779514424,-2.7230844864957));
#7742=CARTESIAN_POINT('Ctrl Pts',(18.4135203279758,43.9435153907306,-2.69597007498479));
#7743=CARTESIAN_POINT('Ctrl Pts',(18.7244299691961,43.9750625424327,-2.72762021621923));
#7744=CARTESIAN_POINT('Ctrl Pts',(18.8998489885978,43.9871075986867,-2.80365232632579));
#7745=CARTESIAN_POINT('Ctrl Pts',(17.9307070024887,44.,-3.03070700248871));
#7746=CARTESIAN_POINT('Ctrl Pts',(17.9893432716833,44.,-3.00990766985559));
#7747=CARTESIAN_POINT('Ctrl Pts',(18.1128933372395,44.,-2.96591343870705));
#7748=CARTESIAN_POINT('Ctrl Pts',(18.3328380500553,44.,-2.90783928566383));
#7749=CARTESIAN_POINT('Ctrl Pts',(18.5970156320216,44.,-2.87998756433715));
#7750=CARTESIAN_POINT('Ctrl Pts',(18.7984124380049,44.,-2.90401738377968));
#7751=CARTESIAN_POINT('Ctrl Pts',(18.8998489885978,44.,-2.93455015305021));
#7752=CARTESIAN_POINT('Ctrl Pts',(18.1928489885978,44.,-3.29284898859778));
#7753=CARTESIAN_POINT('Ctrl Pts',(18.2391220303913,44.,-3.24657594680428));
#7754=CARTESIAN_POINT('Ctrl Pts',(18.3407817216139,44.,-3.16314611103861));
#7755=CARTESIAN_POINT('Ctrl Pts',(18.5147568468729,44.,-3.07015431728219));
#7756=CARTESIAN_POINT('Ctrl Pts',(18.7035309656611,44.,-3.01289045441369));
#7757=CARTESIAN_POINT('Ctrl Pts',(18.8344090253212,44.,-3.));
#7758=CARTESIAN_POINT('Ctrl Pts',(18.8998489885978,44.,-3.));
#7759=CARTESIAN_POINT('',(18.1928489885978,44.,-3.29284898859778));
#7760=CARTESIAN_POINT('Ctrl Pts',(16.9,44.,-2.));
#7761=CARTESIAN_POINT('Ctrl Pts',(16.9577437068751,44.,-2.05774370687509));
#7762=CARTESIAN_POINT('Ctrl Pts',(17.0745567931083,44.,-2.17455679310835));
#7763=CARTESIAN_POINT('Ctrl Pts',(17.2781419538952,44.,-2.37814195389516));
#7764=CARTESIAN_POINT('Ctrl Pts',(17.6142835826181,44.,-2.71428358261809));
#7765=CARTESIAN_POINT('Ctrl Pts',(17.9307070024887,44.,-3.03070700248871));
#7766=CARTESIAN_POINT('Ctrl Pts',(18.1928489885978,44.,-3.29284898859778));
#7767=CARTESIAN_POINT('',(18.8998489885978,44.,-3.));
#7768=CARTESIAN_POINT('Origin',(18.8998489885978,44.,-3.99984898859778));
#7769=CARTESIAN_POINT('Origin',(18.8998489885978,43.,-3.));
#7770=CARTESIAN_POINT('Ctrl Pts',(16.9,44.,-2.));
#7771=CARTESIAN_POINT('Ctrl Pts',(16.9577437068751,44.,-2.05774370687509));
#7772=CARTESIAN_POINT('Ctrl Pts',(17.0745567931083,44.,-2.17455679310835));
#7773=CARTESIAN_POINT('Ctrl Pts',(17.2781419538952,44.,-2.37814195389516));
#7774=CARTESIAN_POINT('Ctrl Pts',(17.6142835826181,44.,-2.71428358261809));
#7775=CARTESIAN_POINT('Ctrl Pts',(17.9307070024887,44.,-3.03070700248871));
#7776=CARTESIAN_POINT('Ctrl Pts',(18.1928489885978,44.,-3.29284898859778));
#7777=CARTESIAN_POINT('Ctrl Pts',(16.9333383447083,44.0333383447083,-2.06667668941669));
#7778=CARTESIAN_POINT('Ctrl Pts',(16.9875594409793,44.0320489797396,-2.11960842071886));
#7779=CARTESIAN_POINT('Ctrl Pts',(17.0992849584539,44.0293436830814,-2.23133106599014));
#7780=CARTESIAN_POINT('Ctrl Pts',(17.2959326821774,44.0233947818001,-2.43588580434081));
#7781=CARTESIAN_POINT('Ctrl Pts',(17.6216875098184,44.0157822870455,-2.77642146252242));
#7782=CARTESIAN_POINT('Ctrl Pts',(17.9099076698556,44.,-3.08934327168332));
#7783=CARTESIAN_POINT('Ctrl Pts',(18.1465759468043,44.,-3.33912203039128));
#7784=CARTESIAN_POINT('Ctrl Pts',(17.0008189131868,44.1008189131868,-2.20223941702996));
#7785=CARTESIAN_POINT('Ctrl Pts',(17.0489133355307,44.0962474397018,-2.25102069128475));
#7786=CARTESIAN_POINT('Ctrl Pts',(17.1504879541024,44.0873347992026,-2.35841895168305));
#7787=CARTESIAN_POINT('Ctrl Pts',(17.3329823683266,44.0670288124563,-2.56966453290426));
#7788=CARTESIAN_POINT('Ctrl Pts',(17.633657501276,44.0406180434714,-2.91281587979287));
#7789=CARTESIAN_POINT('Ctrl Pts',(17.8659134387071,44.,-3.21289333723952));
#7790=CARTESIAN_POINT('Ctrl Pts',(18.0631461110386,44.,-3.44078172161394));
#7791=CARTESIAN_POINT('Ctrl Pts',(17.0984178654195,44.1984178654195,-2.45358550287724));
#7792=CARTESIAN_POINT('Ctrl Pts',(17.137802505319,44.1882382990764,-2.50407124268576));
#7793=CARTESIAN_POINT('Ctrl Pts',(17.2245185291234,44.1654101523923,-2.61976983667159));
#7794=CARTESIAN_POINT('Ctrl Pts',(17.3881946395666,44.1137752446957,-2.85424672335913));
#7795=CARTESIAN_POINT('Ctrl Pts',(17.6230844864957,44.0662220485575,-3.1733610884444));
#7796=CARTESIAN_POINT('Ctrl Pts',(17.8078392856638,44.,-3.43283805005526));
#7797=CARTESIAN_POINT('Ctrl Pts',(17.9701543172822,44.,-3.61475684687287));
#7798=CARTESIAN_POINT('Ctrl Pts',(17.2019575390664,44.3019575390664,-2.93592539401078));
#7799=CARTESIAN_POINT('Ctrl Pts',(17.2349529794958,44.2749701410593,-2.9915272082338));
#7800=CARTESIAN_POINT('Ctrl Pts',(17.3030088490597,44.2238108429191,-3.1079854886252));
#7801=CARTESIAN_POINT('Ctrl Pts',(17.4281697212845,44.1462268509876,-3.2970514697782));
#7802=CARTESIAN_POINT('Ctrl Pts',(17.5959700749848,44.0564846092694,-3.51352032797578));
#7803=CARTESIAN_POINT('Ctrl Pts',(17.7799875643372,44.,-3.69701563202156));
#7804=CARTESIAN_POINT('Ctrl Pts',(17.9128904544137,44.,-3.80353096566109));
#7805=CARTESIAN_POINT('Ctrl Pts',(17.1928932188135,44.2928932188135,-3.4756045510723));
#7806=CARTESIAN_POINT('Ctrl Pts',(17.2175833212197,44.2682031164072,-3.51343863446311));
#7807=CARTESIAN_POINT('Ctrl Pts',(17.2785683331319,44.2084164313699,-3.59179318623143));
#7808=CARTESIAN_POINT('Ctrl Pts',(17.4224890114149,44.108421961247,-3.70973986293064));
#7809=CARTESIAN_POINT('Ctrl Pts',(17.6276202162192,44.0249374575673,-3.8244299691961));
#7810=CARTESIAN_POINT('Ctrl Pts',(17.8040173837797,44.,-3.89841243800487));
#7811=CARTESIAN_POINT('Ctrl Pts',(17.9,44.,-3.93440902532115));
#7812=CARTESIAN_POINT('Ctrl Pts',(17.1928932188135,44.2928932188135,-3.99984898859778));
#7813=CARTESIAN_POINT('Ctrl Pts',(17.2391732494193,44.2466131882076,-3.99984898859778));
#7814=CARTESIAN_POINT('Ctrl Pts',(17.3408482947331,44.1631707516826,-3.99984898859778));
#7815=CARTESIAN_POINT('Ctrl Pts',(17.5148496961876,44.0701649129841,-3.99984898859778));
#7816=CARTESIAN_POINT('Ctrl Pts',(17.7036523263258,44.0128924013133,-3.99984898859778));
#7817=CARTESIAN_POINT('Ctrl Pts',(17.8345501530502,44.,-3.99984898859778));
#7818=CARTESIAN_POINT('Ctrl Pts',(17.9,44.,-3.99984898859778));
#7819=CARTESIAN_POINT('',(17.1928932188135,44.2928932188135,-3.99984898859778));
#7820=CARTESIAN_POINT('Ctrl Pts',(16.9,44.,-2.));
#7821=CARTESIAN_POINT('Ctrl Pts',(16.9333383447083,44.0333383447083,-2.06667668941669));
#7822=CARTESIAN_POINT('Ctrl Pts',(17.0008189131868,44.1008189131868,-2.20223941702996));
#7823=CARTESIAN_POINT('Ctrl Pts',(17.0984178654195,44.1984178654195,-2.45358550287724));
#7824=CARTESIAN_POINT('Ctrl Pts',(17.2019575390664,44.3019575390664,-2.93592539401078));
#7825=CARTESIAN_POINT('Ctrl Pts',(17.1928932188135,44.2928932188135,-3.4756045510723));
#7826=CARTESIAN_POINT('Ctrl Pts',(17.1928932188135,44.2928932188135,-3.99984898859778));
#7827=CARTESIAN_POINT('',(17.9,44.,-3.99984898859778));
#7828=CARTESIAN_POINT('Origin',(17.9,45.,-3.99984898859778));
#7829=CARTESIAN_POINT('Origin',(18.8998489885978,44.,-3.99984898859778));
#7830=CARTESIAN_POINT('Ctrl Pts',(16.9,44.,-2.));
#7831=CARTESIAN_POINT('Ctrl Pts',(16.9333383447083,44.0333383447083,-2.06667668941669));
#7832=CARTESIAN_POINT('Ctrl Pts',(17.0008189131868,44.1008189131868,-2.20223941702996));
#7833=CARTESIAN_POINT('Ctrl Pts',(17.0984178654195,44.1984178654195,-2.45358550287724));
#7834=CARTESIAN_POINT('Ctrl Pts',(17.2019575390664,44.3019575390664,-2.93592539401078));
#7835=CARTESIAN_POINT('Ctrl Pts',(17.1928932188135,44.2928932188135,-3.4756045510723));
#7836=CARTESIAN_POINT('Ctrl Pts',(17.1928932188135,44.2928932188135,-3.99984898859778));
#7837=CARTESIAN_POINT('Ctrl Pts',(16.9,44.0577437068751,-2.05774370687509));
#7838=CARTESIAN_POINT('Ctrl Pts',(16.9320489797396,44.0875594409793,-2.11960842071886));
#7839=CARTESIAN_POINT('Ctrl Pts',(16.9962474397018,44.1489133355307,-2.25102069128475));
#7840=CARTESIAN_POINT('Ctrl Pts',(17.0882382990764,44.2378025053189,-2.50407124268576));
#7841=CARTESIAN_POINT('Ctrl Pts',(17.1749701410593,44.3349529794958,-2.9915272082338));
#7842=CARTESIAN_POINT('Ctrl Pts',(17.1682031164072,44.3175833212197,-3.51343863446311));
#7843=CARTESIAN_POINT('Ctrl Pts',(17.1466131882076,44.3391732494193,-3.99984898859778));
#7844=CARTESIAN_POINT('Ctrl Pts',(16.9,44.1745567931083,-2.17455679310834));
#7845=CARTESIAN_POINT('Ctrl Pts',(16.9293436830814,44.1992849584539,-2.23133106599014));
#7846=CARTESIAN_POINT('Ctrl Pts',(16.9873347992026,44.2504879541024,-2.35841895168305));
#7847=CARTESIAN_POINT('Ctrl Pts',(17.0654101523923,44.3245185291235,-2.61976983667159));
#7848=CARTESIAN_POINT('Ctrl Pts',(17.1238108429191,44.4030088490597,-3.1079854886252));
#7849=CARTESIAN_POINT('Ctrl Pts',(17.1084164313699,44.3785683331319,-3.59179318623144));
#7850=CARTESIAN_POINT('Ctrl Pts',(17.0631707516826,44.4408482947331,-3.99984898859778));
#7851=CARTESIAN_POINT('Ctrl Pts',(16.9,44.3781419538952,-2.37814195389516));
#7852=CARTESIAN_POINT('Ctrl Pts',(16.9233947818001,44.3959326821774,-2.43588580434081));
#7853=CARTESIAN_POINT('Ctrl Pts',(16.9670288124563,44.4329823683266,-2.56966453290426));
#7854=CARTESIAN_POINT('Ctrl Pts',(17.0137752446957,44.4881946395666,-2.85424672335913));
#7855=CARTESIAN_POINT('Ctrl Pts',(17.0462268509875,44.5281697212846,-3.2970514697782));
#7856=CARTESIAN_POINT('Ctrl Pts',(17.008421961247,44.5224890114149,-3.70973986293065));
#7857=CARTESIAN_POINT('Ctrl Pts',(16.9701649129841,44.6148496961876,-3.99984898859778));
#7858=CARTESIAN_POINT('Ctrl Pts',(16.9,44.7142835826181,-2.71428358261809));
#7859=CARTESIAN_POINT('Ctrl Pts',(16.9157822870455,44.7216875098184,-2.77642146252242));
#7860=CARTESIAN_POINT('Ctrl Pts',(16.9406180434714,44.733657501276,-2.91281587979286));
#7861=CARTESIAN_POINT('Ctrl Pts',(16.9662220485575,44.7230844864958,-3.1733610884444));
#7862=CARTESIAN_POINT('Ctrl Pts',(16.9564846092695,44.6959700749848,-3.51352032797579));
#7863=CARTESIAN_POINT('Ctrl Pts',(16.9249374575673,44.7276202162192,-3.8244299691961));
#7864=CARTESIAN_POINT('Ctrl Pts',(16.9128924013133,44.8036523263258,-3.99984898859778));
#7865=CARTESIAN_POINT('Ctrl Pts',(16.9,45.0307070024887,-3.03070700248871));
#7866=CARTESIAN_POINT('Ctrl Pts',(16.9,45.0099076698556,-3.08934327168333));
#7867=CARTESIAN_POINT('Ctrl Pts',(16.9,44.9659134387071,-3.21289333723952));
#7868=CARTESIAN_POINT('Ctrl Pts',(16.9,44.9078392856638,-3.43283805005527));
#7869=CARTESIAN_POINT('Ctrl Pts',(16.9,44.8799875643372,-3.69701563202156));
#7870=CARTESIAN_POINT('Ctrl Pts',(16.9,44.9040173837797,-3.89841243800487));
#7871=CARTESIAN_POINT('Ctrl Pts',(16.9,44.9345501530502,-3.99984898859778));
#7872=CARTESIAN_POINT('Ctrl Pts',(16.9,45.2928489885978,-3.29284898859778));
#7873=CARTESIAN_POINT('Ctrl Pts',(16.9,45.2465759468043,-3.33912203039128));
#7874=CARTESIAN_POINT('Ctrl Pts',(16.9,45.1631461110386,-3.44078172161394));
#7875=CARTESIAN_POINT('Ctrl Pts',(16.9,45.0701543172822,-3.61475684687287));
#7876=CARTESIAN_POINT('Ctrl Pts',(16.9,45.0128904544137,-3.80353096566109));
#7877=CARTESIAN_POINT('Ctrl Pts',(16.9,45.,-3.93440902532116));
#7878=CARTESIAN_POINT('Ctrl Pts',(16.9,45.,-3.99984898859778));
#7879=CARTESIAN_POINT('',(16.9,45.2928489885978,-3.29284898859778));
#7880=CARTESIAN_POINT('Ctrl Pts',(16.9,44.,-2.));
#7881=CARTESIAN_POINT('Ctrl Pts',(16.9,44.0577437068751,-2.05774370687509));
#7882=CARTESIAN_POINT('Ctrl Pts',(16.9,44.1745567931083,-2.17455679310834));
#7883=CARTESIAN_POINT('Ctrl Pts',(16.9,44.3781419538952,-2.37814195389516));
#7884=CARTESIAN_POINT('Ctrl Pts',(16.9,44.7142835826181,-2.71428358261809));
#7885=CARTESIAN_POINT('Ctrl Pts',(16.9,45.0307070024887,-3.03070700248871));
#7886=CARTESIAN_POINT('Ctrl Pts',(16.9,45.2928489885978,-3.29284898859778));
#7887=CARTESIAN_POINT('',(16.9,45.,-3.99984898859778));
#7888=CARTESIAN_POINT('Origin',(16.9,45.9998489885978,-3.99984898859778));
#7889=CARTESIAN_POINT('Origin',(17.9,45.,-3.99984898859778));
#7890=CARTESIAN_POINT('Ctrl Pts',(-17.1,44.,-2.));
#7891=CARTESIAN_POINT('Ctrl Pts',(-17.0666616552917,44.0666766894167,-2.03333834470834));
#7892=CARTESIAN_POINT('Ctrl Pts',(-16.9991810868132,44.2022394170299,-2.1008189131868));
#7893=CARTESIAN_POINT('Ctrl Pts',(-16.9015821345805,44.4535855028772,-2.19841786541951));
#7894=CARTESIAN_POINT('Ctrl Pts',(-16.7980424609336,44.9359253940108,-2.30195753906638));
#7895=CARTESIAN_POINT('Ctrl Pts',(-16.8071067811865,45.4756045510723,-2.29289321881345));
#7896=CARTESIAN_POINT('Ctrl Pts',(-16.8071067811865,45.9998489885978,-2.29289321881345));
#7897=CARTESIAN_POINT('Ctrl Pts',(-17.1,44.0577437068751,-2.05774370687509));
#7898=CARTESIAN_POINT('Ctrl Pts',(-17.0679510202604,44.1196084207189,-2.08755944097928));
#7899=CARTESIAN_POINT('Ctrl Pts',(-17.0037525602982,44.2510206912847,-2.14891333553068));
#7900=CARTESIAN_POINT('Ctrl Pts',(-16.9117617009236,44.5040712426858,-2.23780250531896));
#7901=CARTESIAN_POINT('Ctrl Pts',(-16.8250298589407,44.9915272082338,-2.33495297949585));
#7902=CARTESIAN_POINT('Ctrl Pts',(-16.8317968835928,45.5134386344631,-2.31758332121967));
#7903=CARTESIAN_POINT('Ctrl Pts',(-16.8533868117924,45.9998489885978,-2.33917324941927));
#7904=CARTESIAN_POINT('Ctrl Pts',(-17.1,44.1745567931084,-2.17455679310834));
#7905=CARTESIAN_POINT('Ctrl Pts',(-17.0706563169186,44.2313310659901,-2.19928495845393));
#7906=CARTESIAN_POINT('Ctrl Pts',(-17.0126652007974,44.3584189516831,-2.25048795410238));
#7907=CARTESIAN_POINT('Ctrl Pts',(-16.9345898476077,44.6197698366715,-2.32451852912347));
#7908=CARTESIAN_POINT('Ctrl Pts',(-16.8761891570809,45.1079854886252,-2.4030088490597));
#7909=CARTESIAN_POINT('Ctrl Pts',(-16.8915835686301,45.5917931862314,-2.37856833313185));
#7910=CARTESIAN_POINT('Ctrl Pts',(-16.9368292483174,45.9998489885978,-2.4408482947331));
#7911=CARTESIAN_POINT('Ctrl Pts',(-17.1,44.3781419538952,-2.37814195389516));
#7912=CARTESIAN_POINT('Ctrl Pts',(-17.0766052181999,44.4358858043408,-2.39593268217735));
#7913=CARTESIAN_POINT('Ctrl Pts',(-17.0329711875437,44.5696645329043,-2.43298236832666));
#7914=CARTESIAN_POINT('Ctrl Pts',(-16.9862247553043,44.8542467233591,-2.48819463956657));
#7915=CARTESIAN_POINT('Ctrl Pts',(-16.9537731490125,45.2970514697782,-2.52816972128454));
#7916=CARTESIAN_POINT('Ctrl Pts',(-16.991578038753,45.7097398629306,-2.52248901141492));
#7917=CARTESIAN_POINT('Ctrl Pts',(-17.0298350870159,45.9998489885978,-2.61484969618764));
#7918=CARTESIAN_POINT('Ctrl Pts',(-17.1,44.7142835826181,-2.71428358261809));
#7919=CARTESIAN_POINT('Ctrl Pts',(-17.0842177129545,44.7764214625224,-2.72168750981843));
#7920=CARTESIAN_POINT('Ctrl Pts',(-17.0593819565286,44.9128158797929,-2.733657501276));
#7921=CARTESIAN_POINT('Ctrl Pts',(-17.0337779514425,45.1733610884444,-2.7230844864957));
#7922=CARTESIAN_POINT('Ctrl Pts',(-17.0435153907305,45.5135203279758,-2.6959700749848));
#7923=CARTESIAN_POINT('Ctrl Pts',(-17.0750625424327,45.8244299691961,-2.72762021621923));
#7924=CARTESIAN_POINT('Ctrl Pts',(-17.0871075986867,45.9998489885978,-2.80365232632579));
#7925=CARTESIAN_POINT('Ctrl Pts',(-17.1,45.0307070024887,-3.03070700248871));
#7926=CARTESIAN_POINT('Ctrl Pts',(-17.1,45.0893432716833,-3.00990766985559));
#7927=CARTESIAN_POINT('Ctrl Pts',(-17.1,45.2128933372395,-2.96591343870706));
#7928=CARTESIAN_POINT('Ctrl Pts',(-17.1,45.4328380500553,-2.90783928566383));
#7929=CARTESIAN_POINT('Ctrl Pts',(-17.1,45.6970156320216,-2.87998756433715));
#7930=CARTESIAN_POINT('Ctrl Pts',(-17.1,45.8984124380049,-2.90401738377968));
#7931=CARTESIAN_POINT('Ctrl Pts',(-17.1,45.9998489885978,-2.93455015305021));
#7932=CARTESIAN_POINT('Ctrl Pts',(-17.1,45.2928489885978,-3.29284898859778));
#7933=CARTESIAN_POINT('Ctrl Pts',(-17.1,45.3391220303913,-3.24657594680428));
#7934=CARTESIAN_POINT('Ctrl Pts',(-17.1,45.4407817216139,-3.16314611103861));
#7935=CARTESIAN_POINT('Ctrl Pts',(-17.1,45.6147568468729,-3.07015431728219));
#7936=CARTESIAN_POINT('Ctrl Pts',(-17.1,45.8035309656611,-3.01289045441369));
#7937=CARTESIAN_POINT('Ctrl Pts',(-17.1,45.9344090253212,-3.));
#7938=CARTESIAN_POINT('Ctrl Pts',(-17.1,45.9998489885978,-3.));
#7939=CARTESIAN_POINT('',(-17.1,44.,-2.));
#7940=CARTESIAN_POINT('',(-16.8071067811865,45.9998489885978,-2.29289321881345));
#7941=CARTESIAN_POINT('Ctrl Pts',(-17.1,44.,-2.));
#7942=CARTESIAN_POINT('Ctrl Pts',(-17.0666616552917,44.0666766894167,-2.03333834470834));
#7943=CARTESIAN_POINT('Ctrl Pts',(-16.9991810868132,44.2022394170299,-2.1008189131868));
#7944=CARTESIAN_POINT('Ctrl Pts',(-16.9015821345805,44.4535855028772,-2.19841786541951));
#7945=CARTESIAN_POINT('Ctrl Pts',(-16.7980424609336,44.9359253940108,-2.30195753906638));
#7946=CARTESIAN_POINT('Ctrl Pts',(-16.8071067811865,45.4756045510723,-2.29289321881345));
#7947=CARTESIAN_POINT('Ctrl Pts',(-16.8071067811865,45.9998489885978,-2.29289321881345));
#7948=CARTESIAN_POINT('',(-17.1,45.2928489885978,-3.29284898859778));
#7949=CARTESIAN_POINT('Ctrl Pts',(-17.1,44.,-2.));
#7950=CARTESIAN_POINT('Ctrl Pts',(-17.1,44.0577437068751,-2.05774370687509));
#7951=CARTESIAN_POINT('Ctrl Pts',(-17.1,44.1745567931084,-2.17455679310834));
#7952=CARTESIAN_POINT('Ctrl Pts',(-17.1,44.3781419538952,-2.37814195389516));
#7953=CARTESIAN_POINT('Ctrl Pts',(-17.1,44.7142835826181,-2.71428358261809));
#7954=CARTESIAN_POINT('Ctrl Pts',(-17.1,45.0307070024887,-3.03070700248871));
#7955=CARTESIAN_POINT('Ctrl Pts',(-17.1,45.2928489885978,-3.29284898859778));
#7956=CARTESIAN_POINT('',(-17.1,45.9998489885978,-3.));
#7957=CARTESIAN_POINT('Origin',(-17.1,45.9998489885978,-3.99984898859778));
#7958=CARTESIAN_POINT('Origin',(-16.1,45.9998489885978,-3.));
#7959=CARTESIAN_POINT('Ctrl Pts',(-17.1,44.,-2.));
#7960=CARTESIAN_POINT('Ctrl Pts',(-17.1,44.0577437068751,-2.05774370687509));
#7961=CARTESIAN_POINT('Ctrl Pts',(-17.1,44.1745567931084,-2.17455679310834));
#7962=CARTESIAN_POINT('Ctrl Pts',(-17.1,44.3781419538952,-2.37814195389516));
#7963=CARTESIAN_POINT('Ctrl Pts',(-17.1,44.7142835826181,-2.71428358261809));
#7964=CARTESIAN_POINT('Ctrl Pts',(-17.1,45.0307070024887,-3.03070700248871));
#7965=CARTESIAN_POINT('Ctrl Pts',(-17.1,45.2928489885978,-3.29284898859778));
#7966=CARTESIAN_POINT('Ctrl Pts',(-17.1333383447083,44.0333383447083,-2.06667668941669));
#7967=CARTESIAN_POINT('Ctrl Pts',(-17.1320489797396,44.0875594409793,-2.11960842071886));
#7968=CARTESIAN_POINT('Ctrl Pts',(-17.1293436830814,44.1992849584539,-2.23133106599014));
#7969=CARTESIAN_POINT('Ctrl Pts',(-17.1233947818001,44.3959326821773,-2.43588580434081));
#7970=CARTESIAN_POINT('Ctrl Pts',(-17.1157822870455,44.7216875098184,-2.77642146252243));
#7971=CARTESIAN_POINT('Ctrl Pts',(-17.1,45.0099076698556,-3.08934327168333));
#7972=CARTESIAN_POINT('Ctrl Pts',(-17.1,45.2465759468043,-3.33912203039128));
#7973=CARTESIAN_POINT('Ctrl Pts',(-17.2008189131868,44.1008189131868,-2.20223941702996));
#7974=CARTESIAN_POINT('Ctrl Pts',(-17.1962474397018,44.1489133355307,-2.25102069128475));
#7975=CARTESIAN_POINT('Ctrl Pts',(-17.1873347992026,44.2504879541024,-2.35841895168304));
#7976=CARTESIAN_POINT('Ctrl Pts',(-17.1670288124563,44.4329823683266,-2.56966453290427));
#7977=CARTESIAN_POINT('Ctrl Pts',(-17.1406180434714,44.733657501276,-2.91281587979287));
#7978=CARTESIAN_POINT('Ctrl Pts',(-17.1,44.965913438707,-3.21289333723952));
#7979=CARTESIAN_POINT('Ctrl Pts',(-17.1,45.1631461110386,-3.44078172161394));
#7980=CARTESIAN_POINT('Ctrl Pts',(-17.2984178654195,44.1984178654195,-2.45358550287724));
#7981=CARTESIAN_POINT('Ctrl Pts',(-17.2882382990764,44.237802505319,-2.50407124268576));
#7982=CARTESIAN_POINT('Ctrl Pts',(-17.2654101523923,44.3245185291235,-2.61976983667159));
#7983=CARTESIAN_POINT('Ctrl Pts',(-17.2137752446957,44.4881946395666,-2.85424672335913));
#7984=CARTESIAN_POINT('Ctrl Pts',(-17.1662220485575,44.7230844864957,-3.1733610884444));
#7985=CARTESIAN_POINT('Ctrl Pts',(-17.1,44.9078392856638,-3.43283805005526));
#7986=CARTESIAN_POINT('Ctrl Pts',(-17.1,45.0701543172822,-3.61475684687287));
#7987=CARTESIAN_POINT('Ctrl Pts',(-17.4019575390664,44.3019575390664,-2.93592539401079));
#7988=CARTESIAN_POINT('Ctrl Pts',(-17.3749701410593,44.3349529794958,-2.9915272082338));
#7989=CARTESIAN_POINT('Ctrl Pts',(-17.3238108429191,44.4030088490597,-3.1079854886252));
#7990=CARTESIAN_POINT('Ctrl Pts',(-17.2462268509875,44.5281697212846,-3.29705146977821));
#7991=CARTESIAN_POINT('Ctrl Pts',(-17.1564846092695,44.6959700749848,-3.51352032797578));
#7992=CARTESIAN_POINT('Ctrl Pts',(-17.1,44.8799875643371,-3.69701563202156));
#7993=CARTESIAN_POINT('Ctrl Pts',(-17.1,45.0128904544137,-3.80353096566109));
#7994=CARTESIAN_POINT('Ctrl Pts',(-17.3928932188135,44.2928932188135,-3.4756045510723));
#7995=CARTESIAN_POINT('Ctrl Pts',(-17.3682031164072,44.3175833212197,-3.51343863446311));
#7996=CARTESIAN_POINT('Ctrl Pts',(-17.3084164313699,44.3785683331319,-3.59179318623143));
#7997=CARTESIAN_POINT('Ctrl Pts',(-17.208421961247,44.5224890114149,-3.70973986293064));
#7998=CARTESIAN_POINT('Ctrl Pts',(-17.1249374575673,44.7276202162192,-3.8244299691961));
#7999=CARTESIAN_POINT('Ctrl Pts',(-17.1,44.9040173837797,-3.89841243800487));
#8000=CARTESIAN_POINT('Ctrl Pts',(-17.1,45.,-3.93440902532115));
#8001=CARTESIAN_POINT('Ctrl Pts',(-17.3928932188134,44.2928932188135,-3.99984898859778));
#8002=CARTESIAN_POINT('Ctrl Pts',(-17.3466131882076,44.3391732494193,-3.99984898859778));
#8003=CARTESIAN_POINT('Ctrl Pts',(-17.2631707516826,44.4408482947331,-3.99984898859778));
#8004=CARTESIAN_POINT('Ctrl Pts',(-17.1701649129841,44.6148496961876,-3.99984898859778));
#8005=CARTESIAN_POINT('Ctrl Pts',(-17.1128924013133,44.8036523263258,-3.99984898859778));
#8006=CARTESIAN_POINT('Ctrl Pts',(-17.1,44.9345501530502,-3.99984898859778));
#8007=CARTESIAN_POINT('Ctrl Pts',(-17.1,45.,-3.99984898859778));
#8008=CARTESIAN_POINT('',(-17.3928932188134,44.2928932188135,-3.99984898859778));
#8009=CARTESIAN_POINT('Ctrl Pts',(-17.1,44.,-2.));
#8010=CARTESIAN_POINT('Ctrl Pts',(-17.1333383447083,44.0333383447083,-2.06667668941669));
#8011=CARTESIAN_POINT('Ctrl Pts',(-17.2008189131868,44.1008189131868,-2.20223941702996));
#8012=CARTESIAN_POINT('Ctrl Pts',(-17.2984178654195,44.1984178654195,-2.45358550287724));
#8013=CARTESIAN_POINT('Ctrl Pts',(-17.4019575390664,44.3019575390664,-2.93592539401079));
#8014=CARTESIAN_POINT('Ctrl Pts',(-17.3928932188135,44.2928932188135,-3.4756045510723));
#8015=CARTESIAN_POINT('Ctrl Pts',(-17.3928932188135,44.2928932188135,-3.99984898859778));
#8016=CARTESIAN_POINT('',(-17.1,45.,-3.99984898859778));
#8017=CARTESIAN_POINT('Origin',(-18.1,45.,-3.99984898859778));
#8018=CARTESIAN_POINT('Origin',(-17.1,45.9998489885978,-3.99984898859778));
#8019=CARTESIAN_POINT('Ctrl Pts',(-17.1,44.,-2.));
#8020=CARTESIAN_POINT('Ctrl Pts',(-17.1333383447083,44.0333383447083,-2.06667668941669));
#8021=CARTESIAN_POINT('Ctrl Pts',(-17.2008189131868,44.1008189131868,-2.20223941702996));
#8022=CARTESIAN_POINT('Ctrl Pts',(-17.2984178654195,44.1984178654195,-2.45358550287724));
#8023=CARTESIAN_POINT('Ctrl Pts',(-17.4019575390664,44.3019575390664,-2.93592539401079));
#8024=CARTESIAN_POINT('Ctrl Pts',(-17.3928932188135,44.2928932188135,-3.4756045510723));
#8025=CARTESIAN_POINT('Ctrl Pts',(-17.3928932188135,44.2928932188135,-3.99984898859778));
#8026=CARTESIAN_POINT('Ctrl Pts',(-17.1577437068751,44.,-2.05774370687509));
#8027=CARTESIAN_POINT('Ctrl Pts',(-17.1875594409793,44.0320489797396,-2.11960842071885));
#8028=CARTESIAN_POINT('Ctrl Pts',(-17.2489133355307,44.0962474397018,-2.25102069128475));
#8029=CARTESIAN_POINT('Ctrl Pts',(-17.3378025053189,44.1882382990764,-2.50407124268576));
#8030=CARTESIAN_POINT('Ctrl Pts',(-17.4349529794959,44.2749701410593,-2.9915272082338));
#8031=CARTESIAN_POINT('Ctrl Pts',(-17.4175833212197,44.2682031164072,-3.51343863446311));
#8032=CARTESIAN_POINT('Ctrl Pts',(-17.4391732494193,44.2466131882076,-3.99984898859778));
#8033=CARTESIAN_POINT('Ctrl Pts',(-17.2745567931083,44.,-2.17455679310834));
#8034=CARTESIAN_POINT('Ctrl Pts',(-17.2992849584539,44.0293436830814,-2.23133106599014));
#8035=CARTESIAN_POINT('Ctrl Pts',(-17.3504879541024,44.0873347992026,-2.35841895168304));
#8036=CARTESIAN_POINT('Ctrl Pts',(-17.4245185291235,44.1654101523923,-2.61976983667159));
#8037=CARTESIAN_POINT('Ctrl Pts',(-17.5030088490597,44.2238108429191,-3.10798548862519));
#8038=CARTESIAN_POINT('Ctrl Pts',(-17.4785683331319,44.2084164313699,-3.59179318623143));
#8039=CARTESIAN_POINT('Ctrl Pts',(-17.5408482947331,44.1631707516826,-3.99984898859778));
#8040=CARTESIAN_POINT('Ctrl Pts',(-17.4781419538952,44.,-2.37814195389516));
#8041=CARTESIAN_POINT('Ctrl Pts',(-17.4959326821774,44.0233947818001,-2.43588580434081));
#8042=CARTESIAN_POINT('Ctrl Pts',(-17.5329823683267,44.0670288124563,-2.56966453290427));
#8043=CARTESIAN_POINT('Ctrl Pts',(-17.5881946395666,44.1137752446958,-2.85424672335913));
#8044=CARTESIAN_POINT('Ctrl Pts',(-17.6281697212845,44.1462268509875,-3.29705146977821));
#8045=CARTESIAN_POINT('Ctrl Pts',(-17.6224890114149,44.108421961247,-3.70973986293064));
#8046=CARTESIAN_POINT('Ctrl Pts',(-17.7148496961876,44.0701649129841,-3.99984898859777));
#8047=CARTESIAN_POINT('Ctrl Pts',(-17.8142835826181,44.,-2.71428358261809));
#8048=CARTESIAN_POINT('Ctrl Pts',(-17.8216875098184,44.0157822870455,-2.77642146252242));
#8049=CARTESIAN_POINT('Ctrl Pts',(-17.833657501276,44.0406180434714,-2.91281587979287));
#8050=CARTESIAN_POINT('Ctrl Pts',(-17.8230844864957,44.0662220485575,-3.1733610884444));
#8051=CARTESIAN_POINT('Ctrl Pts',(-17.7959700749848,44.0564846092695,-3.51352032797578));
#8052=CARTESIAN_POINT('Ctrl Pts',(-17.8276202162192,44.0249374575673,-3.8244299691961));
#8053=CARTESIAN_POINT('Ctrl Pts',(-17.9036523263258,44.0128924013133,-3.99984898859778));
#8054=CARTESIAN_POINT('Ctrl Pts',(-18.1307070024887,44.,-3.03070700248871));
#8055=CARTESIAN_POINT('Ctrl Pts',(-18.1099076698556,44.,-3.08934327168333));
#8056=CARTESIAN_POINT('Ctrl Pts',(-18.0659134387071,44.,-3.21289333723952));
#8057=CARTESIAN_POINT('Ctrl Pts',(-18.0078392856638,44.,-3.43283805005526));
#8058=CARTESIAN_POINT('Ctrl Pts',(-17.9799875643372,44.,-3.69701563202156));
#8059=CARTESIAN_POINT('Ctrl Pts',(-18.0040173837797,44.,-3.89841243800486));
#8060=CARTESIAN_POINT('Ctrl Pts',(-18.0345501530502,44.,-3.99984898859777));
#8061=CARTESIAN_POINT('Ctrl Pts',(-18.3928489885978,44.,-3.29284898859778));
#8062=CARTESIAN_POINT('Ctrl Pts',(-18.3465759468043,44.,-3.33912203039128));
#8063=CARTESIAN_POINT('Ctrl Pts',(-18.2631461110386,44.,-3.44078172161394));
#8064=CARTESIAN_POINT('Ctrl Pts',(-18.1701543172822,44.,-3.61475684687287));
#8065=CARTESIAN_POINT('Ctrl Pts',(-18.1128904544137,44.,-3.80353096566109));
#8066=CARTESIAN_POINT('Ctrl Pts',(-18.1,44.,-3.93440902532115));
#8067=CARTESIAN_POINT('Ctrl Pts',(-18.1,44.,-3.99984898859777));
#8068=CARTESIAN_POINT('',(-18.3928489885978,44.,-3.29284898859778));
#8069=CARTESIAN_POINT('Ctrl Pts',(-17.1,44.,-2.));
#8070=CARTESIAN_POINT('Ctrl Pts',(-17.1577437068751,44.,-2.05774370687509));
#8071=CARTESIAN_POINT('Ctrl Pts',(-17.2745567931083,44.,-2.17455679310834));
#8072=CARTESIAN_POINT('Ctrl Pts',(-17.4781419538952,44.,-2.37814195389516));
#8073=CARTESIAN_POINT('Ctrl Pts',(-17.8142835826181,44.,-2.71428358261809));
#8074=CARTESIAN_POINT('Ctrl Pts',(-18.1307070024887,44.,-3.03070700248871));
#8075=CARTESIAN_POINT('Ctrl Pts',(-18.3928489885978,44.,-3.29284898859778));
#8076=CARTESIAN_POINT('',(-18.1,44.,-3.99984898859778));
#8077=CARTESIAN_POINT('Origin',(-19.0998489885978,44.,-3.99984898859778));
#8078=CARTESIAN_POINT('Origin',(-18.1,45.,-3.99984898859778));
#8079=CARTESIAN_POINT('Ctrl Pts',(-17.1,44.,-2.));
#8080=CARTESIAN_POINT('Ctrl Pts',(-17.1577437068751,44.,-2.05774370687509));
#8081=CARTESIAN_POINT('Ctrl Pts',(-17.2745567931083,44.,-2.17455679310834));
#8082=CARTESIAN_POINT('Ctrl Pts',(-17.4781419538952,44.,-2.37814195389516));
#8083=CARTESIAN_POINT('Ctrl Pts',(-17.8142835826181,44.,-2.71428358261809));
#8084=CARTESIAN_POINT('Ctrl Pts',(-18.1307070024887,44.,-3.03070700248871));
#8085=CARTESIAN_POINT('Ctrl Pts',(-18.3928489885978,44.,-3.29284898859778));
#8086=CARTESIAN_POINT('Ctrl Pts',(-17.1666766894167,43.9666616552917,-2.03333834470834));
#8087=CARTESIAN_POINT('Ctrl Pts',(-17.2196084207189,43.9679510202604,-2.08755944097928));
#8088=CARTESIAN_POINT('Ctrl Pts',(-17.3313310659901,43.9706563169186,-2.19928495845393));
#8089=CARTESIAN_POINT('Ctrl Pts',(-17.5358858043408,43.9766052181999,-2.39593268217735));
#8090=CARTESIAN_POINT('Ctrl Pts',(-17.8764214625224,43.9842177129545,-2.72168750981843));
#8091=CARTESIAN_POINT('Ctrl Pts',(-18.1893432716833,44.,-3.00990766985559));
#8092=CARTESIAN_POINT('Ctrl Pts',(-18.4391220303913,44.,-3.24657594680428));
#8093=CARTESIAN_POINT('Ctrl Pts',(-17.30223941703,43.8991810868132,-2.1008189131868));
#8094=CARTESIAN_POINT('Ctrl Pts',(-17.3510206912847,43.9037525602982,-2.14891333553068));
#8095=CARTESIAN_POINT('Ctrl Pts',(-17.458418951683,43.9126652007974,-2.25048795410238));
#8096=CARTESIAN_POINT('Ctrl Pts',(-17.6696645329043,43.9329711875438,-2.43298236832666));
#8097=CARTESIAN_POINT('Ctrl Pts',(-18.0128158797929,43.9593819565286,-2.733657501276));
#8098=CARTESIAN_POINT('Ctrl Pts',(-18.3128933372395,44.,-2.96591343870705));
#8099=CARTESIAN_POINT('Ctrl Pts',(-18.5407817216139,44.,-3.16314611103861));
#8100=CARTESIAN_POINT('Ctrl Pts',(-17.5535855028772,43.8015821345805,-2.19841786541951));
#8101=CARTESIAN_POINT('Ctrl Pts',(-17.6040712426858,43.8117617009236,-2.23780250531896));
#8102=CARTESIAN_POINT('Ctrl Pts',(-17.7197698366716,43.8345898476077,-2.32451852912348));
#8103=CARTESIAN_POINT('Ctrl Pts',(-17.9542467233591,43.8862247553042,-2.48819463956656));
#8104=CARTESIAN_POINT('Ctrl Pts',(-18.2733610884444,43.9337779514425,-2.7230844864957));
#8105=CARTESIAN_POINT('Ctrl Pts',(-18.5328380500553,44.,-2.90783928566383));
#8106=CARTESIAN_POINT('Ctrl Pts',(-18.7147568468729,44.,-3.07015431728219));
#8107=CARTESIAN_POINT('Ctrl Pts',(-18.0359253940108,43.6980424609336,-2.30195753906638));
#8108=CARTESIAN_POINT('Ctrl Pts',(-18.0915272082338,43.7250298589407,-2.33495297949585));
#8109=CARTESIAN_POINT('Ctrl Pts',(-18.2079854886252,43.7761891570809,-2.4030088490597));
#8110=CARTESIAN_POINT('Ctrl Pts',(-18.3970514697782,43.8537731490125,-2.52816972128455));
#8111=CARTESIAN_POINT('Ctrl Pts',(-18.6135203279758,43.9435153907306,-2.6959700749848));
#8112=CARTESIAN_POINT('Ctrl Pts',(-18.7970156320216,44.,-2.87998756433716));
#8113=CARTESIAN_POINT('Ctrl Pts',(-18.9035309656611,44.,-3.01289045441369));
#8114=CARTESIAN_POINT('Ctrl Pts',(-18.5756045510723,43.7071067811866,-2.29289321881345));
#8115=CARTESIAN_POINT('Ctrl Pts',(-18.6134386344631,43.7317968835928,-2.31758332121968));
#8116=CARTESIAN_POINT('Ctrl Pts',(-18.6917931862314,43.7915835686301,-2.37856833313185));
#8117=CARTESIAN_POINT('Ctrl Pts',(-18.8097398629307,43.891578038753,-2.52248901141492));
#8118=CARTESIAN_POINT('Ctrl Pts',(-18.9244299691961,43.9750625424327,-2.72762021621923));
#8119=CARTESIAN_POINT('Ctrl Pts',(-18.9984124380049,44.,-2.90401738377969));
#8120=CARTESIAN_POINT('Ctrl Pts',(-19.0344090253212,44.,-3.));
#8121=CARTESIAN_POINT('Ctrl Pts',(-19.0998489885978,43.7071067811866,-2.29289321881345));
#8122=CARTESIAN_POINT('Ctrl Pts',(-19.0998489885978,43.7533868117924,-2.33917324941927));
#8123=CARTESIAN_POINT('Ctrl Pts',(-19.0998489885978,43.8368292483174,-2.4408482947331));
#8124=CARTESIAN_POINT('Ctrl Pts',(-19.0998489885978,43.9298350870159,-2.61484969618764));
#8125=CARTESIAN_POINT('Ctrl Pts',(-19.0998489885978,43.9871075986867,-2.80365232632579));
#8126=CARTESIAN_POINT('Ctrl Pts',(-19.0998489885978,44.,-2.93455015305021));
#8127=CARTESIAN_POINT('Ctrl Pts',(-19.0998489885978,44.,-3.));
#8128=CARTESIAN_POINT('',(-19.0998489885978,43.7071067811866,-2.29289321881345));
#8129=CARTESIAN_POINT('Ctrl Pts',(-17.1,44.,-2.));
#8130=CARTESIAN_POINT('Ctrl Pts',(-17.1666766894167,43.9666616552917,-2.03333834470834));
#8131=CARTESIAN_POINT('Ctrl Pts',(-17.30223941703,43.8991810868132,-2.1008189131868));
#8132=CARTESIAN_POINT('Ctrl Pts',(-17.5535855028772,43.8015821345805,-2.19841786541951));
#8133=CARTESIAN_POINT('Ctrl Pts',(-18.0359253940108,43.6980424609336,-2.30195753906638));
#8134=CARTESIAN_POINT('Ctrl Pts',(-18.5756045510723,43.7071067811865,-2.29289321881345));
#8135=CARTESIAN_POINT('Ctrl Pts',(-19.0998489885978,43.7071067811866,-2.29289321881345));
#8136=CARTESIAN_POINT('',(-19.0998489885978,44.,-3.));
#8137=CARTESIAN_POINT('Origin',(-19.0998489885978,43.,-3.));
#8138=CARTESIAN_POINT('Origin',(-19.0998489885978,44.,-3.99984898859778));
#8139=CARTESIAN_POINT('Ctrl Pts',(-17.1,44.,-2.));
#8140=CARTESIAN_POINT('Ctrl Pts',(-17.1666766894167,43.9666616552917,-2.03333834470834));
#8141=CARTESIAN_POINT('Ctrl Pts',(-17.30223941703,43.8991810868132,-2.1008189131868));
#8142=CARTESIAN_POINT('Ctrl Pts',(-17.5535855028772,43.8015821345805,-2.19841786541951));
#8143=CARTESIAN_POINT('Ctrl Pts',(-18.0359253940108,43.6980424609336,-2.30195753906638));
#8144=CARTESIAN_POINT('Ctrl Pts',(-18.5756045510723,43.7071067811865,-2.29289321881345));
#8145=CARTESIAN_POINT('Ctrl Pts',(-19.0998489885978,43.7071067811866,-2.29289321881345));
#8146=CARTESIAN_POINT('Ctrl Pts',(-17.1577437068751,43.9422562931249,-2.));
#8147=CARTESIAN_POINT('Ctrl Pts',(-17.2196084207189,43.9124405590207,-2.03204897973958));
#8148=CARTESIAN_POINT('Ctrl Pts',(-17.3510206912847,43.8510866644693,-2.09624743970178));
#8149=CARTESIAN_POINT('Ctrl Pts',(-17.6040712426858,43.7621974946811,-2.18823829907645));
#8150=CARTESIAN_POINT('Ctrl Pts',(-18.0915272082338,43.6650470205041,-2.27497014105934));
#8151=CARTESIAN_POINT('Ctrl Pts',(-18.6134386344631,43.6824166787803,-2.26820311640723));
#8152=CARTESIAN_POINT('Ctrl Pts',(-19.0998489885978,43.6608267505807,-2.24661318820764));
#8153=CARTESIAN_POINT('Ctrl Pts',(-17.2745567931083,43.8254432068917,-2.));
#8154=CARTESIAN_POINT('Ctrl Pts',(-17.3313310659901,43.8007150415461,-2.02934368308141));
#8155=CARTESIAN_POINT('Ctrl Pts',(-17.4584189516831,43.7495120458976,-2.08733479920258));
#8156=CARTESIAN_POINT('Ctrl Pts',(-17.7197698366716,43.6754814708765,-2.1654101523923));
#8157=CARTESIAN_POINT('Ctrl Pts',(-18.2079854886252,43.5969911509404,-2.22381084291913));
#8158=CARTESIAN_POINT('Ctrl Pts',(-18.6917931862314,43.6214316668681,-2.20841643136992));
#8159=CARTESIAN_POINT('Ctrl Pts',(-19.0998489885978,43.5591517052669,-2.16317075168262));
#8160=CARTESIAN_POINT('Ctrl Pts',(-17.4781419538952,43.6218580461048,-2.));
#8161=CARTESIAN_POINT('Ctrl Pts',(-17.5358858043408,43.6040673178227,-2.0233947818001));
#8162=CARTESIAN_POINT('Ctrl Pts',(-17.6696645329042,43.5670176316733,-2.06702881245626));
#8163=CARTESIAN_POINT('Ctrl Pts',(-17.9542467233591,43.5118053604335,-2.11377524469573));
#8164=CARTESIAN_POINT('Ctrl Pts',(-18.3970514697782,43.4718302787154,-2.14622685098751));
#8165=CARTESIAN_POINT('Ctrl Pts',(-18.8097398629306,43.4775109885851,-2.10842196124702));
#8166=CARTESIAN_POINT('Ctrl Pts',(-19.0998489885978,43.3851503038124,-2.07016491298409));
#8167=CARTESIAN_POINT('Ctrl Pts',(-17.8142835826181,43.2857164173819,-2.));
#8168=CARTESIAN_POINT('Ctrl Pts',(-17.8764214625224,43.2783124901816,-2.01578228704547));
#8169=CARTESIAN_POINT('Ctrl Pts',(-18.0128158797929,43.266342498724,-2.0406180434714));
#8170=CARTESIAN_POINT('Ctrl Pts',(-18.2733610884444,43.2769155135043,-2.06622204855751));
#8171=CARTESIAN_POINT('Ctrl Pts',(-18.6135203279758,43.3040299250152,-2.05648460926948));
#8172=CARTESIAN_POINT('Ctrl Pts',(-18.9244299691961,43.2723797837808,-2.02493745756729));
#8173=CARTESIAN_POINT('Ctrl Pts',(-19.0998489885978,43.1963476736742,-2.01289240131329));
#8174=CARTESIAN_POINT('Ctrl Pts',(-18.1307070024887,42.9692929975113,-2.));
#8175=CARTESIAN_POINT('Ctrl Pts',(-18.1893432716833,42.9900923301444,-2.));
#8176=CARTESIAN_POINT('Ctrl Pts',(-18.3128933372395,43.034086561293,-2.));
#8177=CARTESIAN_POINT('Ctrl Pts',(-18.5328380500553,43.0921607143362,-2.));
#8178=CARTESIAN_POINT('Ctrl Pts',(-18.7970156320216,43.1200124356628,-2.));
#8179=CARTESIAN_POINT('Ctrl Pts',(-18.9984124380049,43.0959826162203,-2.));
#8180=CARTESIAN_POINT('Ctrl Pts',(-19.0998489885978,43.0654498469498,-2.));
#8181=CARTESIAN_POINT('Ctrl Pts',(-18.3928489885978,42.7071510114022,-2.));
#8182=CARTESIAN_POINT('Ctrl Pts',(-18.4391220303913,42.7534240531957,-2.));
#8183=CARTESIAN_POINT('Ctrl Pts',(-18.5407817216139,42.8368538889614,-2.));
#8184=CARTESIAN_POINT('Ctrl Pts',(-18.7147568468729,42.9298456827178,-2.));
#8185=CARTESIAN_POINT('Ctrl Pts',(-18.9035309656611,42.9871095455863,-2.));
#8186=CARTESIAN_POINT('Ctrl Pts',(-19.0344090253212,43.,-2.));
#8187=CARTESIAN_POINT('Ctrl Pts',(-19.0998489885978,43.,-2.));
#8188=CARTESIAN_POINT('',(-18.3928489885978,42.7071510114022,-2.));
#8189=CARTESIAN_POINT('Ctrl Pts',(-17.1,44.,-2.));
#8190=CARTESIAN_POINT('Ctrl Pts',(-17.1577437068751,43.9422562931249,-2.));
#8191=CARTESIAN_POINT('Ctrl Pts',(-17.2745567931083,43.8254432068917,-2.));
#8192=CARTESIAN_POINT('Ctrl Pts',(-17.4781419538952,43.6218580461048,-2.));
#8193=CARTESIAN_POINT('Ctrl Pts',(-17.8142835826181,43.2857164173819,-2.));
#8194=CARTESIAN_POINT('Ctrl Pts',(-18.1307070024887,42.9692929975113,-2.));
#8195=CARTESIAN_POINT('Ctrl Pts',(-18.3928489885978,42.7071510114022,-2.));
#8196=CARTESIAN_POINT('',(-19.0998489885978,43.,-2.));
#8197=CARTESIAN_POINT('Origin',(-19.0998489885978,42.0001510114022,-2.));
#8198=CARTESIAN_POINT('Origin',(-19.0998489885978,43.,-3.));
#8199=CARTESIAN_POINT('Ctrl Pts',(-17.1,44.,-2.));
#8200=CARTESIAN_POINT('Ctrl Pts',(-17.1577437068751,43.9422562931249,-2.));
#8201=CARTESIAN_POINT('Ctrl Pts',(-17.2745567931083,43.8254432068917,-2.));
#8202=CARTESIAN_POINT('Ctrl Pts',(-17.4781419538952,43.6218580461048,-2.));
#8203=CARTESIAN_POINT('Ctrl Pts',(-17.8142835826181,43.2857164173819,-2.));
#8204=CARTESIAN_POINT('Ctrl Pts',(-18.1307070024887,42.9692929975113,-2.));
#8205=CARTESIAN_POINT('Ctrl Pts',(-18.3928489885978,42.7071510114022,-2.));
#8206=CARTESIAN_POINT('Ctrl Pts',(-17.1333383447083,43.9333233105833,-1.96666165529166));
#8207=CARTESIAN_POINT('Ctrl Pts',(-17.1875594409793,43.8803915792812,-1.96795102026042));
#8208=CARTESIAN_POINT('Ctrl Pts',(-17.2992849584539,43.7686689340099,-1.97065631691859));
#8209=CARTESIAN_POINT('Ctrl Pts',(-17.4959326821774,43.5641141956592,-1.9766052181999));
#8210=CARTESIAN_POINT('Ctrl Pts',(-17.8216875098184,43.2235785374776,-1.98421771295453));
#8211=CARTESIAN_POINT('Ctrl Pts',(-18.1099076698556,42.9106567283167,-2.));
#8212=CARTESIAN_POINT('Ctrl Pts',(-18.3465759468043,42.6608779696087,-2.));
#8213=CARTESIAN_POINT('Ctrl Pts',(-17.2008189131868,43.79776058297,-1.8991810868132));
#8214=CARTESIAN_POINT('Ctrl Pts',(-17.2489133355307,43.7489793087152,-1.90375256029822));
#8215=CARTESIAN_POINT('Ctrl Pts',(-17.3504879541024,43.641581048317,-1.91266520079742));
#8216=CARTESIAN_POINT('Ctrl Pts',(-17.5329823683266,43.4303354670957,-1.93297118754374));
#8217=CARTESIAN_POINT('Ctrl Pts',(-17.833657501276,43.0871841202072,-1.9593819565286));
#8218=CARTESIAN_POINT('Ctrl Pts',(-18.0659134387071,42.7871066627605,-2.));
#8219=CARTESIAN_POINT('Ctrl Pts',(-18.2631461110386,42.5592182783861,-2.));
#8220=CARTESIAN_POINT('Ctrl Pts',(-17.2984178654195,43.5464144971228,-1.80158213458049));
#8221=CARTESIAN_POINT('Ctrl Pts',(-17.337802505319,43.4959287573142,-1.81176170092355));
#8222=CARTESIAN_POINT('Ctrl Pts',(-17.4245185291235,43.3802301633284,-1.83458984760769));
#8223=CARTESIAN_POINT('Ctrl Pts',(-17.5881946395666,43.1457532766409,-1.88622475530427));
#8224=CARTESIAN_POINT('Ctrl Pts',(-17.8230844864957,42.8266389115555,-1.93377795144249));
#8225=CARTESIAN_POINT('Ctrl Pts',(-18.0078392856638,42.5671619499447,-2.));
#8226=CARTESIAN_POINT('Ctrl Pts',(-18.1701543172822,42.3852431531271,-2.));
#8227=CARTESIAN_POINT('Ctrl Pts',(-17.4019575390664,43.0640746059892,-1.69804246093362));
#8228=CARTESIAN_POINT('Ctrl Pts',(-17.4349529794959,43.0084727917662,-1.72502985894066));
#8229=CARTESIAN_POINT('Ctrl Pts',(-17.5030088490597,42.8920145113748,-1.77618915708087));
#8230=CARTESIAN_POINT('Ctrl Pts',(-17.6281697212845,42.7029485302218,-1.85377314901249));
#8231=CARTESIAN_POINT('Ctrl Pts',(-17.7959700749848,42.4864796720243,-1.94351539073053));
#8232=CARTESIAN_POINT('Ctrl Pts',(-17.9799875643372,42.3029843679784,-2.));
#8233=CARTESIAN_POINT('Ctrl Pts',(-18.1128904544137,42.1964690343389,-2.));
#8234=CARTESIAN_POINT('Ctrl Pts',(-17.3928932188135,42.5243954489277,-1.70710678118655));
#8235=CARTESIAN_POINT('Ctrl Pts',(-17.4175833212197,42.4865613655369,-1.73179688359277));
#8236=CARTESIAN_POINT('Ctrl Pts',(-17.4785683331319,42.4082068137686,-1.79158356863008));
#8237=CARTESIAN_POINT('Ctrl Pts',(-17.6224890114149,42.2902601370693,-1.89157803875298));
#8238=CARTESIAN_POINT('Ctrl Pts',(-17.8276202162192,42.1755700308039,-1.97506254243271));
#8239=CARTESIAN_POINT('Ctrl Pts',(-18.0040173837797,42.1015875619951,-2.));
#8240=CARTESIAN_POINT('Ctrl Pts',(-18.1,42.0655909746789,-2.));
#8241=CARTESIAN_POINT('Ctrl Pts',(-17.3928932188135,42.0001510114022,-1.70710678118655));
#8242=CARTESIAN_POINT('Ctrl Pts',(-17.4391732494193,42.0001510114022,-1.75338681179236));
#8243=CARTESIAN_POINT('Ctrl Pts',(-17.5408482947331,42.0001510114022,-1.83682924831738));
#8244=CARTESIAN_POINT('Ctrl Pts',(-17.7148496961876,42.0001510114022,-1.92983508701591));
#8245=CARTESIAN_POINT('Ctrl Pts',(-17.9036523263258,42.0001510114022,-1.98710759868671));
#8246=CARTESIAN_POINT('Ctrl Pts',(-18.0345501530502,42.0001510114022,-2.));
#8247=CARTESIAN_POINT('Ctrl Pts',(-18.1,42.0001510114022,-2.));
#8248=CARTESIAN_POINT('',(-17.3928932188135,42.0001510114022,-1.70710678118655));
#8249=CARTESIAN_POINT('Ctrl Pts',(-17.1,44.,-2.));
#8250=CARTESIAN_POINT('Ctrl Pts',(-17.1333383447083,43.9333233105833,-1.96666165529166));
#8251=CARTESIAN_POINT('Ctrl Pts',(-17.2008189131868,43.79776058297,-1.8991810868132));
#8252=CARTESIAN_POINT('Ctrl Pts',(-17.2984178654195,43.5464144971228,-1.80158213458049));
#8253=CARTESIAN_POINT('Ctrl Pts',(-17.4019575390664,43.0640746059892,-1.69804246093362));
#8254=CARTESIAN_POINT('Ctrl Pts',(-17.3928932188135,42.5243954489277,-1.70710678118655));
#8255=CARTESIAN_POINT('Ctrl Pts',(-17.3928932188135,42.0001510114022,-1.70710678118655));
#8256=CARTESIAN_POINT('',(-18.1,42.0001510114022,-2.));
#8257=CARTESIAN_POINT('Origin',(-18.1,42.0001510114022,-1.));
#8258=CARTESIAN_POINT('Origin',(-19.0998489885978,42.0001510114022,-2.));
#8259=CARTESIAN_POINT('Ctrl Pts',(-17.1,44.,-2.));
#8260=CARTESIAN_POINT('Ctrl Pts',(-17.1333383447083,43.9333233105833,-1.96666165529166));
#8261=CARTESIAN_POINT('Ctrl Pts',(-17.2008189131868,43.79776058297,-1.8991810868132));
#8262=CARTESIAN_POINT('Ctrl Pts',(-17.2984178654195,43.5464144971228,-1.80158213458049));
#8263=CARTESIAN_POINT('Ctrl Pts',(-17.4019575390664,43.0640746059892,-1.69804246093362));
#8264=CARTESIAN_POINT('Ctrl Pts',(-17.3928932188135,42.5243954489277,-1.70710678118655));
#8265=CARTESIAN_POINT('Ctrl Pts',(-17.3928932188135,42.0001510114022,-1.70710678118655));
#8266=CARTESIAN_POINT('Ctrl Pts',(-17.1,43.9422562931249,-1.94225629312491));
#8267=CARTESIAN_POINT('Ctrl Pts',(-17.1320489797396,43.8803915792811,-1.91244055902072));
#8268=CARTESIAN_POINT('Ctrl Pts',(-17.1962474397018,43.7489793087153,-1.85108666446932));
#8269=CARTESIAN_POINT('Ctrl Pts',(-17.2882382990765,43.4959287573142,-1.76219749468105));
#8270=CARTESIAN_POINT('Ctrl Pts',(-17.3749701410593,43.0084727917662,-1.66504702050415));
#8271=CARTESIAN_POINT('Ctrl Pts',(-17.3682031164072,42.4865613655369,-1.68241667878033));
#8272=CARTESIAN_POINT('Ctrl Pts',(-17.3466131882076,42.0001510114022,-1.66082675058073));
#8273=CARTESIAN_POINT('Ctrl Pts',(-17.1,43.8254432068917,-1.82544320689166));
#8274=CARTESIAN_POINT('Ctrl Pts',(-17.1293436830814,43.7686689340099,-1.80071504154607));
#8275=CARTESIAN_POINT('Ctrl Pts',(-17.1873347992026,43.6415810483169,-1.74951204589762));
#8276=CARTESIAN_POINT('Ctrl Pts',(-17.2654101523923,43.3802301633284,-1.67548147087653));
#8277=CARTESIAN_POINT('Ctrl Pts',(-17.3238108429191,42.8920145113748,-1.5969911509403));
#8278=CARTESIAN_POINT('Ctrl Pts',(-17.3084164313699,42.4082068137686,-1.62143166686815));
#8279=CARTESIAN_POINT('Ctrl Pts',(-17.2631707516826,42.0001510114022,-1.55915170526691));
#8280=CARTESIAN_POINT('Ctrl Pts',(-17.1,43.6218580461048,-1.62185804610484));
#8281=CARTESIAN_POINT('Ctrl Pts',(-17.1233947818001,43.5641141956592,-1.60406731782265));
#8282=CARTESIAN_POINT('Ctrl Pts',(-17.1670288124563,43.4303354670958,-1.56701763167334));
#8283=CARTESIAN_POINT('Ctrl Pts',(-17.2137752446957,43.1457532766409,-1.51180536043344));
#8284=CARTESIAN_POINT('Ctrl Pts',(-17.2462268509875,42.7029485302218,-1.47183027871546));
#8285=CARTESIAN_POINT('Ctrl Pts',(-17.208421961247,42.2902601370694,-1.47751098858509));
#8286=CARTESIAN_POINT('Ctrl Pts',(-17.1701649129841,42.0001510114022,-1.38515030381236));
#8287=CARTESIAN_POINT('Ctrl Pts',(-17.1,43.2857164173819,-1.28571641738191));
#8288=CARTESIAN_POINT('Ctrl Pts',(-17.1157822870455,43.2235785374776,-1.27831249018157));
#8289=CARTESIAN_POINT('Ctrl Pts',(-17.1406180434714,43.0871841202072,-1.26634249872401));
#8290=CARTESIAN_POINT('Ctrl Pts',(-17.1662220485575,42.8266389115556,-1.2769155135043));
#8291=CARTESIAN_POINT('Ctrl Pts',(-17.1564846092695,42.4864796720243,-1.3040299250152));
#8292=CARTESIAN_POINT('Ctrl Pts',(-17.1249374575673,42.1755700308039,-1.27237978378077));
#8293=CARTESIAN_POINT('Ctrl Pts',(-17.1128924013133,42.0001510114022,-1.19634767367421));
#8294=CARTESIAN_POINT('Ctrl Pts',(-17.1,42.9692929975113,-0.96929299751129));
#8295=CARTESIAN_POINT('Ctrl Pts',(-17.1,42.9106567283167,-0.99009233014441));
#8296=CARTESIAN_POINT('Ctrl Pts',(-17.1,42.7871066627605,-1.03408656129295));
#8297=CARTESIAN_POINT('Ctrl Pts',(-17.1,42.5671619499448,-1.09216071433617));
#8298=CARTESIAN_POINT('Ctrl Pts',(-17.1,42.3029843679784,-1.12001243566285));
#8299=CARTESIAN_POINT('Ctrl Pts',(-17.1,42.1015875619951,-1.09598261622032));
#8300=CARTESIAN_POINT('Ctrl Pts',(-17.1,42.0001510114022,-1.06544984694979));
#8301=CARTESIAN_POINT('Ctrl Pts',(-17.1,42.7071510114022,-0.707151011402222));
#8302=CARTESIAN_POINT('Ctrl Pts',(-17.1,42.6608779696087,-0.753424053195722));
#8303=CARTESIAN_POINT('Ctrl Pts',(-17.1,42.5592182783861,-0.83685388896139));
#8304=CARTESIAN_POINT('Ctrl Pts',(-17.1,42.3852431531272,-0.929845682717808));
#8305=CARTESIAN_POINT('Ctrl Pts',(-17.1,42.1964690343389,-0.987109545586308));
#8306=CARTESIAN_POINT('Ctrl Pts',(-17.1,42.0655909746789,-1.));
#8307=CARTESIAN_POINT('Ctrl Pts',(-17.1,42.0001510114022,-1.));
#8308=CARTESIAN_POINT('',(-17.1,42.7071510114022,-0.707151011402222));
#8309=CARTESIAN_POINT('Ctrl Pts',(-17.1,44.,-2.));
#8310=CARTESIAN_POINT('Ctrl Pts',(-17.1,43.9422562931249,-1.94225629312491));
#8311=CARTESIAN_POINT('Ctrl Pts',(-17.1,43.8254432068917,-1.82544320689166));
#8312=CARTESIAN_POINT('Ctrl Pts',(-17.1,43.6218580461048,-1.62185804610484));
#8313=CARTESIAN_POINT('Ctrl Pts',(-17.1,43.2857164173819,-1.28571641738191));
#8314=CARTESIAN_POINT('Ctrl Pts',(-17.1,42.9692929975113,-0.96929299751129));
#8315=CARTESIAN_POINT('Ctrl Pts',(-17.1,42.7071510114022,-0.707151011402222));
#8316=CARTESIAN_POINT('',(-17.1,42.0001510114022,-1.));
#8317=CARTESIAN_POINT('Origin',(-17.1,42.0001510114022,-0.000151011402222956));
#8318=CARTESIAN_POINT('Origin',(-18.1,42.0001510114022,-1.));
#8319=CARTESIAN_POINT('Ctrl Pts',(-17.1,44.,-2.));
#8320=CARTESIAN_POINT('Ctrl Pts',(-17.1,43.9422562931249,-1.94225629312491));
#8321=CARTESIAN_POINT('Ctrl Pts',(-17.1,43.8254432068917,-1.82544320689166));
#8322=CARTESIAN_POINT('Ctrl Pts',(-17.1,43.6218580461048,-1.62185804610484));
#8323=CARTESIAN_POINT('Ctrl Pts',(-17.1,43.2857164173819,-1.28571641738191));
#8324=CARTESIAN_POINT('Ctrl Pts',(-17.1,42.9692929975113,-0.96929299751129));
#8325=CARTESIAN_POINT('Ctrl Pts',(-17.1,42.7071510114022,-0.707151011402222));
#8326=CARTESIAN_POINT('Ctrl Pts',(-17.0666616552917,43.9666616552917,-1.93332331058332));
#8327=CARTESIAN_POINT('Ctrl Pts',(-17.0679510202604,43.9124405590207,-1.88039157928115));
#8328=CARTESIAN_POINT('Ctrl Pts',(-17.0706563169186,43.8007150415461,-1.76866893400986));
#8329=CARTESIAN_POINT('Ctrl Pts',(-17.0766052181999,43.6040673178227,-1.56411419565919));
#8330=CARTESIAN_POINT('Ctrl Pts',(-17.0842177129545,43.2783124901815,-1.22357853747758));
#8331=CARTESIAN_POINT('Ctrl Pts',(-17.1,42.9900923301444,-0.910656728316676));
#8332=CARTESIAN_POINT('Ctrl Pts',(-17.1,42.7534240531957,-0.660877969608722));
#8333=CARTESIAN_POINT('Ctrl Pts',(-16.9991810868132,43.8991810868132,-1.79776058297004));
#8334=CARTESIAN_POINT('Ctrl Pts',(-17.0037525602982,43.8510866644693,-1.74897930871525));
#8335=CARTESIAN_POINT('Ctrl Pts',(-17.0126652007974,43.7495120458976,-1.64158104831696));
#8336=CARTESIAN_POINT('Ctrl Pts',(-17.0329711875437,43.5670176316733,-1.43033546709573));
#8337=CARTESIAN_POINT('Ctrl Pts',(-17.0593819565286,43.266342498724,-1.08718412020714));
#8338=CARTESIAN_POINT('Ctrl Pts',(-17.1,43.034086561293,-0.787106662760483));
#8339=CARTESIAN_POINT('Ctrl Pts',(-17.1,42.8368538889614,-0.559218278386058));
#8340=CARTESIAN_POINT('Ctrl Pts',(-16.9015821345805,43.8015821345805,-1.54641449712276));
#8341=CARTESIAN_POINT('Ctrl Pts',(-16.9117617009236,43.7621974946811,-1.49592875731424));
#8342=CARTESIAN_POINT('Ctrl Pts',(-16.9345898476077,43.6754814708765,-1.38023016332841));
#8343=CARTESIAN_POINT('Ctrl Pts',(-16.9862247553043,43.5118053604334,-1.14575327664087));
#8344=CARTESIAN_POINT('Ctrl Pts',(-17.0337779514425,43.2769155135043,-0.826638911555603));
#8345=CARTESIAN_POINT('Ctrl Pts',(-17.1,43.0921607143362,-0.567161949944736));
#8346=CARTESIAN_POINT('Ctrl Pts',(-17.1,42.9298456827178,-0.385243153127134));
#8347=CARTESIAN_POINT('Ctrl Pts',(-16.7980424609336,43.6980424609336,-1.06407460598921));
#8348=CARTESIAN_POINT('Ctrl Pts',(-16.8250298589407,43.6650470205041,-1.0084727917662));
#8349=CARTESIAN_POINT('Ctrl Pts',(-16.8761891570809,43.5969911509403,-0.892014511374805));
#8350=CARTESIAN_POINT('Ctrl Pts',(-16.9537731490125,43.4718302787154,-0.702948530221794));
#8351=CARTESIAN_POINT('Ctrl Pts',(-17.0435153907305,43.3040299250152,-0.486479672024218));
#8352=CARTESIAN_POINT('Ctrl Pts',(-17.1,43.1200124356629,-0.30298436797844));
#8353=CARTESIAN_POINT('Ctrl Pts',(-17.1,42.9871095455863,-0.196469034338907));
#8354=CARTESIAN_POINT('Ctrl Pts',(-16.8071067811865,43.7071067811866,-0.524395448927705));
#8355=CARTESIAN_POINT('Ctrl Pts',(-16.8317968835928,43.6824166787803,-0.486561365536892));
#8356=CARTESIAN_POINT('Ctrl Pts',(-16.8915835686301,43.6214316668681,-0.408206813768569));
#8357=CARTESIAN_POINT('Ctrl Pts',(-16.991578038753,43.4775109885851,-0.290260137069356));
#8358=CARTESIAN_POINT('Ctrl Pts',(-17.0750625424327,43.2723797837808,-0.175570030803902));
#8359=CARTESIAN_POINT('Ctrl Pts',(-17.1,43.0959826162203,-0.101587561995135));
#8360=CARTESIAN_POINT('Ctrl Pts',(-17.1,43.,-0.0655909746788472));
#8361=CARTESIAN_POINT('Ctrl Pts',(-16.8071067811866,43.7071067811866,-0.000151011402222956));
#8362=CARTESIAN_POINT('Ctrl Pts',(-16.8533868117924,43.6608267505807,-0.000151011402223037));
#8363=CARTESIAN_POINT('Ctrl Pts',(-16.9368292483174,43.5591517052669,-0.00015101140222403));
#8364=CARTESIAN_POINT('Ctrl Pts',(-17.0298350870159,43.3851503038124,-0.000151011402222405));
#8365=CARTESIAN_POINT('Ctrl Pts',(-17.0871075986867,43.1963476736742,-0.000151011402224085));
#8366=CARTESIAN_POINT('Ctrl Pts',(-17.1,43.0654498469498,-0.00015101140222291));
#8367=CARTESIAN_POINT('Ctrl Pts',(-17.1,43.,-0.000151011402222956));
#8368=CARTESIAN_POINT('',(-16.8071067811866,43.7071067811866,-0.000151011402222956));
#8369=CARTESIAN_POINT('Ctrl Pts',(-17.1,44.,-2.));
#8370=CARTESIAN_POINT('Ctrl Pts',(-17.0666616552917,43.9666616552917,-1.93332331058332));
#8371=CARTESIAN_POINT('Ctrl Pts',(-16.9991810868132,43.8991810868132,-1.79776058297004));
#8372=CARTESIAN_POINT('Ctrl Pts',(-16.9015821345805,43.8015821345805,-1.54641449712276));
#8373=CARTESIAN_POINT('Ctrl Pts',(-16.7980424609336,43.6980424609336,-1.06407460598921));
#8374=CARTESIAN_POINT('Ctrl Pts',(-16.8071067811866,43.7071067811866,-0.524395448927704));
#8375=CARTESIAN_POINT('Ctrl Pts',(-16.8071067811866,43.7071067811866,-0.000151011402222401));
#8376=CARTESIAN_POINT('',(-17.1,43.,-0.000151011402222956));
#8377=CARTESIAN_POINT('Origin',(-16.1,43.,-0.000151011402222956));
#8378=CARTESIAN_POINT('Origin',(-17.1,42.0001510114022,-0.000151011402222956));
#8379=CARTESIAN_POINT('Ctrl Pts',(-17.1,44.,-2.));
#8380=CARTESIAN_POINT('Ctrl Pts',(-17.0666616552917,43.9666616552917,-1.93332331058332));
#8381=CARTESIAN_POINT('Ctrl Pts',(-16.9991810868132,43.8991810868132,-1.79776058297004));
#8382=CARTESIAN_POINT('Ctrl Pts',(-16.9015821345805,43.8015821345805,-1.54641449712276));
#8383=CARTESIAN_POINT('Ctrl Pts',(-16.7980424609336,43.6980424609336,-1.06407460598921));
#8384=CARTESIAN_POINT('Ctrl Pts',(-16.8071067811866,43.7071067811866,-0.524395448927704));
#8385=CARTESIAN_POINT('Ctrl Pts',(-16.8071067811866,43.7071067811866,-0.000151011402222401));
#8386=CARTESIAN_POINT('Ctrl Pts',(-17.0422562931249,44.,-1.94225629312491));
#8387=CARTESIAN_POINT('Ctrl Pts',(-17.0124405590207,43.9679510202604,-1.88039157928115));
#8388=CARTESIAN_POINT('Ctrl Pts',(-16.9510866644693,43.9037525602982,-1.74897930871525));
#8389=CARTESIAN_POINT('Ctrl Pts',(-16.8621974946811,43.8117617009236,-1.49592875731424));
#8390=CARTESIAN_POINT('Ctrl Pts',(-16.7650470205041,43.7250298589407,-1.0084727917662));
#8391=CARTESIAN_POINT('Ctrl Pts',(-16.7824166787803,43.7317968835928,-0.486561365536892));
#8392=CARTESIAN_POINT('Ctrl Pts',(-16.7608267505807,43.7533868117924,-0.000151011402222678));
#8393=CARTESIAN_POINT('Ctrl Pts',(-16.9254432068917,44.,-1.82544320689166));
#8394=CARTESIAN_POINT('Ctrl Pts',(-16.9007150415461,43.9706563169186,-1.76866893400987));
#8395=CARTESIAN_POINT('Ctrl Pts',(-16.8495120458976,43.9126652007974,-1.64158104831695));
#8396=CARTESIAN_POINT('Ctrl Pts',(-16.7754814708765,43.8345898476076,-1.38023016332841));
#8397=CARTESIAN_POINT('Ctrl Pts',(-16.6969911509403,43.776189157081,-0.892014511374806));
#8398=CARTESIAN_POINT('Ctrl Pts',(-16.7214316668682,43.7915835686301,-0.408206813768569));
#8399=CARTESIAN_POINT('Ctrl Pts',(-16.6591517052669,43.8368292483174,-0.000151011402223233));
#8400=CARTESIAN_POINT('Ctrl Pts',(-16.7218580461048,44.,-1.62185804610484));
#8401=CARTESIAN_POINT('Ctrl Pts',(-16.7040673178226,43.9766052181999,-1.56411419565919));
#8402=CARTESIAN_POINT('Ctrl Pts',(-16.6670176316734,43.9329711875437,-1.43033546709573));
#8403=CARTESIAN_POINT('Ctrl Pts',(-16.6118053604334,43.8862247553043,-1.14575327664087));
#8404=CARTESIAN_POINT('Ctrl Pts',(-16.5718302787155,43.8537731490124,-0.702948530221796));
#8405=CARTESIAN_POINT('Ctrl Pts',(-16.5775109885851,43.891578038753,-0.290260137069356));
#8406=CARTESIAN_POINT('Ctrl Pts',(-16.4851503038124,43.9298350870159,-0.000151011402223233));
#8407=CARTESIAN_POINT('Ctrl Pts',(-16.3857164173819,44.,-1.28571641738191));
#8408=CARTESIAN_POINT('Ctrl Pts',(-16.3783124901816,43.9842177129545,-1.22357853747757));
#8409=CARTESIAN_POINT('Ctrl Pts',(-16.366342498724,43.9593819565286,-1.08718412020713));
#8410=CARTESIAN_POINT('Ctrl Pts',(-16.3769155135043,43.9337779514424,-0.826638911555603));
#8411=CARTESIAN_POINT('Ctrl Pts',(-16.4040299250152,43.9435153907306,-0.486479672024218));
#8412=CARTESIAN_POINT('Ctrl Pts',(-16.3723797837808,43.9750625424327,-0.175570030803902));
#8413=CARTESIAN_POINT('Ctrl Pts',(-16.2963476736742,43.9871075986867,-0.000151011402223511));
#8414=CARTESIAN_POINT('Ctrl Pts',(-16.0692929975113,44.,-0.969292997511289));
#8415=CARTESIAN_POINT('Ctrl Pts',(-16.0900923301444,44.,-0.910656728316676));
#8416=CARTESIAN_POINT('Ctrl Pts',(-16.1340865612929,44.,-0.787106662760483));
#8417=CARTESIAN_POINT('Ctrl Pts',(-16.1921607143362,44.,-0.567161949944735));
#8418=CARTESIAN_POINT('Ctrl Pts',(-16.2200124356628,44.,-0.302984367978441));
#8419=CARTESIAN_POINT('Ctrl Pts',(-16.1959826162203,44.,-0.101587561995136));
#8420=CARTESIAN_POINT('Ctrl Pts',(-16.1654498469498,44.,-0.000151011402224066));
#8421=CARTESIAN_POINT('Ctrl Pts',(-15.8071510114022,44.,-0.707151011402222));
#8422=CARTESIAN_POINT('Ctrl Pts',(-15.8534240531957,44.,-0.660877969608722));
#8423=CARTESIAN_POINT('Ctrl Pts',(-15.9368538889614,44.,-0.559218278386058));
#8424=CARTESIAN_POINT('Ctrl Pts',(-16.0298456827178,44.,-0.385243153127133));
#8425=CARTESIAN_POINT('Ctrl Pts',(-16.0871095455863,44.,-0.196469034338908));
#8426=CARTESIAN_POINT('Ctrl Pts',(-16.1,44.,-0.0655909746788481));
#8427=CARTESIAN_POINT('Ctrl Pts',(-16.1,44.,-0.000151011402224066));
#8428=CARTESIAN_POINT('',(-15.8071510114022,44.,-0.707151011402222));
#8429=CARTESIAN_POINT('Ctrl Pts',(-17.1,44.,-2.));
#8430=CARTESIAN_POINT('Ctrl Pts',(-17.0422562931249,44.,-1.94225629312491));
#8431=CARTESIAN_POINT('Ctrl Pts',(-16.9254432068917,44.,-1.82544320689166));
#8432=CARTESIAN_POINT('Ctrl Pts',(-16.7218580461048,44.,-1.62185804610484));
#8433=CARTESIAN_POINT('Ctrl Pts',(-16.3857164173819,44.,-1.28571641738191));
#8434=CARTESIAN_POINT('Ctrl Pts',(-16.0692929975113,44.,-0.969292997511289));
#8435=CARTESIAN_POINT('Ctrl Pts',(-15.8071510114022,44.,-0.707151011402222));
#8436=CARTESIAN_POINT('',(-16.1,44.,-0.000151011402222956));
#8437=CARTESIAN_POINT('Origin',(-15.1001510114022,44.,-0.000151011402222956));
#8438=CARTESIAN_POINT('Origin',(-16.1,43.,-0.000151011402222956));
#8439=CARTESIAN_POINT('Ctrl Pts',(-17.1,44.,-2.));
#8440=CARTESIAN_POINT('Ctrl Pts',(-17.0422562931249,44.,-1.94225629312491));
#8441=CARTESIAN_POINT('Ctrl Pts',(-16.9254432068917,44.,-1.82544320689166));
#8442=CARTESIAN_POINT('Ctrl Pts',(-16.7218580461048,44.,-1.62185804610484));
#8443=CARTESIAN_POINT('Ctrl Pts',(-16.3857164173819,44.,-1.28571641738191));
#8444=CARTESIAN_POINT('Ctrl Pts',(-16.0692929975113,44.,-0.969292997511289));
#8445=CARTESIAN_POINT('Ctrl Pts',(-15.8071510114022,44.,-0.707151011402222));
#8446=CARTESIAN_POINT('Ctrl Pts',(-17.0333233105833,44.0333383447083,-1.96666165529166));
#8447=CARTESIAN_POINT('Ctrl Pts',(-16.9803915792811,44.0320489797396,-1.91244055902072));
#8448=CARTESIAN_POINT('Ctrl Pts',(-16.8686689340099,44.0293436830814,-1.80071504154607));
#8449=CARTESIAN_POINT('Ctrl Pts',(-16.6641141956592,44.0233947818001,-1.60406731782265));
#8450=CARTESIAN_POINT('Ctrl Pts',(-16.3235785374776,44.0157822870455,-1.27831249018157));
#8451=CARTESIAN_POINT('Ctrl Pts',(-16.0106567283167,44.,-0.990092330144409));
#8452=CARTESIAN_POINT('Ctrl Pts',(-15.7608779696087,44.,-0.753424053195721));
#8453=CARTESIAN_POINT('Ctrl Pts',(-16.89776058297,44.1008189131868,-1.8991810868132));
#8454=CARTESIAN_POINT('Ctrl Pts',(-16.8489793087153,44.0962474397018,-1.85108666446932));
#8455=CARTESIAN_POINT('Ctrl Pts',(-16.741581048317,44.0873347992026,-1.74951204589762));
#8456=CARTESIAN_POINT('Ctrl Pts',(-16.5303354670957,44.0670288124562,-1.56701763167334));
#8457=CARTESIAN_POINT('Ctrl Pts',(-16.1871841202071,44.0406180434714,-1.266342498724));
#8458=CARTESIAN_POINT('Ctrl Pts',(-15.8871066627605,44.,-1.03408656129295));
#8459=CARTESIAN_POINT('Ctrl Pts',(-15.6592182783861,44.,-0.83685388896139));
#8460=CARTESIAN_POINT('Ctrl Pts',(-16.6464144971228,44.1984178654195,-1.80158213458049));
#8461=CARTESIAN_POINT('Ctrl Pts',(-16.5959287573142,44.1882382990764,-1.76219749468104));
#8462=CARTESIAN_POINT('Ctrl Pts',(-16.4802301633284,44.1654101523923,-1.67548147087653));
#8463=CARTESIAN_POINT('Ctrl Pts',(-16.2457532766409,44.1137752446957,-1.51180536043344));
#8464=CARTESIAN_POINT('Ctrl Pts',(-15.9266389115556,44.0662220485575,-1.2769155135043));
#8465=CARTESIAN_POINT('Ctrl Pts',(-15.6671619499447,44.,-1.09216071433617));
#8466=CARTESIAN_POINT('Ctrl Pts',(-15.4852431531271,44.,-0.929845682717806));
#8467=CARTESIAN_POINT('Ctrl Pts',(-16.1640746059892,44.3019575390664,-1.69804246093362));
#8468=CARTESIAN_POINT('Ctrl Pts',(-16.1084727917662,44.2749701410593,-1.66504702050415));
#8469=CARTESIAN_POINT('Ctrl Pts',(-15.9920145113748,44.2238108429191,-1.5969911509403));
#8470=CARTESIAN_POINT('Ctrl Pts',(-15.8029485302218,44.1462268509876,-1.47183027871546));
#8471=CARTESIAN_POINT('Ctrl Pts',(-15.5864796720242,44.0564846092694,-1.3040299250152));
#8472=CARTESIAN_POINT('Ctrl Pts',(-15.4029843679784,44.,-1.12001243566284));
#8473=CARTESIAN_POINT('Ctrl Pts',(-15.2964690343389,44.,-0.987109545586306));
#8474=CARTESIAN_POINT('Ctrl Pts',(-15.6243954489277,44.2928932188135,-1.70710678118655));
#8475=CARTESIAN_POINT('Ctrl Pts',(-15.5865613655369,44.2682031164072,-1.68241667878032));
#8476=CARTESIAN_POINT('Ctrl Pts',(-15.5082068137686,44.2084164313699,-1.62143166686815));
#8477=CARTESIAN_POINT('Ctrl Pts',(-15.3902601370694,44.108421961247,-1.47751098858508));
#8478=CARTESIAN_POINT('Ctrl Pts',(-15.2755700308039,44.0249374575673,-1.27237978378077));
#8479=CARTESIAN_POINT('Ctrl Pts',(-15.2015875619951,44.,-1.09598261622031));
#8480=CARTESIAN_POINT('Ctrl Pts',(-15.1655909746788,44.,-1.));
#8481=CARTESIAN_POINT('Ctrl Pts',(-15.1001510114022,44.2928932188135,-1.70710678118655));
#8482=CARTESIAN_POINT('Ctrl Pts',(-15.1001510114022,44.2466131882076,-1.66082675058073));
#8483=CARTESIAN_POINT('Ctrl Pts',(-15.1001510114022,44.1631707516826,-1.5591517052669));
#8484=CARTESIAN_POINT('Ctrl Pts',(-15.1001510114022,44.0701649129841,-1.38515030381235));
#8485=CARTESIAN_POINT('Ctrl Pts',(-15.1001510114022,44.0128924013133,-1.19634767367421));
#8486=CARTESIAN_POINT('Ctrl Pts',(-15.1001510114022,44.,-1.06544984694979));
#8487=CARTESIAN_POINT('Ctrl Pts',(-15.1001510114022,44.,-1.));
#8488=CARTESIAN_POINT('',(-15.1001510114022,44.2928932188135,-1.70710678118655));
#8489=CARTESIAN_POINT('Ctrl Pts',(-17.1,44.,-2.));
#8490=CARTESIAN_POINT('Ctrl Pts',(-17.0333233105833,44.0333383447083,-1.96666165529166));
#8491=CARTESIAN_POINT('Ctrl Pts',(-16.89776058297,44.1008189131868,-1.8991810868132));
#8492=CARTESIAN_POINT('Ctrl Pts',(-16.6464144971228,44.1984178654195,-1.80158213458049));
#8493=CARTESIAN_POINT('Ctrl Pts',(-16.1640746059892,44.3019575390664,-1.69804246093362));
#8494=CARTESIAN_POINT('Ctrl Pts',(-15.6243954489277,44.2928932188135,-1.70710678118655));
#8495=CARTESIAN_POINT('Ctrl Pts',(-15.1001510114022,44.2928932188135,-1.70710678118655));
#8496=CARTESIAN_POINT('',(-15.1001510114022,44.,-1.));
#8497=CARTESIAN_POINT('Origin',(-15.1001510114022,45.,-1.));
#8498=CARTESIAN_POINT('Origin',(-15.1001510114022,44.,-0.000151011402222956));
#8499=CARTESIAN_POINT('Ctrl Pts',(-17.1,44.,-2.));
#8500=CARTESIAN_POINT('Ctrl Pts',(-17.0333233105833,44.0333383447083,-1.96666165529166));
#8501=CARTESIAN_POINT('Ctrl Pts',(-16.89776058297,44.1008189131868,-1.8991810868132));
#8502=CARTESIAN_POINT('Ctrl Pts',(-16.6464144971228,44.1984178654195,-1.80158213458049));
#8503=CARTESIAN_POINT('Ctrl Pts',(-16.1640746059892,44.3019575390664,-1.69804246093362));
#8504=CARTESIAN_POINT('Ctrl Pts',(-15.6243954489277,44.2928932188135,-1.70710678118655));
#8505=CARTESIAN_POINT('Ctrl Pts',(-15.1001510114022,44.2928932188135,-1.70710678118655));
#8506=CARTESIAN_POINT('Ctrl Pts',(-17.0422562931249,44.0577437068751,-2.));
#8507=CARTESIAN_POINT('Ctrl Pts',(-16.9803915792811,44.0875594409793,-1.96795102026042));
#8508=CARTESIAN_POINT('Ctrl Pts',(-16.8489793087153,44.1489133355307,-1.90375256029822));
#8509=CARTESIAN_POINT('Ctrl Pts',(-16.5959287573142,44.2378025053189,-1.81176170092355));
#8510=CARTESIAN_POINT('Ctrl Pts',(-16.1084727917662,44.3349529794958,-1.72502985894066));
#8511=CARTESIAN_POINT('Ctrl Pts',(-15.5865613655369,44.3175833212197,-1.73179688359277));
#8512=CARTESIAN_POINT('Ctrl Pts',(-15.1001510114022,44.3391732494193,-1.75338681179236));
#8513=CARTESIAN_POINT('Ctrl Pts',(-16.9254432068917,44.1745567931083,-2.));
#8514=CARTESIAN_POINT('Ctrl Pts',(-16.8686689340099,44.1992849584539,-1.97065631691859));
#8515=CARTESIAN_POINT('Ctrl Pts',(-16.7415810483169,44.2504879541024,-1.91266520079742));
#8516=CARTESIAN_POINT('Ctrl Pts',(-16.4802301633284,44.3245185291235,-1.8345898476077));
#8517=CARTESIAN_POINT('Ctrl Pts',(-15.9920145113748,44.4030088490597,-1.77618915708087));
#8518=CARTESIAN_POINT('Ctrl Pts',(-15.5082068137686,44.3785683331319,-1.79158356863008));
#8519=CARTESIAN_POINT('Ctrl Pts',(-15.1001510114022,44.4408482947331,-1.83682924831738));
#8520=CARTESIAN_POINT('Ctrl Pts',(-16.7218580461048,44.3781419538952,-2.));
#8521=CARTESIAN_POINT('Ctrl Pts',(-16.6641141956592,44.3959326821774,-1.9766052181999));
#8522=CARTESIAN_POINT('Ctrl Pts',(-16.5303354670957,44.4329823683266,-1.93297118754374));
#8523=CARTESIAN_POINT('Ctrl Pts',(-16.2457532766409,44.4881946395665,-1.88622475530426));
#8524=CARTESIAN_POINT('Ctrl Pts',(-15.8029485302218,44.5281697212846,-1.85377314901249));
#8525=CARTESIAN_POINT('Ctrl Pts',(-15.3902601370694,44.5224890114149,-1.89157803875298));
#8526=CARTESIAN_POINT('Ctrl Pts',(-15.1001510114022,44.6148496961876,-1.92983508701591));
#8527=CARTESIAN_POINT('Ctrl Pts',(-16.3857164173819,44.7142835826181,-2.));
#8528=CARTESIAN_POINT('Ctrl Pts',(-16.3235785374776,44.7216875098184,-1.98421771295453));
#8529=CARTESIAN_POINT('Ctrl Pts',(-16.1871841202071,44.733657501276,-1.95938195652859));
#8530=CARTESIAN_POINT('Ctrl Pts',(-15.9266389115556,44.7230844864958,-1.93377795144249));
#8531=CARTESIAN_POINT('Ctrl Pts',(-15.5864796720242,44.6959700749848,-1.94351539073052));
#8532=CARTESIAN_POINT('Ctrl Pts',(-15.2755700308039,44.7276202162192,-1.97506254243271));
#8533=CARTESIAN_POINT('Ctrl Pts',(-15.1001510114022,44.8036523263258,-1.98710759868671));
#8534=CARTESIAN_POINT('Ctrl Pts',(-16.0692929975113,45.0307070024887,-2.));
#8535=CARTESIAN_POINT('Ctrl Pts',(-16.0106567283167,45.0099076698556,-2.));
#8536=CARTESIAN_POINT('Ctrl Pts',(-15.8871066627605,44.9659134387071,-2.));
#8537=CARTESIAN_POINT('Ctrl Pts',(-15.6671619499447,44.9078392856638,-2.));
#8538=CARTESIAN_POINT('Ctrl Pts',(-15.4029843679784,44.8799875643372,-2.));
#8539=CARTESIAN_POINT('Ctrl Pts',(-15.2015875619951,44.9040173837797,-2.));
#8540=CARTESIAN_POINT('Ctrl Pts',(-15.1001510114022,44.9345501530502,-2.));
#8541=CARTESIAN_POINT('Ctrl Pts',(-15.8071510114022,45.2928489885978,-2.));
#8542=CARTESIAN_POINT('Ctrl Pts',(-15.7608779696087,45.2465759468043,-2.));
#8543=CARTESIAN_POINT('Ctrl Pts',(-15.6592182783861,45.1631461110386,-2.));
#8544=CARTESIAN_POINT('Ctrl Pts',(-15.4852431531271,45.0701543172822,-2.));
#8545=CARTESIAN_POINT('Ctrl Pts',(-15.2964690343389,45.0128904544137,-2.));
#8546=CARTESIAN_POINT('Ctrl Pts',(-15.1655909746788,45.,-2.));
#8547=CARTESIAN_POINT('Ctrl Pts',(-15.1001510114022,45.,-2.));
#8548=CARTESIAN_POINT('',(-15.8071510114022,45.2928489885978,-2.));
#8549=CARTESIAN_POINT('Ctrl Pts',(-17.1,44.,-2.));
#8550=CARTESIAN_POINT('Ctrl Pts',(-17.0422562931249,44.0577437068751,-2.));
#8551=CARTESIAN_POINT('Ctrl Pts',(-16.9254432068917,44.1745567931083,-2.));
#8552=CARTESIAN_POINT('Ctrl Pts',(-16.7218580461048,44.3781419538952,-2.));
#8553=CARTESIAN_POINT('Ctrl Pts',(-16.3857164173819,44.7142835826181,-2.));
#8554=CARTESIAN_POINT('Ctrl Pts',(-16.0692929975113,45.0307070024887,-2.));
#8555=CARTESIAN_POINT('Ctrl Pts',(-15.8071510114022,45.2928489885978,-2.));
#8556=CARTESIAN_POINT('',(-15.1001510114022,45.,-2.));
#8557=CARTESIAN_POINT('Origin',(-15.1001510114022,45.9998489885978,-2.));
#8558=CARTESIAN_POINT('Origin',(-15.1001510114022,45.,-1.));
#8559=CARTESIAN_POINT('Ctrl Pts',(16.9,44.,-73.7999999798834));
#8560=CARTESIAN_POINT('Ctrl Pts',(16.8666616552917,44.0666766894167,-73.7666616351751));
#8561=CARTESIAN_POINT('Ctrl Pts',(16.7991810868132,44.2022394170299,-73.6991810666966));
#8562=CARTESIAN_POINT('Ctrl Pts',(16.7015821345805,44.4535855028772,-73.6015821144639));
#8563=CARTESIAN_POINT('Ctrl Pts',(16.5980424609336,44.9359253940108,-73.4980424408171));
#8564=CARTESIAN_POINT('Ctrl Pts',(16.6071067811865,45.4756045510723,-73.50710676107));
#8565=CARTESIAN_POINT('Ctrl Pts',(16.6071067811865,45.9998489885978,-73.50710676107));
#8566=CARTESIAN_POINT('Ctrl Pts',(16.9,44.0577437068751,-73.7422562730083));
#8567=CARTESIAN_POINT('Ctrl Pts',(16.8679510202604,44.1196084207189,-73.7124405389041));
#8568=CARTESIAN_POINT('Ctrl Pts',(16.8037525602982,44.2510206912847,-73.6510866443527));
#8569=CARTESIAN_POINT('Ctrl Pts',(16.7117617009235,44.5040712426858,-73.5621974745644));
#8570=CARTESIAN_POINT('Ctrl Pts',(16.6250298589407,44.9915272082338,-73.4650470003876));
#8571=CARTESIAN_POINT('Ctrl Pts',(16.6317968835928,45.5134386344631,-73.4824166586637));
#8572=CARTESIAN_POINT('Ctrl Pts',(16.6533868117924,45.9998489885978,-73.4608267304641));
#8573=CARTESIAN_POINT('Ctrl Pts',(16.9,44.1745567931084,-73.6254431867751));
#8574=CARTESIAN_POINT('Ctrl Pts',(16.8706563169186,44.2313310659901,-73.6007150214295));
#8575=CARTESIAN_POINT('Ctrl Pts',(16.8126652007974,44.3584189516831,-73.5495120257811));
#8576=CARTESIAN_POINT('Ctrl Pts',(16.7345898476077,44.6197698366715,-73.4754814507599));
#8577=CARTESIAN_POINT('Ctrl Pts',(16.6761891570809,45.1079854886252,-73.3969911308237));
#8578=CARTESIAN_POINT('Ctrl Pts',(16.6915835686301,45.5917931862314,-73.4214316467516));
#8579=CARTESIAN_POINT('Ctrl Pts',(16.7368292483174,45.9998489885978,-73.3591516851503));
#8580=CARTESIAN_POINT('Ctrl Pts',(16.9,44.3781419538952,-73.4218580259883));
#8581=CARTESIAN_POINT('Ctrl Pts',(16.8766052181999,44.4358858043408,-73.4040672977061));
#8582=CARTESIAN_POINT('Ctrl Pts',(16.8329711875437,44.5696645329043,-73.3670176115567));
#8583=CARTESIAN_POINT('Ctrl Pts',(16.7862247553043,44.8542467233591,-73.3118053403169));
#8584=CARTESIAN_POINT('Ctrl Pts',(16.7537731490125,45.2970514697782,-73.2718302585989));
#8585=CARTESIAN_POINT('Ctrl Pts',(16.791578038753,45.7097398629306,-73.2775109684685));
#8586=CARTESIAN_POINT('Ctrl Pts',(16.8298350870159,45.9998489885978,-73.1851502836958));
#8587=CARTESIAN_POINT('Ctrl Pts',(16.9,44.7142835826181,-73.0857163972653));
#8588=CARTESIAN_POINT('Ctrl Pts',(16.8842177129545,44.7764214625224,-73.078312470065));
#8589=CARTESIAN_POINT('Ctrl Pts',(16.8593819565286,44.9128158797929,-73.0663424786074));
#8590=CARTESIAN_POINT('Ctrl Pts',(16.8337779514425,45.1733610884444,-73.0769154933877));
#8591=CARTESIAN_POINT('Ctrl Pts',(16.8435153907305,45.5135203279758,-73.1040299048986));
#8592=CARTESIAN_POINT('Ctrl Pts',(16.8750625424327,45.8244299691961,-73.0723797636642));
#8593=CARTESIAN_POINT('Ctrl Pts',(16.8871075986867,45.9998489885978,-72.9963476535576));
#8594=CARTESIAN_POINT('Ctrl Pts',(16.9,45.0307070024887,-72.7692929773947));
#8595=CARTESIAN_POINT('Ctrl Pts',(16.9,45.0893432716833,-72.7900923100278));
#8596=CARTESIAN_POINT('Ctrl Pts',(16.9,45.2128933372395,-72.8340865411763));
#8597=CARTESIAN_POINT('Ctrl Pts',(16.9,45.4328380500553,-72.8921606942196));
#8598=CARTESIAN_POINT('Ctrl Pts',(16.9,45.6970156320216,-72.9200124155463));
#8599=CARTESIAN_POINT('Ctrl Pts',(16.9,45.8984124380049,-72.8959825961037));
#8600=CARTESIAN_POINT('Ctrl Pts',(16.9,45.9998489885978,-72.8654498268332));
#8601=CARTESIAN_POINT('Ctrl Pts',(16.9,45.2928489885978,-72.5071509912856));
#8602=CARTESIAN_POINT('Ctrl Pts',(16.9,45.3391220303913,-72.5534240330792));
#8603=CARTESIAN_POINT('Ctrl Pts',(16.9,45.4407817216139,-72.6368538688448));
#8604=CARTESIAN_POINT('Ctrl Pts',(16.9,45.6147568468729,-72.7298456626012));
#8605=CARTESIAN_POINT('Ctrl Pts',(16.9,45.8035309656611,-72.7871095254697));
#8606=CARTESIAN_POINT('Ctrl Pts',(16.9,45.9344090253212,-72.7999999798834));
#8607=CARTESIAN_POINT('Ctrl Pts',(16.9,45.9998489885978,-72.7999999798834));
#8608=CARTESIAN_POINT('',(16.9,44.,-73.7999999798834));
#8609=CARTESIAN_POINT('',(16.6071067811865,45.9998489885978,-73.50710676107));
#8610=CARTESIAN_POINT('Ctrl Pts',(16.9,44.,-73.7999999798834));
#8611=CARTESIAN_POINT('Ctrl Pts',(16.8666616552917,44.0666766894167,-73.7666616351751));
#8612=CARTESIAN_POINT('Ctrl Pts',(16.7991810868132,44.2022394170299,-73.6991810666966));
#8613=CARTESIAN_POINT('Ctrl Pts',(16.7015821345805,44.4535855028772,-73.6015821144639));
#8614=CARTESIAN_POINT('Ctrl Pts',(16.5980424609336,44.9359253940108,-73.4980424408171));
#8615=CARTESIAN_POINT('Ctrl Pts',(16.6071067811865,45.4756045510723,-73.50710676107));
#8616=CARTESIAN_POINT('Ctrl Pts',(16.6071067811865,45.9998489885978,-73.50710676107));
#8617=CARTESIAN_POINT('',(16.9,45.2928489885978,-72.5071509912856));
#8618=CARTESIAN_POINT('Ctrl Pts',(16.9,44.,-73.7999999798834));
#8619=CARTESIAN_POINT('Ctrl Pts',(16.9,44.0577437068751,-73.7422562730083));
#8620=CARTESIAN_POINT('Ctrl Pts',(16.9,44.1745567931084,-73.6254431867751));
#8621=CARTESIAN_POINT('Ctrl Pts',(16.9,44.3781419538952,-73.4218580259883));
#8622=CARTESIAN_POINT('Ctrl Pts',(16.9,44.7142835826181,-73.0857163972653));
#8623=CARTESIAN_POINT('Ctrl Pts',(16.9,45.0307070024887,-72.7692929773947));
#8624=CARTESIAN_POINT('Ctrl Pts',(16.9,45.2928489885978,-72.5071509912856));
#8625=CARTESIAN_POINT('',(16.9,45.9998489885978,-72.7999999798834));
#8626=CARTESIAN_POINT('Origin',(16.9,45.9998489885978,-71.8001509912856));
#8627=CARTESIAN_POINT('Origin',(15.9,45.9998489885978,-72.7999999798834));
#8628=CARTESIAN_POINT('Ctrl Pts',(16.9,44.,-73.7999999798834));
#8629=CARTESIAN_POINT('Ctrl Pts',(16.9,44.0577437068751,-73.7422562730083));
#8630=CARTESIAN_POINT('Ctrl Pts',(16.9,44.1745567931084,-73.6254431867751));
#8631=CARTESIAN_POINT('Ctrl Pts',(16.9,44.3781419538952,-73.4218580259883));
#8632=CARTESIAN_POINT('Ctrl Pts',(16.9,44.7142835826181,-73.0857163972653));
#8633=CARTESIAN_POINT('Ctrl Pts',(16.9,45.0307070024887,-72.7692929773947));
#8634=CARTESIAN_POINT('Ctrl Pts',(16.9,45.2928489885978,-72.5071509912856));
#8635=CARTESIAN_POINT('Ctrl Pts',(16.9333383447083,44.0333383447083,-73.7333232904667));
#8636=CARTESIAN_POINT('Ctrl Pts',(16.9320489797396,44.0875594409793,-73.6803915591646));
#8637=CARTESIAN_POINT('Ctrl Pts',(16.9293436830814,44.1992849584539,-73.5686689138933));
#8638=CARTESIAN_POINT('Ctrl Pts',(16.9233947818001,44.3959326821773,-73.3641141755426));
#8639=CARTESIAN_POINT('Ctrl Pts',(16.9157822870455,44.7216875098184,-73.023578517361));
#8640=CARTESIAN_POINT('Ctrl Pts',(16.9,45.0099076698556,-72.7106567082001));
#8641=CARTESIAN_POINT('Ctrl Pts',(16.9,45.2465759468043,-72.4608779494921));
#8642=CARTESIAN_POINT('Ctrl Pts',(17.0008189131868,44.1008189131868,-73.5977605628535));
#8643=CARTESIAN_POINT('Ctrl Pts',(16.9962474397018,44.1489133355307,-73.5489792885987));
#8644=CARTESIAN_POINT('Ctrl Pts',(16.9873347992026,44.2504879541024,-73.4415810282004));
#8645=CARTESIAN_POINT('Ctrl Pts',(16.9670288124562,44.4329823683266,-73.2303354469791));
#8646=CARTESIAN_POINT('Ctrl Pts',(16.9406180434714,44.733657501276,-72.8871841000906));
#8647=CARTESIAN_POINT('Ctrl Pts',(16.9,44.965913438707,-72.5871066426439));
#8648=CARTESIAN_POINT('Ctrl Pts',(16.9,45.1631461110386,-72.3592182582695));
#8649=CARTESIAN_POINT('Ctrl Pts',(17.0984178654195,44.1984178654195,-73.3464144770062));
#8650=CARTESIAN_POINT('Ctrl Pts',(17.0882382990765,44.237802505319,-73.2959287371977));
#8651=CARTESIAN_POINT('Ctrl Pts',(17.0654101523923,44.3245185291235,-73.1802301432118));
#8652=CARTESIAN_POINT('Ctrl Pts',(17.0137752446957,44.4881946395666,-72.9457532565243));
#8653=CARTESIAN_POINT('Ctrl Pts',(16.9662220485575,44.7230844864957,-72.626638891439));
#8654=CARTESIAN_POINT('Ctrl Pts',(16.9,44.9078392856638,-72.3671619298282));
#8655=CARTESIAN_POINT('Ctrl Pts',(16.9,45.0701543172822,-72.1852431330106));
#8656=CARTESIAN_POINT('Ctrl Pts',(17.2019575390664,44.3019575390664,-72.8640745858726));
#8657=CARTESIAN_POINT('Ctrl Pts',(17.1749701410593,44.3349529794958,-72.8084727716496));
#8658=CARTESIAN_POINT('Ctrl Pts',(17.1238108429191,44.4030088490597,-72.6920144912583));
#8659=CARTESIAN_POINT('Ctrl Pts',(17.0462268509875,44.5281697212846,-72.5029485101052));
#8660=CARTESIAN_POINT('Ctrl Pts',(16.9564846092695,44.6959700749848,-72.2864796519077));
#8661=CARTESIAN_POINT('Ctrl Pts',(16.9,44.8799875643371,-72.1029843478618));
#8662=CARTESIAN_POINT('Ctrl Pts',(16.9,45.0128904544137,-71.9964690142223));
#8663=CARTESIAN_POINT('Ctrl Pts',(17.1928932188135,44.2928932188135,-72.3243954288111));
#8664=CARTESIAN_POINT('Ctrl Pts',(17.1682031164072,44.3175833212197,-72.2865613454203));
#8665=CARTESIAN_POINT('Ctrl Pts',(17.1084164313699,44.3785683331319,-72.208206793652));
#8666=CARTESIAN_POINT('Ctrl Pts',(17.008421961247,44.5224890114149,-72.0902601169528));
#8667=CARTESIAN_POINT('Ctrl Pts',(16.9249374575673,44.7276202162192,-71.9755700106873));
#8668=CARTESIAN_POINT('Ctrl Pts',(16.9,44.9040173837797,-71.9015875418786));
#8669=CARTESIAN_POINT('Ctrl Pts',(16.9,45.,-71.8655909545623));
#8670=CARTESIAN_POINT('Ctrl Pts',(17.1928932188134,44.2928932188135,-71.8001509912856));
#8671=CARTESIAN_POINT('Ctrl Pts',(17.1466131882076,44.3391732494193,-71.8001509912856));
#8672=CARTESIAN_POINT('Ctrl Pts',(17.0631707516826,44.4408482947331,-71.8001509912857));
#8673=CARTESIAN_POINT('Ctrl Pts',(16.9701649129841,44.6148496961876,-71.8001509912856));
#8674=CARTESIAN_POINT('Ctrl Pts',(16.9128924013133,44.8036523263258,-71.8001509912856));
#8675=CARTESIAN_POINT('Ctrl Pts',(16.9,44.9345501530502,-71.8001509912856));
#8676=CARTESIAN_POINT('Ctrl Pts',(16.9,45.,-71.8001509912856));
#8677=CARTESIAN_POINT('',(17.1928932188134,44.2928932188135,-71.8001509912856));
#8678=CARTESIAN_POINT('Ctrl Pts',(16.9,44.,-73.7999999798834));
#8679=CARTESIAN_POINT('Ctrl Pts',(16.9333383447083,44.0333383447083,-73.7333232904667));
#8680=CARTESIAN_POINT('Ctrl Pts',(17.0008189131868,44.1008189131868,-73.5977605628535));
#8681=CARTESIAN_POINT('Ctrl Pts',(17.0984178654195,44.1984178654195,-73.3464144770062));
#8682=CARTESIAN_POINT('Ctrl Pts',(17.2019575390664,44.3019575390664,-72.8640745858727));
#8683=CARTESIAN_POINT('Ctrl Pts',(17.1928932188135,44.2928932188135,-72.3243954288111));
#8684=CARTESIAN_POINT('Ctrl Pts',(17.1928932188135,44.2928932188135,-71.8001509912857));
#8685=CARTESIAN_POINT('',(16.9,45.,-71.8001509912856));
#8686=CARTESIAN_POINT('Origin',(17.9,45.,-71.8001509912856));
#8687=CARTESIAN_POINT('Origin',(16.9,45.9998489885978,-71.8001509912856));
#8688=CARTESIAN_POINT('Ctrl Pts',(16.9,44.,-73.7999999798834));
#8689=CARTESIAN_POINT('Ctrl Pts',(16.9333383447083,44.0333383447083,-73.7333232904667));
#8690=CARTESIAN_POINT('Ctrl Pts',(17.0008189131868,44.1008189131868,-73.5977605628535));
#8691=CARTESIAN_POINT('Ctrl Pts',(17.0984178654195,44.1984178654195,-73.3464144770062));
#8692=CARTESIAN_POINT('Ctrl Pts',(17.2019575390664,44.3019575390664,-72.8640745858727));
#8693=CARTESIAN_POINT('Ctrl Pts',(17.1928932188135,44.2928932188135,-72.3243954288111));
#8694=CARTESIAN_POINT('Ctrl Pts',(17.1928932188135,44.2928932188135,-71.8001509912857));
#8695=CARTESIAN_POINT('Ctrl Pts',(16.9577437068751,44.,-73.7422562730083));
#8696=CARTESIAN_POINT('Ctrl Pts',(16.9875594409793,44.0320489797396,-73.6803915591646));
#8697=CARTESIAN_POINT('Ctrl Pts',(17.0489133355307,44.0962474397018,-73.5489792885987));
#8698=CARTESIAN_POINT('Ctrl Pts',(17.137802505319,44.1882382990764,-73.2959287371976));
#8699=CARTESIAN_POINT('Ctrl Pts',(17.2349529794959,44.2749701410593,-72.8084727716496));
#8700=CARTESIAN_POINT('Ctrl Pts',(17.2175833212197,44.2682031164072,-72.2865613454203));
#8701=CARTESIAN_POINT('Ctrl Pts',(17.2391732494193,44.2466131882076,-71.8001509912857));
#8702=CARTESIAN_POINT('Ctrl Pts',(17.0745567931083,44.,-73.6254431867751));
#8703=CARTESIAN_POINT('Ctrl Pts',(17.0992849584539,44.0293436830814,-73.5686689138933));
#8704=CARTESIAN_POINT('Ctrl Pts',(17.1504879541024,44.0873347992026,-73.4415810282004));
#8705=CARTESIAN_POINT('Ctrl Pts',(17.2245185291235,44.1654101523923,-73.1802301432118));
#8706=CARTESIAN_POINT('Ctrl Pts',(17.3030088490597,44.2238108429191,-72.6920144912582));
#8707=CARTESIAN_POINT('Ctrl Pts',(17.2785683331319,44.2084164313699,-72.208206793652));
#8708=CARTESIAN_POINT('Ctrl Pts',(17.3408482947331,44.1631707516826,-71.8001509912857));
#8709=CARTESIAN_POINT('Ctrl Pts',(17.2781419538952,44.,-73.4218580259883));
#8710=CARTESIAN_POINT('Ctrl Pts',(17.2959326821774,44.0233947818001,-73.3641141755426));
#8711=CARTESIAN_POINT('Ctrl Pts',(17.3329823683267,44.0670288124563,-73.2303354469791));
#8712=CARTESIAN_POINT('Ctrl Pts',(17.3881946395666,44.1137752446958,-72.9457532565243));
#8713=CARTESIAN_POINT('Ctrl Pts',(17.4281697212845,44.1462268509875,-72.5029485101052));
#8714=CARTESIAN_POINT('Ctrl Pts',(17.4224890114149,44.108421961247,-72.0902601169528));
#8715=CARTESIAN_POINT('Ctrl Pts',(17.5148496961876,44.0701649129841,-71.8001509912856));
#8716=CARTESIAN_POINT('Ctrl Pts',(17.6142835826181,44.,-73.0857163972653));
#8717=CARTESIAN_POINT('Ctrl Pts',(17.6216875098184,44.0157822870455,-73.023578517361));
#8718=CARTESIAN_POINT('Ctrl Pts',(17.633657501276,44.0406180434714,-72.8871841000905));
#8719=CARTESIAN_POINT('Ctrl Pts',(17.6230844864957,44.0662220485575,-72.6266388914391));
#8720=CARTESIAN_POINT('Ctrl Pts',(17.5959700749848,44.0564846092695,-72.2864796519076));
#8721=CARTESIAN_POINT('Ctrl Pts',(17.6276202162192,44.0249374575673,-71.9755700106873));
#8722=CARTESIAN_POINT('Ctrl Pts',(17.7036523263258,44.0128924013133,-71.8001509912856));
#8723=CARTESIAN_POINT('Ctrl Pts',(17.9307070024887,44.,-72.7692929773947));
#8724=CARTESIAN_POINT('Ctrl Pts',(17.9099076698556,44.,-72.7106567082001));
#8725=CARTESIAN_POINT('Ctrl Pts',(17.8659134387071,44.,-72.5871066426439));
#8726=CARTESIAN_POINT('Ctrl Pts',(17.8078392856638,44.,-72.3671619298282));
#8727=CARTESIAN_POINT('Ctrl Pts',(17.7799875643372,44.,-72.1029843478619));
#8728=CARTESIAN_POINT('Ctrl Pts',(17.8040173837797,44.,-71.9015875418786));
#8729=CARTESIAN_POINT('Ctrl Pts',(17.8345501530502,44.,-71.8001509912856));
#8730=CARTESIAN_POINT('Ctrl Pts',(18.1928489885978,44.,-72.5071509912857));
#8731=CARTESIAN_POINT('Ctrl Pts',(18.1465759468043,44.,-72.4608779494922));
#8732=CARTESIAN_POINT('Ctrl Pts',(18.0631461110386,44.,-72.3592182582695));
#8733=CARTESIAN_POINT('Ctrl Pts',(17.9701543172822,44.,-72.1852431330106));
#8734=CARTESIAN_POINT('Ctrl Pts',(17.9128904544137,44.,-71.9964690142223));
#8735=CARTESIAN_POINT('Ctrl Pts',(17.9,44.,-71.8655909545623));
#8736=CARTESIAN_POINT('Ctrl Pts',(17.9,44.,-71.8001509912856));
#8737=CARTESIAN_POINT('',(18.1928489885978,44.,-72.5071509912857));
#8738=CARTESIAN_POINT('Ctrl Pts',(16.9,44.,-73.7999999798834));
#8739=CARTESIAN_POINT('Ctrl Pts',(16.9577437068751,44.,-73.7422562730083));
#8740=CARTESIAN_POINT('Ctrl Pts',(17.0745567931083,44.,-73.6254431867751));
#8741=CARTESIAN_POINT('Ctrl Pts',(17.2781419538952,44.,-73.4218580259883));
#8742=CARTESIAN_POINT('Ctrl Pts',(17.6142835826181,44.,-73.0857163972653));
#8743=CARTESIAN_POINT('Ctrl Pts',(17.9307070024887,44.,-72.7692929773947));
#8744=CARTESIAN_POINT('Ctrl Pts',(18.1928489885978,44.,-72.5071509912857));
#8745=CARTESIAN_POINT('',(17.9,44.,-71.8001509912856));
#8746=CARTESIAN_POINT('Origin',(18.8998489885978,44.,-71.8001509912856));
#8747=CARTESIAN_POINT('Origin',(17.9,45.,-71.8001509912856));
#8748=CARTESIAN_POINT('Ctrl Pts',(16.9,44.,-73.7999999798834));
#8749=CARTESIAN_POINT('Ctrl Pts',(16.9577437068751,44.,-73.7422562730083));
#8750=CARTESIAN_POINT('Ctrl Pts',(17.0745567931083,44.,-73.6254431867751));
#8751=CARTESIAN_POINT('Ctrl Pts',(17.2781419538952,44.,-73.4218580259883));
#8752=CARTESIAN_POINT('Ctrl Pts',(17.6142835826181,44.,-73.0857163972653));
#8753=CARTESIAN_POINT('Ctrl Pts',(17.9307070024887,44.,-72.7692929773947));
#8754=CARTESIAN_POINT('Ctrl Pts',(18.1928489885978,44.,-72.5071509912857));
#8755=CARTESIAN_POINT('Ctrl Pts',(16.9666766894167,43.9666616552917,-73.7666616351751));
#8756=CARTESIAN_POINT('Ctrl Pts',(17.0196084207189,43.9679510202604,-73.7124405389041));
#8757=CARTESIAN_POINT('Ctrl Pts',(17.1313310659901,43.9706563169186,-73.6007150214295));
#8758=CARTESIAN_POINT('Ctrl Pts',(17.3358858043408,43.9766052181999,-73.4040672977061));
#8759=CARTESIAN_POINT('Ctrl Pts',(17.6764214625224,43.9842177129545,-73.078312470065));
#8760=CARTESIAN_POINT('Ctrl Pts',(17.9893432716833,44.,-72.7900923100278));
#8761=CARTESIAN_POINT('Ctrl Pts',(18.2391220303913,44.,-72.5534240330792));
#8762=CARTESIAN_POINT('Ctrl Pts',(17.10223941703,43.8991810868132,-73.6991810666966));
#8763=CARTESIAN_POINT('Ctrl Pts',(17.1510206912847,43.9037525602982,-73.6510866443527));
#8764=CARTESIAN_POINT('Ctrl Pts',(17.258418951683,43.9126652007974,-73.549512025781));
#8765=CARTESIAN_POINT('Ctrl Pts',(17.4696645329043,43.9329711875438,-73.3670176115568));
#8766=CARTESIAN_POINT('Ctrl Pts',(17.8128158797929,43.9593819565286,-73.0663424786074));
#8767=CARTESIAN_POINT('Ctrl Pts',(18.1128933372395,44.,-72.8340865411764));
#8768=CARTESIAN_POINT('Ctrl Pts',(18.3407817216139,44.,-72.6368538688448));
#8769=CARTESIAN_POINT('Ctrl Pts',(17.3535855028772,43.8015821345805,-73.6015821144639));
#8770=CARTESIAN_POINT('Ctrl Pts',(17.4040712426858,43.8117617009236,-73.5621974745645));
#8771=CARTESIAN_POINT('Ctrl Pts',(17.5197698366716,43.8345898476077,-73.47548145076));
#8772=CARTESIAN_POINT('Ctrl Pts',(17.7542467233591,43.8862247553042,-73.3118053403168));
#8773=CARTESIAN_POINT('Ctrl Pts',(18.0733610884444,43.9337779514425,-73.0769154933877));
#8774=CARTESIAN_POINT('Ctrl Pts',(18.3328380500553,44.,-72.8921606942196));
#8775=CARTESIAN_POINT('Ctrl Pts',(18.5147568468729,44.,-72.7298456626012));
#8776=CARTESIAN_POINT('Ctrl Pts',(17.8359253940108,43.6980424609336,-73.498042440817));
#8777=CARTESIAN_POINT('Ctrl Pts',(17.8915272082338,43.7250298589407,-73.4650470003875));
#8778=CARTESIAN_POINT('Ctrl Pts',(18.0079854886252,43.7761891570809,-73.3969911308237));
#8779=CARTESIAN_POINT('Ctrl Pts',(18.1970514697782,43.8537731490125,-73.2718302585989));
#8780=CARTESIAN_POINT('Ctrl Pts',(18.4135203279758,43.9435153907306,-73.1040299048986));
#8781=CARTESIAN_POINT('Ctrl Pts',(18.5970156320215,44.,-72.9200124155463));
#8782=CARTESIAN_POINT('Ctrl Pts',(18.7035309656611,44.,-72.7871095254697));
#8783=CARTESIAN_POINT('Ctrl Pts',(18.3756045510723,43.7071067811866,-73.50710676107));
#8784=CARTESIAN_POINT('Ctrl Pts',(18.4134386344631,43.7317968835928,-73.4824166586638));
#8785=CARTESIAN_POINT('Ctrl Pts',(18.4917931862314,43.7915835686301,-73.4214316467516));
#8786=CARTESIAN_POINT('Ctrl Pts',(18.6097398629306,43.891578038753,-73.2775109684685));
#8787=CARTESIAN_POINT('Ctrl Pts',(18.7244299691961,43.9750625424327,-73.0723797636642));
#8788=CARTESIAN_POINT('Ctrl Pts',(18.7984124380049,44.,-72.8959825961037));
#8789=CARTESIAN_POINT('Ctrl Pts',(18.8344090253212,44.,-72.7999999798834));
#8790=CARTESIAN_POINT('Ctrl Pts',(18.8998489885978,43.7071067811866,-73.50710676107));
#8791=CARTESIAN_POINT('Ctrl Pts',(18.8998489885978,43.7533868117924,-73.4608267304641));
#8792=CARTESIAN_POINT('Ctrl Pts',(18.8998489885978,43.8368292483174,-73.3591516851503));
#8793=CARTESIAN_POINT('Ctrl Pts',(18.8998489885978,43.9298350870159,-73.1851502836958));
#8794=CARTESIAN_POINT('Ctrl Pts',(18.8998489885978,43.9871075986867,-72.9963476535576));
#8795=CARTESIAN_POINT('Ctrl Pts',(18.8998489885978,44.,-72.8654498268332));
#8796=CARTESIAN_POINT('Ctrl Pts',(18.8998489885978,44.,-72.7999999798834));
#8797=CARTESIAN_POINT('',(18.8998489885978,43.7071067811866,-73.50710676107));
#8798=CARTESIAN_POINT('Ctrl Pts',(16.9,44.,-73.7999999798834));
#8799=CARTESIAN_POINT('Ctrl Pts',(16.9666766894167,43.9666616552917,-73.7666616351751));
#8800=CARTESIAN_POINT('Ctrl Pts',(17.10223941703,43.8991810868132,-73.6991810666966));
#8801=CARTESIAN_POINT('Ctrl Pts',(17.3535855028772,43.8015821345805,-73.6015821144639));
#8802=CARTESIAN_POINT('Ctrl Pts',(17.8359253940108,43.6980424609336,-73.498042440817));
#8803=CARTESIAN_POINT('Ctrl Pts',(18.3756045510723,43.7071067811865,-73.50710676107));
#8804=CARTESIAN_POINT('Ctrl Pts',(18.8998489885978,43.7071067811866,-73.50710676107));
#8805=CARTESIAN_POINT('',(18.8998489885978,44.,-72.7999999798834));
#8806=CARTESIAN_POINT('Origin',(18.8998489885978,43.,-72.7999999798834));
#8807=CARTESIAN_POINT('Origin',(18.8998489885978,44.,-71.8001509912856));
#8808=CARTESIAN_POINT('Ctrl Pts',(16.9,44.,-73.7999999798834));
#8809=CARTESIAN_POINT('Ctrl Pts',(16.9666766894167,43.9666616552917,-73.7666616351751));
#8810=CARTESIAN_POINT('Ctrl Pts',(17.10223941703,43.8991810868132,-73.6991810666966));
#8811=CARTESIAN_POINT('Ctrl Pts',(17.3535855028772,43.8015821345805,-73.6015821144639));
#8812=CARTESIAN_POINT('Ctrl Pts',(17.8359253940108,43.6980424609336,-73.498042440817));
#8813=CARTESIAN_POINT('Ctrl Pts',(18.3756045510723,43.7071067811865,-73.50710676107));
#8814=CARTESIAN_POINT('Ctrl Pts',(18.8998489885978,43.7071067811866,-73.50710676107));
#8815=CARTESIAN_POINT('Ctrl Pts',(16.9577437068751,43.9422562931249,-73.7999999798834));
#8816=CARTESIAN_POINT('Ctrl Pts',(17.0196084207189,43.9124405590207,-73.7679510001439));
#8817=CARTESIAN_POINT('Ctrl Pts',(17.1510206912847,43.8510866644693,-73.7037525401816));
#8818=CARTESIAN_POINT('Ctrl Pts',(17.4040712426858,43.7621974946811,-73.611761680807));
#8819=CARTESIAN_POINT('Ctrl Pts',(17.8915272082338,43.6650470205041,-73.525029838824));
#8820=CARTESIAN_POINT('Ctrl Pts',(18.4134386344631,43.6824166787803,-73.5317968634762));
#8821=CARTESIAN_POINT('Ctrl Pts',(18.8998489885978,43.6608267505807,-73.5533867916758));
#8822=CARTESIAN_POINT('Ctrl Pts',(17.0745567931084,43.8254432068917,-73.7999999798835));
#8823=CARTESIAN_POINT('Ctrl Pts',(17.1313310659901,43.8007150415461,-73.770656296802));
#8824=CARTESIAN_POINT('Ctrl Pts',(17.2584189516831,43.7495120458976,-73.7126651806809));
#8825=CARTESIAN_POINT('Ctrl Pts',(17.5197698366716,43.6754814708765,-73.6345898274911));
#8826=CARTESIAN_POINT('Ctrl Pts',(18.0079854886252,43.5969911509404,-73.5761891369644));
#8827=CARTESIAN_POINT('Ctrl Pts',(18.4917931862314,43.6214316668681,-73.5915835485135));
#8828=CARTESIAN_POINT('Ctrl Pts',(18.8998489885978,43.5591517052669,-73.6368292282008));
#8829=CARTESIAN_POINT('Ctrl Pts',(17.2781419538952,43.6218580461048,-73.7999999798834));
#8830=CARTESIAN_POINT('Ctrl Pts',(17.3358858043408,43.6040673178227,-73.7766051980833));
#8831=CARTESIAN_POINT('Ctrl Pts',(17.4696645329043,43.5670176316733,-73.7329711674271));
#8832=CARTESIAN_POINT('Ctrl Pts',(17.7542467233591,43.5118053604335,-73.6862247351877));
#8833=CARTESIAN_POINT('Ctrl Pts',(18.1970514697782,43.4718302787154,-73.6537731288959));
#8834=CARTESIAN_POINT('Ctrl Pts',(18.6097398629306,43.4775109885851,-73.6915780186364));
#8835=CARTESIAN_POINT('Ctrl Pts',(18.8998489885978,43.3851503038124,-73.7298350668993));
#8836=CARTESIAN_POINT('Ctrl Pts',(17.6142835826181,43.2857164173819,-73.7999999798834));
#8837=CARTESIAN_POINT('Ctrl Pts',(17.6764214625224,43.2783124901816,-73.7842176928379));
#8838=CARTESIAN_POINT('Ctrl Pts',(17.8128158797929,43.266342498724,-73.759381936412));
#8839=CARTESIAN_POINT('Ctrl Pts',(18.0733610884444,43.2769155135043,-73.7337779313259));
#8840=CARTESIAN_POINT('Ctrl Pts',(18.4135203279758,43.3040299250152,-73.7435153706139));
#8841=CARTESIAN_POINT('Ctrl Pts',(18.7244299691961,43.2723797837808,-73.7750625223161));
#8842=CARTESIAN_POINT('Ctrl Pts',(18.8998489885978,43.1963476736742,-73.7871075785701));
#8843=CARTESIAN_POINT('Ctrl Pts',(17.9307070024887,42.9692929975113,-73.7999999798834));
#8844=CARTESIAN_POINT('Ctrl Pts',(17.9893432716833,42.9900923301444,-73.7999999798834));
#8845=CARTESIAN_POINT('Ctrl Pts',(18.1128933372395,43.034086561293,-73.7999999798834));
#8846=CARTESIAN_POINT('Ctrl Pts',(18.3328380500553,43.0921607143362,-73.7999999798834));
#8847=CARTESIAN_POINT('Ctrl Pts',(18.5970156320216,43.1200124356628,-73.7999999798834));
#8848=CARTESIAN_POINT('Ctrl Pts',(18.7984124380049,43.0959826162203,-73.7999999798834));
#8849=CARTESIAN_POINT('Ctrl Pts',(18.8998489885978,43.0654498469498,-73.7999999798834));
#8850=CARTESIAN_POINT('Ctrl Pts',(18.1928489885978,42.7071510114022,-73.7999999798834));
#8851=CARTESIAN_POINT('Ctrl Pts',(18.2391220303913,42.7534240531957,-73.7999999798834));
#8852=CARTESIAN_POINT('Ctrl Pts',(18.3407817216139,42.8368538889614,-73.7999999798834));
#8853=CARTESIAN_POINT('Ctrl Pts',(18.5147568468729,42.9298456827178,-73.7999999798834));
#8854=CARTESIAN_POINT('Ctrl Pts',(18.7035309656611,42.9871095455863,-73.7999999798834));
#8855=CARTESIAN_POINT('Ctrl Pts',(18.8344090253212,43.,-73.7999999798834));
#8856=CARTESIAN_POINT('Ctrl Pts',(18.8998489885978,43.,-73.7999999798834));
#8857=CARTESIAN_POINT('',(18.1928489885978,42.7071510114022,-73.7999999798834));
#8858=CARTESIAN_POINT('Ctrl Pts',(16.9,44.,-73.7999999798834));
#8859=CARTESIAN_POINT('Ctrl Pts',(16.9577437068751,43.9422562931249,-73.7999999798834));
#8860=CARTESIAN_POINT('Ctrl Pts',(17.0745567931084,43.8254432068917,-73.7999999798835));
#8861=CARTESIAN_POINT('Ctrl Pts',(17.2781419538952,43.6218580461048,-73.7999999798834));
#8862=CARTESIAN_POINT('Ctrl Pts',(17.6142835826181,43.2857164173819,-73.7999999798834));
#8863=CARTESIAN_POINT('Ctrl Pts',(17.9307070024887,42.9692929975113,-73.7999999798834));
#8864=CARTESIAN_POINT('Ctrl Pts',(18.1928489885978,42.7071510114022,-73.7999999798834));
#8865=CARTESIAN_POINT('',(18.8998489885978,43.,-73.7999999798834));
#8866=CARTESIAN_POINT('Origin',(18.8998489885978,42.0001510114022,-73.7999999798834));
#8867=CARTESIAN_POINT('Origin',(18.8998489885978,43.,-72.7999999798834));
#8868=CARTESIAN_POINT('Ctrl Pts',(16.9,44.,-73.7999999798834));
#8869=CARTESIAN_POINT('Ctrl Pts',(16.9577437068751,43.9422562931249,-73.7999999798834));
#8870=CARTESIAN_POINT('Ctrl Pts',(17.0745567931084,43.8254432068917,-73.7999999798835));
#8871=CARTESIAN_POINT('Ctrl Pts',(17.2781419538952,43.6218580461048,-73.7999999798834));
#8872=CARTESIAN_POINT('Ctrl Pts',(17.6142835826181,43.2857164173819,-73.7999999798834));
#8873=CARTESIAN_POINT('Ctrl Pts',(17.9307070024887,42.9692929975113,-73.7999999798834));
#8874=CARTESIAN_POINT('Ctrl Pts',(18.1928489885978,42.7071510114022,-73.7999999798834));
#8875=CARTESIAN_POINT('Ctrl Pts',(16.9333383447083,43.9333233105833,-73.8333383245918));
#8876=CARTESIAN_POINT('Ctrl Pts',(16.9875594409793,43.8803915792812,-73.832048959623));
#8877=CARTESIAN_POINT('Ctrl Pts',(17.0992849584539,43.7686689340099,-73.8293436629649));
#8878=CARTESIAN_POINT('Ctrl Pts',(17.2959326821773,43.5641141956592,-73.8233947616835));
#8879=CARTESIAN_POINT('Ctrl Pts',(17.6216875098184,43.2235785374776,-73.8157822669289));
#8880=CARTESIAN_POINT('Ctrl Pts',(17.9099076698556,42.9106567283167,-73.7999999798834));
#8881=CARTESIAN_POINT('Ctrl Pts',(18.1465759468043,42.6608779696087,-73.7999999798834));
#8882=CARTESIAN_POINT('Ctrl Pts',(17.0008189131868,43.79776058297,-73.9008188930702));
#8883=CARTESIAN_POINT('Ctrl Pts',(17.0489133355307,43.7489793087152,-73.8962474195852));
#8884=CARTESIAN_POINT('Ctrl Pts',(17.1504879541024,43.641581048317,-73.887334779086));
#8885=CARTESIAN_POINT('Ctrl Pts',(17.3329823683267,43.4303354670957,-73.8670287923397));
#8886=CARTESIAN_POINT('Ctrl Pts',(17.633657501276,43.0871841202072,-73.8406180233549));
#8887=CARTESIAN_POINT('Ctrl Pts',(17.8659134387071,42.7871066627605,-73.7999999798834));
#8888=CARTESIAN_POINT('Ctrl Pts',(18.0631461110386,42.5592182783861,-73.7999999798834));
#8889=CARTESIAN_POINT('Ctrl Pts',(17.0984178654195,43.5464144971228,-73.9984178453029));
#8890=CARTESIAN_POINT('Ctrl Pts',(17.137802505319,43.4959287573142,-73.9882382789599));
#8891=CARTESIAN_POINT('Ctrl Pts',(17.2245185291235,43.3802301633284,-73.9654101322757));
#8892=CARTESIAN_POINT('Ctrl Pts',(17.3881946395666,43.1457532766409,-73.9137752245792));
#8893=CARTESIAN_POINT('Ctrl Pts',(17.6230844864957,42.8266389115555,-73.8662220284409));
#8894=CARTESIAN_POINT('Ctrl Pts',(17.8078392856638,42.5671619499447,-73.7999999798834));
#8895=CARTESIAN_POINT('Ctrl Pts',(17.9701543172822,42.3852431531271,-73.7999999798834));
#8896=CARTESIAN_POINT('Ctrl Pts',(17.2019575390664,43.0640746059892,-74.1019575189498));
#8897=CARTESIAN_POINT('Ctrl Pts',(17.2349529794959,43.0084727917662,-74.0749701209428));
#8898=CARTESIAN_POINT('Ctrl Pts',(17.3030088490597,42.8920145113748,-74.0238108228026));
#8899=CARTESIAN_POINT('Ctrl Pts',(17.4281697212845,42.7029485302218,-73.9462268308709));
#8900=CARTESIAN_POINT('Ctrl Pts',(17.5959700749848,42.4864796720243,-73.8564845891529));
#8901=CARTESIAN_POINT('Ctrl Pts',(17.7799875643372,42.3029843679784,-73.7999999798834));
#8902=CARTESIAN_POINT('Ctrl Pts',(17.9128904544137,42.1964690343389,-73.7999999798834));
#8903=CARTESIAN_POINT('Ctrl Pts',(17.1928932188134,42.5243954489277,-74.0928931986969));
#8904=CARTESIAN_POINT('Ctrl Pts',(17.2175833212197,42.4865613655369,-74.0682030962907));
#8905=CARTESIAN_POINT('Ctrl Pts',(17.2785683331319,42.4082068137686,-74.0084164112533));
#8906=CARTESIAN_POINT('Ctrl Pts',(17.4224890114149,42.2902601370693,-73.9084219411305));
#8907=CARTESIAN_POINT('Ctrl Pts',(17.6276202162192,42.1755700308039,-73.8249374374507));
#8908=CARTESIAN_POINT('Ctrl Pts',(17.8040173837797,42.1015875619951,-73.7999999798834));
#8909=CARTESIAN_POINT('Ctrl Pts',(17.9,42.0655909746789,-73.7999999798834));
#8910=CARTESIAN_POINT('Ctrl Pts',(17.1928932188134,42.0001510114022,-74.0928931986969));
#8911=CARTESIAN_POINT('Ctrl Pts',(17.2391732494193,42.0001510114022,-74.0466131680911));
#8912=CARTESIAN_POINT('Ctrl Pts',(17.3408482947331,42.0001510114022,-73.963170731566));
#8913=CARTESIAN_POINT('Ctrl Pts',(17.5148496961876,42.0001510114022,-73.8701648928675));
#8914=CARTESIAN_POINT('Ctrl Pts',(17.7036523263258,42.0001510114022,-73.8128923811967));
#8915=CARTESIAN_POINT('Ctrl Pts',(17.8345501530502,42.0001510114022,-73.7999999798834));
#8916=CARTESIAN_POINT('Ctrl Pts',(17.9,42.0001510114022,-73.7999999798834));
#8917=CARTESIAN_POINT('',(17.1928932188134,42.0001510114022,-74.0928931986969));
#8918=CARTESIAN_POINT('Ctrl Pts',(16.9,44.,-73.7999999798834));
#8919=CARTESIAN_POINT('Ctrl Pts',(16.9333383447083,43.9333233105833,-73.8333383245918));
#8920=CARTESIAN_POINT('Ctrl Pts',(17.0008189131868,43.79776058297,-73.9008188930702));
#8921=CARTESIAN_POINT('Ctrl Pts',(17.0984178654195,43.5464144971228,-73.9984178453029));
#8922=CARTESIAN_POINT('Ctrl Pts',(17.2019575390664,43.0640746059892,-74.1019575189498));
#8923=CARTESIAN_POINT('Ctrl Pts',(17.1928932188135,42.5243954489277,-74.0928931986969));
#8924=CARTESIAN_POINT('Ctrl Pts',(17.1928932188135,42.0001510114022,-74.0928931986969));
#8925=CARTESIAN_POINT('',(17.9,42.0001510114022,-73.7999999798834));
#8926=CARTESIAN_POINT('Origin',(17.9,42.0001510114022,-74.7999999798834));
#8927=CARTESIAN_POINT('Origin',(18.8998489885978,42.0001510114022,-73.7999999798834));
#8928=CARTESIAN_POINT('Ctrl Pts',(16.9,44.,-73.7999999798834));
#8929=CARTESIAN_POINT('Ctrl Pts',(16.9333383447083,43.9333233105833,-73.8333383245918));
#8930=CARTESIAN_POINT('Ctrl Pts',(17.0008189131868,43.79776058297,-73.9008188930702));
#8931=CARTESIAN_POINT('Ctrl Pts',(17.0984178654195,43.5464144971228,-73.9984178453029));
#8932=CARTESIAN_POINT('Ctrl Pts',(17.2019575390664,43.0640746059892,-74.1019575189498));
#8933=CARTESIAN_POINT('Ctrl Pts',(17.1928932188135,42.5243954489277,-74.0928931986969));
#8934=CARTESIAN_POINT('Ctrl Pts',(17.1928932188135,42.0001510114022,-74.0928931986969));
#8935=CARTESIAN_POINT('Ctrl Pts',(16.9,43.9422562931249,-73.8577436867585));
#8936=CARTESIAN_POINT('Ctrl Pts',(16.9320489797396,43.8803915792811,-73.8875594208627));
#8937=CARTESIAN_POINT('Ctrl Pts',(16.9962474397018,43.7489793087153,-73.9489133154141));
#8938=CARTESIAN_POINT('Ctrl Pts',(17.0882382990765,43.4959287573142,-74.0378024852024));
#8939=CARTESIAN_POINT('Ctrl Pts',(17.1749701410593,43.0084727917662,-74.1349529593792));
#8940=CARTESIAN_POINT('Ctrl Pts',(17.1682031164072,42.4865613655369,-74.1175833011031));
#8941=CARTESIAN_POINT('Ctrl Pts',(17.1466131882076,42.0001510114022,-74.1391732293027));
#8942=CARTESIAN_POINT('Ctrl Pts',(16.9,43.8254432068917,-73.9745567729918));
#8943=CARTESIAN_POINT('Ctrl Pts',(16.9293436830814,43.7686689340099,-73.9992849383374));
#8944=CARTESIAN_POINT('Ctrl Pts',(16.9873347992026,43.6415810483169,-74.0504879339858));
#8945=CARTESIAN_POINT('Ctrl Pts',(17.0654101523923,43.3802301633284,-74.1245185090068));
#8946=CARTESIAN_POINT('Ctrl Pts',(17.1238108429191,42.8920145113748,-74.2030088289431));
#8947=CARTESIAN_POINT('Ctrl Pts',(17.1084164313699,42.4082068137686,-74.1785683130153));
#8948=CARTESIAN_POINT('Ctrl Pts',(17.0631707516826,42.0001510114022,-74.2408482746165));
#8949=CARTESIAN_POINT('Ctrl Pts',(16.9,43.6218580461048,-74.1781419337786));
#8950=CARTESIAN_POINT('Ctrl Pts',(16.9233947818001,43.5641141956592,-74.1959326620608));
#8951=CARTESIAN_POINT('Ctrl Pts',(16.9670288124563,43.4303354670958,-74.2329823482101));
#8952=CARTESIAN_POINT('Ctrl Pts',(17.0137752446957,43.1457532766409,-74.28819461945));
#8953=CARTESIAN_POINT('Ctrl Pts',(17.0462268509875,42.7029485302218,-74.3281697011679));
#8954=CARTESIAN_POINT('Ctrl Pts',(17.008421961247,42.2902601370694,-74.3224889912983));
#8955=CARTESIAN_POINT('Ctrl Pts',(16.9701649129841,42.0001510114022,-74.4148496760711));
#8956=CARTESIAN_POINT('Ctrl Pts',(16.9,43.2857164173819,-74.5142835625015));
#8957=CARTESIAN_POINT('Ctrl Pts',(16.9157822870455,43.2235785374776,-74.5216874897018));
#8958=CARTESIAN_POINT('Ctrl Pts',(16.9406180434714,43.0871841202072,-74.5336574811595));
#8959=CARTESIAN_POINT('Ctrl Pts',(16.9662220485575,42.8266389115556,-74.5230844663792));
#8960=CARTESIAN_POINT('Ctrl Pts',(16.9564846092695,42.4864796720243,-74.4959700548683));
#8961=CARTESIAN_POINT('Ctrl Pts',(16.9249374575673,42.1755700308039,-74.5276201961026));
#8962=CARTESIAN_POINT('Ctrl Pts',(16.9128924013133,42.0001510114022,-74.6036523062092));
#8963=CARTESIAN_POINT('Ctrl Pts',(16.9,42.9692929975113,-74.8307069823721));
#8964=CARTESIAN_POINT('Ctrl Pts',(16.9,42.9106567283167,-74.809907649739));
#8965=CARTESIAN_POINT('Ctrl Pts',(16.9,42.7871066627605,-74.7659134185905));
#8966=CARTESIAN_POINT('Ctrl Pts',(16.9,42.5671619499448,-74.7078392655473));
#8967=CARTESIAN_POINT('Ctrl Pts',(16.9,42.3029843679784,-74.6799875442206));
#8968=CARTESIAN_POINT('Ctrl Pts',(16.9,42.1015875619951,-74.7040173636631));
#8969=CARTESIAN_POINT('Ctrl Pts',(16.9,42.0001510114022,-74.7345501329336));
#8970=CARTESIAN_POINT('Ctrl Pts',(16.9,42.7071510114022,-75.0928489684812));
#8971=CARTESIAN_POINT('Ctrl Pts',(16.9,42.6608779696087,-75.0465759266877));
#8972=CARTESIAN_POINT('Ctrl Pts',(16.9,42.5592182783861,-74.963146090922));
#8973=CARTESIAN_POINT('Ctrl Pts',(16.9,42.3852431531272,-74.8701542971656));
#8974=CARTESIAN_POINT('Ctrl Pts',(16.9,42.1964690343389,-74.8128904342971));
#8975=CARTESIAN_POINT('Ctrl Pts',(16.9,42.0655909746789,-74.7999999798834));
#8976=CARTESIAN_POINT('Ctrl Pts',(16.9,42.0001510114022,-74.7999999798834));
#8977=CARTESIAN_POINT('',(16.9,42.7071510114022,-75.0928489684812));
#8978=CARTESIAN_POINT('Ctrl Pts',(16.9,44.,-73.7999999798834));
#8979=CARTESIAN_POINT('Ctrl Pts',(16.9,43.9422562931249,-73.8577436867585));
#8980=CARTESIAN_POINT('Ctrl Pts',(16.9,43.8254432068917,-73.9745567729918));
#8981=CARTESIAN_POINT('Ctrl Pts',(16.9,43.6218580461048,-74.1781419337786));
#8982=CARTESIAN_POINT('Ctrl Pts',(16.9,43.2857164173819,-74.5142835625015));
#8983=CARTESIAN_POINT('Ctrl Pts',(16.9,42.9692929975113,-74.8307069823721));
#8984=CARTESIAN_POINT('Ctrl Pts',(16.9,42.7071510114022,-75.0928489684812));
#8985=CARTESIAN_POINT('',(16.9,42.0001510114022,-74.7999999798834));
#8986=CARTESIAN_POINT('Origin',(16.9,42.0001510114022,-75.7998489684812));
#8987=CARTESIAN_POINT('Origin',(17.9,42.0001510114022,-74.7999999798834));
#8988=CARTESIAN_POINT('Ctrl Pts',(16.9,44.,-73.7999999798834));
#8989=CARTESIAN_POINT('Ctrl Pts',(16.9,43.9422562931249,-73.8577436867585));
#8990=CARTESIAN_POINT('Ctrl Pts',(16.9,43.8254432068917,-73.9745567729918));
#8991=CARTESIAN_POINT('Ctrl Pts',(16.9,43.6218580461048,-74.1781419337786));
#8992=CARTESIAN_POINT('Ctrl Pts',(16.9,43.2857164173819,-74.5142835625015));
#8993=CARTESIAN_POINT('Ctrl Pts',(16.9,42.9692929975113,-74.8307069823721));
#8994=CARTESIAN_POINT('Ctrl Pts',(16.9,42.7071510114022,-75.0928489684812));
#8995=CARTESIAN_POINT('Ctrl Pts',(16.8666616552917,43.9666616552917,-73.8666766693001));
#8996=CARTESIAN_POINT('Ctrl Pts',(16.8679510202604,43.9124405590207,-73.9196084006023));
#8997=CARTESIAN_POINT('Ctrl Pts',(16.8706563169186,43.8007150415461,-74.0313310458736));
#8998=CARTESIAN_POINT('Ctrl Pts',(16.8766052181999,43.6040673178227,-74.2358857842243));
#8999=CARTESIAN_POINT('Ctrl Pts',(16.8842177129545,43.2783124901815,-74.5764214424058));
#9000=CARTESIAN_POINT('Ctrl Pts',(16.9,42.9900923301444,-74.8893432515667));
#9001=CARTESIAN_POINT('Ctrl Pts',(16.9,42.7534240531957,-75.1391220102747));
#9002=CARTESIAN_POINT('Ctrl Pts',(16.7991810868132,43.8991810868132,-74.0022393969134));
#9003=CARTESIAN_POINT('Ctrl Pts',(16.8037525602982,43.8510866644693,-74.0510206711682));
#9004=CARTESIAN_POINT('Ctrl Pts',(16.8126652007974,43.7495120458976,-74.1584189315665));
#9005=CARTESIAN_POINT('Ctrl Pts',(16.8329711875437,43.5670176316733,-74.3696645127877));
#9006=CARTESIAN_POINT('Ctrl Pts',(16.8593819565286,43.266342498724,-74.7128158596763));
#9007=CARTESIAN_POINT('Ctrl Pts',(16.9,43.034086561293,-75.0128933171229));
#9008=CARTESIAN_POINT('Ctrl Pts',(16.9,42.8368538889614,-75.2407817014974));
#9009=CARTESIAN_POINT('Ctrl Pts',(16.7015821345805,43.8015821345805,-74.2535854827607));
#9010=CARTESIAN_POINT('Ctrl Pts',(16.7117617009236,43.7621974946811,-74.3040712225692));
#9011=CARTESIAN_POINT('Ctrl Pts',(16.7345898476077,43.6754814708765,-74.4197698165549));
#9012=CARTESIAN_POINT('Ctrl Pts',(16.7862247553043,43.5118053604334,-74.6542467032425));
#9013=CARTESIAN_POINT('Ctrl Pts',(16.8337779514425,43.2769155135043,-74.9733610683278));
#9014=CARTESIAN_POINT('Ctrl Pts',(16.9,43.0921607143362,-75.2328380299387));
#9015=CARTESIAN_POINT('Ctrl Pts',(16.9,42.9298456827178,-75.4147568267563));
#9016=CARTESIAN_POINT('Ctrl Pts',(16.5980424609336,43.6980424609336,-74.7359253738942));
#9017=CARTESIAN_POINT('Ctrl Pts',(16.6250298589407,43.6650470205041,-74.7915271881172));
#9018=CARTESIAN_POINT('Ctrl Pts',(16.6761891570809,43.5969911509403,-74.9079854685086));
#9019=CARTESIAN_POINT('Ctrl Pts',(16.7537731490125,43.4718302787154,-75.0970514496617));
#9020=CARTESIAN_POINT('Ctrl Pts',(16.8435153907305,43.3040299250152,-75.3135203078592));
#9021=CARTESIAN_POINT('Ctrl Pts',(16.9,43.1200124356629,-75.497015611905));
#9022=CARTESIAN_POINT('Ctrl Pts',(16.9,42.9871095455863,-75.6035309455445));
#9023=CARTESIAN_POINT('Ctrl Pts',(16.6071067811865,43.7071067811866,-75.2756045309557));
#9024=CARTESIAN_POINT('Ctrl Pts',(16.6317968835928,43.6824166787803,-75.3134386143465));
#9025=CARTESIAN_POINT('Ctrl Pts',(16.6915835686301,43.6214316668681,-75.3917931661149));
#9026=CARTESIAN_POINT('Ctrl Pts',(16.791578038753,43.4775109885851,-75.5097398428141));
#9027=CARTESIAN_POINT('Ctrl Pts',(16.8750625424327,43.2723797837808,-75.6244299490795));
#9028=CARTESIAN_POINT('Ctrl Pts',(16.9,43.0959826162203,-75.6984124178883));
#9029=CARTESIAN_POINT('Ctrl Pts',(16.9,43.,-75.7344090052046));
#9030=CARTESIAN_POINT('Ctrl Pts',(16.6071067811865,43.7071067811866,-75.7998489684812));
#9031=CARTESIAN_POINT('Ctrl Pts',(16.6533868117924,43.6608267505807,-75.7998489684812));
#9032=CARTESIAN_POINT('Ctrl Pts',(16.7368292483174,43.5591517052669,-75.7998489684812));
#9033=CARTESIAN_POINT('Ctrl Pts',(16.8298350870159,43.3851503038124,-75.7998489684812));
#9034=CARTESIAN_POINT('Ctrl Pts',(16.8871075986867,43.1963476736742,-75.7998489684812));
#9035=CARTESIAN_POINT('Ctrl Pts',(16.9,43.0654498469498,-75.7998489684812));
#9036=CARTESIAN_POINT('Ctrl Pts',(16.9,43.,-75.7998489684812));
#9037=CARTESIAN_POINT('',(16.6071067811865,43.7071067811866,-75.7998489684812));
#9038=CARTESIAN_POINT('Ctrl Pts',(16.9,44.,-73.7999999798834));
#9039=CARTESIAN_POINT('Ctrl Pts',(16.8666616552917,43.9666616552917,-73.8666766693001));
#9040=CARTESIAN_POINT('Ctrl Pts',(16.7991810868132,43.8991810868132,-74.0022393969134));
#9041=CARTESIAN_POINT('Ctrl Pts',(16.7015821345805,43.8015821345805,-74.2535854827607));
#9042=CARTESIAN_POINT('Ctrl Pts',(16.5980424609336,43.6980424609336,-74.7359253738942));
#9043=CARTESIAN_POINT('Ctrl Pts',(16.6071067811865,43.7071067811866,-75.2756045309557));
#9044=CARTESIAN_POINT('Ctrl Pts',(16.6071067811865,43.7071067811866,-75.7998489684812));
#9045=CARTESIAN_POINT('',(16.9,43.,-75.7998489684812));
#9046=CARTESIAN_POINT('Origin',(15.9,43.,-75.7998489684812));
#9047=CARTESIAN_POINT('Origin',(16.9,42.0001510114022,-75.7998489684812));
#9048=CARTESIAN_POINT('Ctrl Pts',(16.9,44.,-73.7999999798834));
#9049=CARTESIAN_POINT('Ctrl Pts',(16.8666616552917,43.9666616552917,-73.8666766693001));
#9050=CARTESIAN_POINT('Ctrl Pts',(16.7991810868132,43.8991810868132,-74.0022393969134));
#9051=CARTESIAN_POINT('Ctrl Pts',(16.7015821345805,43.8015821345805,-74.2535854827607));
#9052=CARTESIAN_POINT('Ctrl Pts',(16.5980424609336,43.6980424609336,-74.7359253738942));
#9053=CARTESIAN_POINT('Ctrl Pts',(16.6071067811865,43.7071067811866,-75.2756045309557));
#9054=CARTESIAN_POINT('Ctrl Pts',(16.6071067811865,43.7071067811866,-75.7998489684812));
#9055=CARTESIAN_POINT('Ctrl Pts',(16.8422562931249,44.,-73.8577436867585));
#9056=CARTESIAN_POINT('Ctrl Pts',(16.8124405590207,43.9679510202604,-73.9196084006023));
#9057=CARTESIAN_POINT('Ctrl Pts',(16.7510866644693,43.9037525602982,-74.0510206711682));
#9058=CARTESIAN_POINT('Ctrl Pts',(16.662197494681,43.8117617009236,-74.3040712225692));
#9059=CARTESIAN_POINT('Ctrl Pts',(16.5650470205041,43.7250298589407,-74.7915271881172));
#9060=CARTESIAN_POINT('Ctrl Pts',(16.5824166787803,43.7317968835928,-75.3134386143465));
#9061=CARTESIAN_POINT('Ctrl Pts',(16.5608267505807,43.7533868117924,-75.7998489684812));
#9062=CARTESIAN_POINT('Ctrl Pts',(16.7254432068917,44.,-73.9745567729918));
#9063=CARTESIAN_POINT('Ctrl Pts',(16.7007150415461,43.9706563169186,-74.0313310458736));
#9064=CARTESIAN_POINT('Ctrl Pts',(16.6495120458976,43.9126652007974,-74.1584189315664));
#9065=CARTESIAN_POINT('Ctrl Pts',(16.5754814708765,43.8345898476076,-74.419769816555));
#9066=CARTESIAN_POINT('Ctrl Pts',(16.4969911509403,43.776189157081,-74.9079854685087));
#9067=CARTESIAN_POINT('Ctrl Pts',(16.5214316668682,43.7915835686301,-75.3917931661148));
#9068=CARTESIAN_POINT('Ctrl Pts',(16.4591517052669,43.8368292483174,-75.7998489684812));
#9069=CARTESIAN_POINT('Ctrl Pts',(16.5218580461048,44.,-74.1781419337786));
#9070=CARTESIAN_POINT('Ctrl Pts',(16.5040673178226,43.9766052181999,-74.2358857842242));
#9071=CARTESIAN_POINT('Ctrl Pts',(16.4670176316733,43.9329711875437,-74.3696645127877));
#9072=CARTESIAN_POINT('Ctrl Pts',(16.4118053604334,43.8862247553043,-74.6542467032425));
#9073=CARTESIAN_POINT('Ctrl Pts',(16.3718302787154,43.8537731490124,-75.0970514496616));
#9074=CARTESIAN_POINT('Ctrl Pts',(16.3775109885851,43.891578038753,-75.5097398428141));
#9075=CARTESIAN_POINT('Ctrl Pts',(16.2851503038124,43.9298350870159,-75.7998489684812));
#9076=CARTESIAN_POINT('Ctrl Pts',(16.1857164173819,44.,-74.5142835625015));
#9077=CARTESIAN_POINT('Ctrl Pts',(16.1783124901816,43.9842177129545,-74.5764214424059));
#9078=CARTESIAN_POINT('Ctrl Pts',(16.166342498724,43.9593819565286,-74.7128158596762));
#9079=CARTESIAN_POINT('Ctrl Pts',(16.1769155135043,43.9337779514424,-74.9733610683278));
#9080=CARTESIAN_POINT('Ctrl Pts',(16.2040299250152,43.9435153907306,-75.3135203078592));
#9081=CARTESIAN_POINT('Ctrl Pts',(16.1723797837808,43.9750625424327,-75.6244299490795));
#9082=CARTESIAN_POINT('Ctrl Pts',(16.0963476736742,43.9871075986867,-75.7998489684812));
#9083=CARTESIAN_POINT('Ctrl Pts',(15.8692929975113,44.,-74.8307069823721));
#9084=CARTESIAN_POINT('Ctrl Pts',(15.8900923301444,44.,-74.8893432515668));
#9085=CARTESIAN_POINT('Ctrl Pts',(15.9340865612929,44.,-75.0128933171229));
#9086=CARTESIAN_POINT('Ctrl Pts',(15.9921607143362,44.,-75.2328380299387));
#9087=CARTESIAN_POINT('Ctrl Pts',(16.0200124356628,44.,-75.497015611905));
#9088=CARTESIAN_POINT('Ctrl Pts',(15.9959826162203,44.,-75.6984124178883));
#9089=CARTESIAN_POINT('Ctrl Pts',(15.9654498469498,44.,-75.7998489684812));
#9090=CARTESIAN_POINT('Ctrl Pts',(15.6071510114022,44.,-75.0928489684812));
#9091=CARTESIAN_POINT('Ctrl Pts',(15.6534240531957,44.,-75.1391220102747));
#9092=CARTESIAN_POINT('Ctrl Pts',(15.7368538889614,44.,-75.2407817014974));
#9093=CARTESIAN_POINT('Ctrl Pts',(15.8298456827178,44.,-75.4147568267563));
#9094=CARTESIAN_POINT('Ctrl Pts',(15.8871095455863,44.,-75.6035309455445));
#9095=CARTESIAN_POINT('Ctrl Pts',(15.9,44.,-75.7344090052046));
#9096=CARTESIAN_POINT('Ctrl Pts',(15.9,44.,-75.7998489684812));
#9097=CARTESIAN_POINT('',(15.6071510114022,44.,-75.0928489684812));
#9098=CARTESIAN_POINT('Ctrl Pts',(16.9,44.,-73.7999999798834));
#9099=CARTESIAN_POINT('Ctrl Pts',(16.8422562931249,44.,-73.8577436867585));
#9100=CARTESIAN_POINT('Ctrl Pts',(16.7254432068917,44.,-73.9745567729918));
#9101=CARTESIAN_POINT('Ctrl Pts',(16.5218580461048,44.,-74.1781419337786));
#9102=CARTESIAN_POINT('Ctrl Pts',(16.1857164173819,44.,-74.5142835625015));
#9103=CARTESIAN_POINT('Ctrl Pts',(15.8692929975113,44.,-74.8307069823721));
#9104=CARTESIAN_POINT('Ctrl Pts',(15.6071510114022,44.,-75.0928489684812));
#9105=CARTESIAN_POINT('',(15.9,44.,-75.7998489684812));
#9106=CARTESIAN_POINT('Origin',(14.9001510114022,44.,-75.7998489684812));
#9107=CARTESIAN_POINT('Origin',(15.9,43.,-75.7998489684812));
#9108=CARTESIAN_POINT('Ctrl Pts',(16.9,44.,-73.7999999798834));
#9109=CARTESIAN_POINT('Ctrl Pts',(16.8422562931249,44.,-73.8577436867585));
#9110=CARTESIAN_POINT('Ctrl Pts',(16.7254432068917,44.,-73.9745567729918));
#9111=CARTESIAN_POINT('Ctrl Pts',(16.5218580461048,44.,-74.1781419337786));
#9112=CARTESIAN_POINT('Ctrl Pts',(16.1857164173819,44.,-74.5142835625015));
#9113=CARTESIAN_POINT('Ctrl Pts',(15.8692929975113,44.,-74.8307069823721));
#9114=CARTESIAN_POINT('Ctrl Pts',(15.6071510114022,44.,-75.0928489684812));
#9115=CARTESIAN_POINT('Ctrl Pts',(16.8333233105833,44.0333383447083,-73.8333383245918));
#9116=CARTESIAN_POINT('Ctrl Pts',(16.7803915792811,44.0320489797396,-73.8875594208627));
#9117=CARTESIAN_POINT('Ctrl Pts',(16.6686689340099,44.0293436830814,-73.9992849383374));
#9118=CARTESIAN_POINT('Ctrl Pts',(16.4641141956592,44.0233947818001,-74.1959326620607));
#9119=CARTESIAN_POINT('Ctrl Pts',(16.1235785374776,44.0157822870455,-74.5216874897019));
#9120=CARTESIAN_POINT('Ctrl Pts',(15.8106567283167,44.,-74.809907649739));
#9121=CARTESIAN_POINT('Ctrl Pts',(15.5608779696087,44.,-75.0465759266877));
#9122=CARTESIAN_POINT('Ctrl Pts',(16.69776058297,44.1008189131868,-73.9008188930702));
#9123=CARTESIAN_POINT('Ctrl Pts',(16.6489793087153,44.0962474397018,-73.9489133154141));
#9124=CARTESIAN_POINT('Ctrl Pts',(16.541581048317,44.0873347992026,-74.0504879339858));
#9125=CARTESIAN_POINT('Ctrl Pts',(16.3303354670957,44.0670288124562,-74.23298234821));
#9126=CARTESIAN_POINT('Ctrl Pts',(15.9871841202071,44.0406180434714,-74.5336574811595));
#9127=CARTESIAN_POINT('Ctrl Pts',(15.6871066627605,44.,-74.7659134185905));
#9128=CARTESIAN_POINT('Ctrl Pts',(15.4592182783861,44.,-74.963146090922));
#9129=CARTESIAN_POINT('Ctrl Pts',(16.4464144971228,44.1984178654195,-73.9984178453029));
#9130=CARTESIAN_POINT('Ctrl Pts',(16.3959287573142,44.1882382990764,-74.0378024852024));
#9131=CARTESIAN_POINT('Ctrl Pts',(16.2802301633284,44.1654101523923,-74.1245185090068));
#9132=CARTESIAN_POINT('Ctrl Pts',(16.0457532766409,44.1137752446957,-74.2881946194501));
#9133=CARTESIAN_POINT('Ctrl Pts',(15.7266389115556,44.0662220485575,-74.5230844663791));
#9134=CARTESIAN_POINT('Ctrl Pts',(15.4671619499447,44.,-74.7078392655473));
#9135=CARTESIAN_POINT('Ctrl Pts',(15.2852431531271,44.,-74.8701542971656));
#9136=CARTESIAN_POINT('Ctrl Pts',(15.9640746059892,44.3019575390664,-74.1019575189497));
#9137=CARTESIAN_POINT('Ctrl Pts',(15.9084727917662,44.2749701410593,-74.1349529593792));
#9138=CARTESIAN_POINT('Ctrl Pts',(15.7920145113748,44.2238108429191,-74.2030088289431));
#9139=CARTESIAN_POINT('Ctrl Pts',(15.6029485302218,44.1462268509876,-74.328169701168));
#9140=CARTESIAN_POINT('Ctrl Pts',(15.3864796720242,44.0564846092694,-74.4959700548682));
#9141=CARTESIAN_POINT('Ctrl Pts',(15.2029843679784,44.,-74.6799875442205));
#9142=CARTESIAN_POINT('Ctrl Pts',(15.0964690343389,44.,-74.8128904342971));
#9143=CARTESIAN_POINT('Ctrl Pts',(15.4243954489277,44.2928932188135,-74.0928931986969));
#9144=CARTESIAN_POINT('Ctrl Pts',(15.3865613655369,44.2682031164072,-74.1175833011031));
#9145=CARTESIAN_POINT('Ctrl Pts',(15.3082068137686,44.2084164313699,-74.1785683130153));
#9146=CARTESIAN_POINT('Ctrl Pts',(15.1902601370694,44.108421961247,-74.3224889912983));
#9147=CARTESIAN_POINT('Ctrl Pts',(15.0755700308039,44.0249374575673,-74.5276201961026));
#9148=CARTESIAN_POINT('Ctrl Pts',(15.0015875619951,44.,-74.7040173636631));
#9149=CARTESIAN_POINT('Ctrl Pts',(14.9655909746788,44.,-74.7999999798834));
#9150=CARTESIAN_POINT('Ctrl Pts',(14.9001510114022,44.2928932188135,-74.0928931986969));
#9151=CARTESIAN_POINT('Ctrl Pts',(14.9001510114022,44.2466131882076,-74.1391732293027));
#9152=CARTESIAN_POINT('Ctrl Pts',(14.9001510114022,44.1631707516826,-74.2408482746165));
#9153=CARTESIAN_POINT('Ctrl Pts',(14.9001510114022,44.0701649129841,-74.4148496760711));
#9154=CARTESIAN_POINT('Ctrl Pts',(14.9001510114022,44.0128924013133,-74.6036523062092));
#9155=CARTESIAN_POINT('Ctrl Pts',(14.9001510114022,44.,-74.7345501329336));
#9156=CARTESIAN_POINT('Ctrl Pts',(14.9001510114022,44.,-74.7999999798834));
#9157=CARTESIAN_POINT('',(14.9001510114022,44.2928932188135,-74.0928931986969));
#9158=CARTESIAN_POINT('Ctrl Pts',(16.9,44.,-73.7999999798834));
#9159=CARTESIAN_POINT('Ctrl Pts',(16.8333233105833,44.0333383447083,-73.8333383245918));
#9160=CARTESIAN_POINT('Ctrl Pts',(16.69776058297,44.1008189131868,-73.9008188930702));
#9161=CARTESIAN_POINT('Ctrl Pts',(16.4464144971228,44.1984178654195,-73.9984178453029));
#9162=CARTESIAN_POINT('Ctrl Pts',(15.9640746059892,44.3019575390664,-74.1019575189497));
#9163=CARTESIAN_POINT('Ctrl Pts',(15.4243954489277,44.2928932188135,-74.0928931986969));
#9164=CARTESIAN_POINT('Ctrl Pts',(14.9001510114022,44.2928932188135,-74.0928931986969));
#9165=CARTESIAN_POINT('',(14.9001510114022,44.,-74.7999999798834));
#9166=CARTESIAN_POINT('Origin',(14.9001510114022,45.,-74.7999999798834));
#9167=CARTESIAN_POINT('Origin',(14.9001510114022,44.,-75.7998489684812));
#9168=CARTESIAN_POINT('Ctrl Pts',(16.9,44.,-73.7999999798834));
#9169=CARTESIAN_POINT('Ctrl Pts',(16.8333233105833,44.0333383447083,-73.8333383245918));
#9170=CARTESIAN_POINT('Ctrl Pts',(16.69776058297,44.1008189131868,-73.9008188930702));
#9171=CARTESIAN_POINT('Ctrl Pts',(16.4464144971228,44.1984178654195,-73.9984178453029));
#9172=CARTESIAN_POINT('Ctrl Pts',(15.9640746059892,44.3019575390664,-74.1019575189497));
#9173=CARTESIAN_POINT('Ctrl Pts',(15.4243954489277,44.2928932188135,-74.0928931986969));
#9174=CARTESIAN_POINT('Ctrl Pts',(14.9001510114022,44.2928932188135,-74.0928931986969));
#9175=CARTESIAN_POINT('Ctrl Pts',(16.8422562931249,44.0577437068751,-73.7999999798834));
#9176=CARTESIAN_POINT('Ctrl Pts',(16.7803915792811,44.0875594409793,-73.832048959623));
#9177=CARTESIAN_POINT('Ctrl Pts',(16.6489793087153,44.1489133355307,-73.8962474195852));
#9178=CARTESIAN_POINT('Ctrl Pts',(16.3959287573142,44.2378025053189,-73.9882382789599));
#9179=CARTESIAN_POINT('Ctrl Pts',(15.9084727917662,44.3349529794958,-74.0749701209427));
#9180=CARTESIAN_POINT('Ctrl Pts',(15.3865613655369,44.3175833212197,-74.0682030962907));
#9181=CARTESIAN_POINT('Ctrl Pts',(14.9001510114022,44.3391732494193,-74.0466131680911));
#9182=CARTESIAN_POINT('Ctrl Pts',(16.7254432068917,44.1745567931083,-73.7999999798834));
#9183=CARTESIAN_POINT('Ctrl Pts',(16.6686689340099,44.1992849584539,-73.8293436629648));
#9184=CARTESIAN_POINT('Ctrl Pts',(16.5415810483169,44.2504879541024,-73.887334779086));
#9185=CARTESIAN_POINT('Ctrl Pts',(16.2802301633284,44.3245185291235,-73.9654101322758));
#9186=CARTESIAN_POINT('Ctrl Pts',(15.7920145113748,44.4030088490597,-74.0238108228026));
#9187=CARTESIAN_POINT('Ctrl Pts',(15.3082068137686,44.3785683331319,-74.0084164112533));
#9188=CARTESIAN_POINT('Ctrl Pts',(14.9001510114022,44.4408482947331,-73.9631707315661));
#9189=CARTESIAN_POINT('Ctrl Pts',(16.5218580461048,44.3781419538952,-73.7999999798834));
#9190=CARTESIAN_POINT('Ctrl Pts',(16.4641141956592,44.3959326821774,-73.8233947616835));
#9191=CARTESIAN_POINT('Ctrl Pts',(16.3303354670957,44.4329823683266,-73.8670287923397));
#9192=CARTESIAN_POINT('Ctrl Pts',(16.0457532766409,44.4881946395666,-73.9137752245791));
#9193=CARTESIAN_POINT('Ctrl Pts',(15.6029485302218,44.5281697212846,-73.9462268308709));
#9194=CARTESIAN_POINT('Ctrl Pts',(15.1902601370693,44.5224890114149,-73.9084219411304));
#9195=CARTESIAN_POINT('Ctrl Pts',(14.9001510114022,44.6148496961876,-73.8701648928675));
#9196=CARTESIAN_POINT('Ctrl Pts',(16.1857164173819,44.7142835826181,-73.7999999798834));
#9197=CARTESIAN_POINT('Ctrl Pts',(16.1235785374776,44.7216875098184,-73.8157822669288));
#9198=CARTESIAN_POINT('Ctrl Pts',(15.9871841202071,44.733657501276,-73.8406180233548));
#9199=CARTESIAN_POINT('Ctrl Pts',(15.7266389115556,44.7230844864958,-73.866222028441));
#9200=CARTESIAN_POINT('Ctrl Pts',(15.3864796720242,44.6959700749848,-73.8564845891529));
#9201=CARTESIAN_POINT('Ctrl Pts',(15.0755700308039,44.7276202162192,-73.8249374374507));
#9202=CARTESIAN_POINT('Ctrl Pts',(14.9001510114022,44.8036523263258,-73.8128923811967));
#9203=CARTESIAN_POINT('Ctrl Pts',(15.8692929975113,45.0307070024887,-73.7999999798834));
#9204=CARTESIAN_POINT('Ctrl Pts',(15.8106567283167,45.0099076698556,-73.7999999798834));
#9205=CARTESIAN_POINT('Ctrl Pts',(15.6871066627605,44.9659134387071,-73.7999999798834));
#9206=CARTESIAN_POINT('Ctrl Pts',(15.4671619499447,44.9078392856638,-73.7999999798834));
#9207=CARTESIAN_POINT('Ctrl Pts',(15.2029843679784,44.8799875643372,-73.7999999798834));
#9208=CARTESIAN_POINT('Ctrl Pts',(15.0015875619951,44.9040173837797,-73.7999999798834));
#9209=CARTESIAN_POINT('Ctrl Pts',(14.9001510114022,44.9345501530502,-73.7999999798834));
#9210=CARTESIAN_POINT('Ctrl Pts',(15.6071510114022,45.2928489885978,-73.7999999798834));
#9211=CARTESIAN_POINT('Ctrl Pts',(15.5608779696087,45.2465759468043,-73.7999999798834));
#9212=CARTESIAN_POINT('Ctrl Pts',(15.4592182783861,45.1631461110386,-73.7999999798834));
#9213=CARTESIAN_POINT('Ctrl Pts',(15.2852431531271,45.0701543172822,-73.7999999798834));
#9214=CARTESIAN_POINT('Ctrl Pts',(15.0964690343389,45.0128904544137,-73.7999999798834));
#9215=CARTESIAN_POINT('Ctrl Pts',(14.9655909746788,45.,-73.7999999798834));
#9216=CARTESIAN_POINT('Ctrl Pts',(14.9001510114022,45.,-73.7999999798834));
#9217=CARTESIAN_POINT('',(15.6071510114022,45.2928489885978,-73.7999999798834));
#9218=CARTESIAN_POINT('Ctrl Pts',(16.9,44.,-73.7999999798834));
#9219=CARTESIAN_POINT('Ctrl Pts',(16.8422562931249,44.0577437068751,-73.7999999798834));
#9220=CARTESIAN_POINT('Ctrl Pts',(16.7254432068917,44.1745567931083,-73.7999999798834));
#9221=CARTESIAN_POINT('Ctrl Pts',(16.5218580461048,44.3781419538952,-73.7999999798834));
#9222=CARTESIAN_POINT('Ctrl Pts',(16.1857164173819,44.7142835826181,-73.7999999798834));
#9223=CARTESIAN_POINT('Ctrl Pts',(15.8692929975113,45.0307070024887,-73.7999999798834));
#9224=CARTESIAN_POINT('Ctrl Pts',(15.6071510114022,45.2928489885978,-73.7999999798834));
#9225=CARTESIAN_POINT('',(14.9001510114022,45.,-73.7999999798834));
#9226=CARTESIAN_POINT('Origin',(14.9001510114022,45.9998489885978,-73.7999999798834));
#9227=CARTESIAN_POINT('Origin',(14.9001510114022,45.,-74.7999999798834));
#9228=CARTESIAN_POINT('Ctrl Pts',(-17.1,44.,-73.7999999798834));
#9229=CARTESIAN_POINT('Ctrl Pts',(-17.1333383447083,43.9333233105833,-73.8333383245918));
#9230=CARTESIAN_POINT('Ctrl Pts',(-17.2008189131868,43.79776058297,-73.9008188930702));
#9231=CARTESIAN_POINT('Ctrl Pts',(-17.2984178654195,43.5464144971228,-73.9984178453029));
#9232=CARTESIAN_POINT('Ctrl Pts',(-17.4019575390664,43.0640746059892,-74.1019575189498));
#9233=CARTESIAN_POINT('Ctrl Pts',(-17.3928932188134,42.5243954489277,-74.0928931986969));
#9234=CARTESIAN_POINT('Ctrl Pts',(-17.3928932188134,42.0001510114022,-74.0928931986969));
#9235=CARTESIAN_POINT('Ctrl Pts',(-17.1577437068751,43.9422562931249,-73.7999999798834));
#9236=CARTESIAN_POINT('Ctrl Pts',(-17.1875594409793,43.8803915792811,-73.832048959623));
#9237=CARTESIAN_POINT('Ctrl Pts',(-17.2489133355307,43.7489793087152,-73.8962474195852));
#9238=CARTESIAN_POINT('Ctrl Pts',(-17.337802505319,43.4959287573142,-73.9882382789599));
#9239=CARTESIAN_POINT('Ctrl Pts',(-17.4349529794958,43.0084727917662,-74.0749701209428));
#9240=CARTESIAN_POINT('Ctrl Pts',(-17.4175833212197,42.4865613655369,-74.0682030962907));
#9241=CARTESIAN_POINT('Ctrl Pts',(-17.4391732494193,42.0001510114022,-74.0466131680911));
#9242=CARTESIAN_POINT('Ctrl Pts',(-17.2745567931083,43.8254432068916,-73.7999999798834));
#9243=CARTESIAN_POINT('Ctrl Pts',(-17.2992849584539,43.7686689340099,-73.8293436629648));
#9244=CARTESIAN_POINT('Ctrl Pts',(-17.3504879541024,43.641581048317,-73.8873347790861));
#9245=CARTESIAN_POINT('Ctrl Pts',(-17.4245185291235,43.3802301633283,-73.9654101322757));
#9246=CARTESIAN_POINT('Ctrl Pts',(-17.5030088490597,42.8920145113748,-74.0238108228025));
#9247=CARTESIAN_POINT('Ctrl Pts',(-17.4785683331319,42.4082068137686,-74.0084164112534));
#9248=CARTESIAN_POINT('Ctrl Pts',(-17.5408482947331,42.0001510114022,-73.9631707315661));
#9249=CARTESIAN_POINT('Ctrl Pts',(-17.4781419538952,43.6218580461049,-73.7999999798834));
#9250=CARTESIAN_POINT('Ctrl Pts',(-17.4959326821774,43.5641141956592,-73.8233947616835));
#9251=CARTESIAN_POINT('Ctrl Pts',(-17.5329823683267,43.4303354670957,-73.8670287923397));
#9252=CARTESIAN_POINT('Ctrl Pts',(-17.5881946395666,43.1457532766409,-73.9137752245792));
#9253=CARTESIAN_POINT('Ctrl Pts',(-17.6281697212845,42.7029485302218,-73.946226830871));
#9254=CARTESIAN_POINT('Ctrl Pts',(-17.6224890114149,42.2902601370694,-73.9084219411304));
#9255=CARTESIAN_POINT('Ctrl Pts',(-17.7148496961876,42.0001510114022,-73.8701648928675));
#9256=CARTESIAN_POINT('Ctrl Pts',(-17.8142835826181,43.2857164173819,-73.7999999798834));
#9257=CARTESIAN_POINT('Ctrl Pts',(-17.8216875098184,43.2235785374776,-73.8157822669289));
#9258=CARTESIAN_POINT('Ctrl Pts',(-17.833657501276,43.0871841202072,-73.8406180233549));
#9259=CARTESIAN_POINT('Ctrl Pts',(-17.8230844864957,42.8266389115556,-73.8662220284409));
#9260=CARTESIAN_POINT('Ctrl Pts',(-17.7959700749848,42.4864796720242,-73.8564845891529));
#9261=CARTESIAN_POINT('Ctrl Pts',(-17.8276202162192,42.1755700308039,-73.8249374374507));
#9262=CARTESIAN_POINT('Ctrl Pts',(-17.9036523263258,42.0001510114022,-73.8128923811967));
#9263=CARTESIAN_POINT('Ctrl Pts',(-18.1307070024887,42.9692929975113,-73.7999999798835));
#9264=CARTESIAN_POINT('Ctrl Pts',(-18.1099076698556,42.9106567283167,-73.7999999798835));
#9265=CARTESIAN_POINT('Ctrl Pts',(-18.065913438707,42.7871066627605,-73.7999999798834));
#9266=CARTESIAN_POINT('Ctrl Pts',(-18.0078392856638,42.5671619499448,-73.7999999798834));
#9267=CARTESIAN_POINT('Ctrl Pts',(-17.9799875643372,42.3029843679784,-73.7999999798834));
#9268=CARTESIAN_POINT('Ctrl Pts',(-18.0040173837797,42.1015875619951,-73.7999999798834));
#9269=CARTESIAN_POINT('Ctrl Pts',(-18.0345501530502,42.0001510114022,-73.7999999798834));
#9270=CARTESIAN_POINT('Ctrl Pts',(-18.3928489885978,42.7071510114022,-73.7999999798834));
#9271=CARTESIAN_POINT('Ctrl Pts',(-18.3465759468043,42.6608779696087,-73.7999999798834));
#9272=CARTESIAN_POINT('Ctrl Pts',(-18.2631461110386,42.5592182783861,-73.7999999798834));
#9273=CARTESIAN_POINT('Ctrl Pts',(-18.1701543172822,42.3852431531271,-73.7999999798834));
#9274=CARTESIAN_POINT('Ctrl Pts',(-18.1128904544137,42.1964690343389,-73.7999999798834));
#9275=CARTESIAN_POINT('Ctrl Pts',(-18.1,42.0655909746789,-73.7999999798834));
#9276=CARTESIAN_POINT('Ctrl Pts',(-18.1,42.0001510114022,-73.7999999798834));
#9277=CARTESIAN_POINT('',(-17.1,44.,-73.7999999798834));
#9278=CARTESIAN_POINT('',(-17.3928932188134,42.0001510114022,-74.0928931986969));
#9279=CARTESIAN_POINT('Ctrl Pts',(-17.1,44.,-73.7999999798834));
#9280=CARTESIAN_POINT('Ctrl Pts',(-17.1333383447083,43.9333233105833,-73.8333383245918));
#9281=CARTESIAN_POINT('Ctrl Pts',(-17.2008189131868,43.79776058297,-73.9008188930702));
#9282=CARTESIAN_POINT('Ctrl Pts',(-17.2984178654195,43.5464144971228,-73.9984178453029));
#9283=CARTESIAN_POINT('Ctrl Pts',(-17.4019575390664,43.0640746059892,-74.1019575189498));
#9284=CARTESIAN_POINT('Ctrl Pts',(-17.3928932188134,42.5243954489277,-74.0928931986969));
#9285=CARTESIAN_POINT('Ctrl Pts',(-17.3928932188134,42.0001510114022,-74.0928931986969));
#9286=CARTESIAN_POINT('',(-18.3928489885978,42.7071510114022,-73.7999999798834));
#9287=CARTESIAN_POINT('Ctrl Pts',(-17.1,44.,-73.7999999798834));
#9288=CARTESIAN_POINT('Ctrl Pts',(-17.1577437068751,43.9422562931249,-73.7999999798834));
#9289=CARTESIAN_POINT('Ctrl Pts',(-17.2745567931083,43.8254432068916,-73.7999999798834));
#9290=CARTESIAN_POINT('Ctrl Pts',(-17.4781419538952,43.6218580461049,-73.7999999798834));
#9291=CARTESIAN_POINT('Ctrl Pts',(-17.8142835826181,43.2857164173819,-73.7999999798834));
#9292=CARTESIAN_POINT('Ctrl Pts',(-18.1307070024887,42.9692929975113,-73.7999999798835));
#9293=CARTESIAN_POINT('Ctrl Pts',(-18.3928489885978,42.7071510114022,-73.7999999798834));
#9294=CARTESIAN_POINT('',(-18.1,42.0001510114022,-73.7999999798834));
#9295=CARTESIAN_POINT('Origin',(-19.0998489885978,42.0001510114022,-73.7999999798834));
#9296=CARTESIAN_POINT('Origin',(-18.1,42.0001510114022,-74.7999999798834));
#9297=CARTESIAN_POINT('Ctrl Pts',(-17.1,44.,-73.7999999798834));
#9298=CARTESIAN_POINT('Ctrl Pts',(-17.1577437068751,43.9422562931249,-73.7999999798834));
#9299=CARTESIAN_POINT('Ctrl Pts',(-17.2745567931083,43.8254432068916,-73.7999999798834));
#9300=CARTESIAN_POINT('Ctrl Pts',(-17.4781419538952,43.6218580461049,-73.7999999798834));
#9301=CARTESIAN_POINT('Ctrl Pts',(-17.8142835826181,43.2857164173819,-73.7999999798834));
#9302=CARTESIAN_POINT('Ctrl Pts',(-18.1307070024887,42.9692929975113,-73.7999999798835));
#9303=CARTESIAN_POINT('Ctrl Pts',(-18.3928489885978,42.7071510114022,-73.7999999798834));
#9304=CARTESIAN_POINT('Ctrl Pts',(-17.1666766894167,43.9666616552917,-73.7666616351751));
#9305=CARTESIAN_POINT('Ctrl Pts',(-17.2196084207189,43.9124405590207,-73.7679510001439));
#9306=CARTESIAN_POINT('Ctrl Pts',(-17.3313310659901,43.8007150415461,-73.770656296802));
#9307=CARTESIAN_POINT('Ctrl Pts',(-17.5358858043408,43.6040673178227,-73.7766051980833));
#9308=CARTESIAN_POINT('Ctrl Pts',(-17.8764214625224,43.2783124901816,-73.7842176928379));
#9309=CARTESIAN_POINT('Ctrl Pts',(-18.1893432716833,42.9900923301444,-73.7999999798835));
#9310=CARTESIAN_POINT('Ctrl Pts',(-18.4391220303913,42.7534240531957,-73.7999999798834));
#9311=CARTESIAN_POINT('Ctrl Pts',(-17.30223941703,43.8991810868132,-73.6991810666966));
#9312=CARTESIAN_POINT('Ctrl Pts',(-17.3510206912848,43.8510866644693,-73.7037525401817));
#9313=CARTESIAN_POINT('Ctrl Pts',(-17.458418951683,43.7495120458976,-73.7126651806808));
#9314=CARTESIAN_POINT('Ctrl Pts',(-17.6696645329043,43.5670176316734,-73.7329711674272));
#9315=CARTESIAN_POINT('Ctrl Pts',(-18.0128158797929,43.266342498724,-73.759381936412));
#9316=CARTESIAN_POINT('Ctrl Pts',(-18.3128933372395,43.034086561293,-73.7999999798834));
#9317=CARTESIAN_POINT('Ctrl Pts',(-18.5407817216139,42.8368538889614,-73.7999999798834));
#9318=CARTESIAN_POINT('Ctrl Pts',(-17.5535855028772,43.8015821345805,-73.6015821144639));
#9319=CARTESIAN_POINT('Ctrl Pts',(-17.6040712426858,43.7621974946811,-73.611761680807));
#9320=CARTESIAN_POINT('Ctrl Pts',(-17.7197698366716,43.6754814708765,-73.6345898274911));
#9321=CARTESIAN_POINT('Ctrl Pts',(-17.9542467233591,43.5118053604335,-73.6862247351877));
#9322=CARTESIAN_POINT('Ctrl Pts',(-18.2733610884444,43.2769155135043,-73.7337779313259));
#9323=CARTESIAN_POINT('Ctrl Pts',(-18.5328380500553,43.0921607143362,-73.7999999798835));
#9324=CARTESIAN_POINT('Ctrl Pts',(-18.7147568468729,42.9298456827178,-73.7999999798835));
#9325=CARTESIAN_POINT('Ctrl Pts',(-18.0359253940108,43.6980424609336,-73.4980424408171));
#9326=CARTESIAN_POINT('Ctrl Pts',(-18.0915272082338,43.6650470205041,-73.5250298388241));
#9327=CARTESIAN_POINT('Ctrl Pts',(-18.2079854886252,43.5969911509403,-73.5761891369643));
#9328=CARTESIAN_POINT('Ctrl Pts',(-18.3970514697782,43.4718302787154,-73.6537731288959));
#9329=CARTESIAN_POINT('Ctrl Pts',(-18.6135203279758,43.3040299250152,-73.743515370614));
#9330=CARTESIAN_POINT('Ctrl Pts',(-18.7970156320216,43.1200124356629,-73.7999999798834));
#9331=CARTESIAN_POINT('Ctrl Pts',(-18.9035309656611,42.9871095455863,-73.7999999798834));
#9332=CARTESIAN_POINT('Ctrl Pts',(-18.5756045510723,43.7071067811866,-73.50710676107));
#9333=CARTESIAN_POINT('Ctrl Pts',(-18.6134386344631,43.6824166787803,-73.5317968634762));
#9334=CARTESIAN_POINT('Ctrl Pts',(-18.6917931862314,43.6214316668681,-73.5915835485135));
#9335=CARTESIAN_POINT('Ctrl Pts',(-18.8097398629306,43.4775109885851,-73.6915780186364));
#9336=CARTESIAN_POINT('Ctrl Pts',(-18.9244299691961,43.2723797837808,-73.7750625223161));
#9337=CARTESIAN_POINT('Ctrl Pts',(-18.9984124380049,43.0959826162203,-73.7999999798834));
#9338=CARTESIAN_POINT('Ctrl Pts',(-19.0344090253212,43.,-73.7999999798834));
#9339=CARTESIAN_POINT('Ctrl Pts',(-19.0998489885978,43.7071067811866,-73.50710676107));
#9340=CARTESIAN_POINT('Ctrl Pts',(-19.0998489885978,43.6608267505807,-73.5533867916758));
#9341=CARTESIAN_POINT('Ctrl Pts',(-19.0998489885978,43.5591517052669,-73.6368292282008));
#9342=CARTESIAN_POINT('Ctrl Pts',(-19.0998489885978,43.3851503038124,-73.7298350668993));
#9343=CARTESIAN_POINT('Ctrl Pts',(-19.0998489885978,43.1963476736742,-73.7871075785701));
#9344=CARTESIAN_POINT('Ctrl Pts',(-19.0998489885978,43.0654498469498,-73.7999999798834));
#9345=CARTESIAN_POINT('Ctrl Pts',(-19.0998489885978,43.,-73.7999999798834));
#9346=CARTESIAN_POINT('',(-19.0998489885978,43.7071067811866,-73.50710676107));
#9347=CARTESIAN_POINT('Ctrl Pts',(-17.1,44.,-73.7999999798834));
#9348=CARTESIAN_POINT('Ctrl Pts',(-17.1666766894167,43.9666616552917,-73.7666616351751));
#9349=CARTESIAN_POINT('Ctrl Pts',(-17.30223941703,43.8991810868132,-73.6991810666967));
#9350=CARTESIAN_POINT('Ctrl Pts',(-17.5535855028772,43.8015821345805,-73.6015821144639));
#9351=CARTESIAN_POINT('Ctrl Pts',(-18.0359253940108,43.6980424609337,-73.4980424408171));
#9352=CARTESIAN_POINT('Ctrl Pts',(-18.5756045510723,43.7071067811865,-73.50710676107));
#9353=CARTESIAN_POINT('Ctrl Pts',(-19.0998489885978,43.7071067811866,-73.50710676107));
#9354=CARTESIAN_POINT('',(-19.0998489885978,43.,-73.7999999798834));
#9355=CARTESIAN_POINT('Origin',(-19.0998489885978,43.,-72.7999999798834));
#9356=CARTESIAN_POINT('Origin',(-19.0998489885978,42.0001510114022,-73.7999999798834));
#9357=CARTESIAN_POINT('Ctrl Pts',(-17.1,44.,-73.7999999798834));
#9358=CARTESIAN_POINT('Ctrl Pts',(-17.1666766894167,43.9666616552917,-73.7666616351751));
#9359=CARTESIAN_POINT('Ctrl Pts',(-17.30223941703,43.8991810868132,-73.6991810666967));
#9360=CARTESIAN_POINT('Ctrl Pts',(-17.5535855028772,43.8015821345805,-73.6015821144639));
#9361=CARTESIAN_POINT('Ctrl Pts',(-18.0359253940108,43.6980424609337,-73.4980424408171));
#9362=CARTESIAN_POINT('Ctrl Pts',(-18.5756045510723,43.7071067811865,-73.50710676107));
#9363=CARTESIAN_POINT('Ctrl Pts',(-19.0998489885978,43.7071067811866,-73.50710676107));
#9364=CARTESIAN_POINT('Ctrl Pts',(-17.1577437068751,44.,-73.7422562730083));
#9365=CARTESIAN_POINT('Ctrl Pts',(-17.2196084207189,43.9679510202604,-73.7124405389041));
#9366=CARTESIAN_POINT('Ctrl Pts',(-17.3510206912848,43.9037525602982,-73.6510866443528));
#9367=CARTESIAN_POINT('Ctrl Pts',(-17.6040712426858,43.8117617009235,-73.5621974745644));
#9368=CARTESIAN_POINT('Ctrl Pts',(-18.0915272082338,43.7250298589407,-73.4650470003876));
#9369=CARTESIAN_POINT('Ctrl Pts',(-18.6134386344631,43.7317968835928,-73.4824166586638));
#9370=CARTESIAN_POINT('Ctrl Pts',(-19.0998489885978,43.7533868117924,-73.4608267304642));
#9371=CARTESIAN_POINT('Ctrl Pts',(-17.2745567931083,44.,-73.6254431867751));
#9372=CARTESIAN_POINT('Ctrl Pts',(-17.3313310659901,43.9706563169186,-73.6007150214295));
#9373=CARTESIAN_POINT('Ctrl Pts',(-17.458418951683,43.9126652007975,-73.5495120257811));
#9374=CARTESIAN_POINT('Ctrl Pts',(-17.7197698366716,43.8345898476077,-73.4754814507599));
#9375=CARTESIAN_POINT('Ctrl Pts',(-18.2079854886252,43.7761891570808,-73.3969911308237));
#9376=CARTESIAN_POINT('Ctrl Pts',(-18.6917931862314,43.7915835686301,-73.4214316467516));
#9377=CARTESIAN_POINT('Ctrl Pts',(-19.0998489885978,43.8368292483174,-73.3591516851503));
#9378=CARTESIAN_POINT('Ctrl Pts',(-17.4781419538952,44.,-73.4218580259883));
#9379=CARTESIAN_POINT('Ctrl Pts',(-17.5358858043408,43.9766052181999,-73.4040672977061));
#9380=CARTESIAN_POINT('Ctrl Pts',(-17.6696645329043,43.9329711875437,-73.3670176115567));
#9381=CARTESIAN_POINT('Ctrl Pts',(-17.9542467233591,43.8862247553043,-73.3118053403169));
#9382=CARTESIAN_POINT('Ctrl Pts',(-18.3970514697782,43.8537731490125,-73.2718302585989));
#9383=CARTESIAN_POINT('Ctrl Pts',(-18.8097398629306,43.891578038753,-73.2775109684685));
#9384=CARTESIAN_POINT('Ctrl Pts',(-19.0998489885978,43.9298350870159,-73.1851502836958));
#9385=CARTESIAN_POINT('Ctrl Pts',(-17.8142835826181,44.,-73.0857163972653));
#9386=CARTESIAN_POINT('Ctrl Pts',(-17.8764214625224,43.9842177129545,-73.078312470065));
#9387=CARTESIAN_POINT('Ctrl Pts',(-18.0128158797929,43.9593819565286,-73.0663424786075));
#9388=CARTESIAN_POINT('Ctrl Pts',(-18.2733610884444,43.9337779514425,-73.0769154933877));
#9389=CARTESIAN_POINT('Ctrl Pts',(-18.6135203279758,43.9435153907305,-73.1040299048987));
#9390=CARTESIAN_POINT('Ctrl Pts',(-18.9244299691961,43.9750625424327,-73.0723797636642));
#9391=CARTESIAN_POINT('Ctrl Pts',(-19.0998489885978,43.9871075986867,-72.9963476535576));
#9392=CARTESIAN_POINT('Ctrl Pts',(-18.1307070024887,44.,-72.7692929773947));
#9393=CARTESIAN_POINT('Ctrl Pts',(-18.1893432716833,44.,-72.7900923100278));
#9394=CARTESIAN_POINT('Ctrl Pts',(-18.3128933372395,44.,-72.8340865411764));
#9395=CARTESIAN_POINT('Ctrl Pts',(-18.5328380500553,44.,-72.8921606942196));
#9396=CARTESIAN_POINT('Ctrl Pts',(-18.7970156320216,44.,-72.9200124155463));
#9397=CARTESIAN_POINT('Ctrl Pts',(-18.9984124380049,44.,-72.8959825961037));
#9398=CARTESIAN_POINT('Ctrl Pts',(-19.0998489885978,44.,-72.8654498268332));
#9399=CARTESIAN_POINT('Ctrl Pts',(-18.3928489885978,44.,-72.5071509912857));
#9400=CARTESIAN_POINT('Ctrl Pts',(-18.4391220303913,44.,-72.5534240330792));
#9401=CARTESIAN_POINT('Ctrl Pts',(-18.5407817216139,44.,-72.6368538688448));
#9402=CARTESIAN_POINT('Ctrl Pts',(-18.7147568468729,44.,-72.7298456626013));
#9403=CARTESIAN_POINT('Ctrl Pts',(-18.9035309656611,44.,-72.7871095254697));
#9404=CARTESIAN_POINT('Ctrl Pts',(-19.0344090253211,44.,-72.7999999798834));
#9405=CARTESIAN_POINT('Ctrl Pts',(-19.0998489885978,44.,-72.7999999798834));
#9406=CARTESIAN_POINT('',(-18.3928489885978,44.,-72.5071509912857));
#9407=CARTESIAN_POINT('Ctrl Pts',(-17.1,44.,-73.7999999798834));
#9408=CARTESIAN_POINT('Ctrl Pts',(-17.1577437068751,44.,-73.7422562730083));
#9409=CARTESIAN_POINT('Ctrl Pts',(-17.2745567931083,44.,-73.6254431867751));
#9410=CARTESIAN_POINT('Ctrl Pts',(-17.4781419538952,44.,-73.4218580259883));
#9411=CARTESIAN_POINT('Ctrl Pts',(-17.8142835826181,44.,-73.0857163972653));
#9412=CARTESIAN_POINT('Ctrl Pts',(-18.1307070024887,44.,-72.7692929773947));
#9413=CARTESIAN_POINT('Ctrl Pts',(-18.3928489885978,44.,-72.5071509912857));
#9414=CARTESIAN_POINT('',(-19.0998489885978,44.,-72.7999999798834));
#9415=CARTESIAN_POINT('Origin',(-19.0998489885978,44.,-71.8001509912857));
#9416=CARTESIAN_POINT('Origin',(-19.0998489885978,43.,-72.7999999798834));
#9417=CARTESIAN_POINT('Ctrl Pts',(-17.1,44.,-73.7999999798834));
#9418=CARTESIAN_POINT('Ctrl Pts',(-17.1577437068751,44.,-73.7422562730083));
#9419=CARTESIAN_POINT('Ctrl Pts',(-17.2745567931083,44.,-73.6254431867751));
#9420=CARTESIAN_POINT('Ctrl Pts',(-17.4781419538952,44.,-73.4218580259883));
#9421=CARTESIAN_POINT('Ctrl Pts',(-17.8142835826181,44.,-73.0857163972653));
#9422=CARTESIAN_POINT('Ctrl Pts',(-18.1307070024887,44.,-72.7692929773947));
#9423=CARTESIAN_POINT('Ctrl Pts',(-18.3928489885978,44.,-72.5071509912857));
#9424=CARTESIAN_POINT('Ctrl Pts',(-17.1333383447083,44.0333383447083,-73.7333232904667));
#9425=CARTESIAN_POINT('Ctrl Pts',(-17.1875594409793,44.0320489797396,-73.6803915591646));
#9426=CARTESIAN_POINT('Ctrl Pts',(-17.2992849584539,44.0293436830814,-73.5686689138933));
#9427=CARTESIAN_POINT('Ctrl Pts',(-17.4959326821774,44.0233947818001,-73.3641141755426));
#9428=CARTESIAN_POINT('Ctrl Pts',(-17.8216875098184,44.0157822870455,-73.023578517361));
#9429=CARTESIAN_POINT('Ctrl Pts',(-18.1099076698556,44.,-72.7106567082001));
#9430=CARTESIAN_POINT('Ctrl Pts',(-18.3465759468043,44.,-72.4608779494922));
#9431=CARTESIAN_POINT('Ctrl Pts',(-17.2008189131868,44.1008189131868,-73.5977605628535));
#9432=CARTESIAN_POINT('Ctrl Pts',(-17.2489133355307,44.0962474397017,-73.5489792885987));
#9433=CARTESIAN_POINT('Ctrl Pts',(-17.3504879541024,44.0873347992026,-73.4415810282004));
#9434=CARTESIAN_POINT('Ctrl Pts',(-17.5329823683267,44.0670288124563,-73.2303354469792));
#9435=CARTESIAN_POINT('Ctrl Pts',(-17.833657501276,44.0406180434714,-72.8871841000906));
#9436=CARTESIAN_POINT('Ctrl Pts',(-18.065913438707,44.,-72.5871066426439));
#9437=CARTESIAN_POINT('Ctrl Pts',(-18.2631461110386,44.,-72.3592182582695));
#9438=CARTESIAN_POINT('Ctrl Pts',(-17.2984178654195,44.1984178654195,-73.3464144770062));
#9439=CARTESIAN_POINT('Ctrl Pts',(-17.337802505319,44.1882382990765,-73.2959287371977));
#9440=CARTESIAN_POINT('Ctrl Pts',(-17.4245185291235,44.1654101523923,-73.1802301432118));
#9441=CARTESIAN_POINT('Ctrl Pts',(-17.5881946395666,44.1137752446957,-72.9457532565243));
#9442=CARTESIAN_POINT('Ctrl Pts',(-17.8230844864957,44.0662220485576,-72.626638891439));
#9443=CARTESIAN_POINT('Ctrl Pts',(-18.0078392856638,44.,-72.3671619298282));
#9444=CARTESIAN_POINT('Ctrl Pts',(-18.1701543172822,44.,-72.1852431330106));
#9445=CARTESIAN_POINT('Ctrl Pts',(-17.4019575390664,44.3019575390664,-72.8640745858726));
#9446=CARTESIAN_POINT('Ctrl Pts',(-17.4349529794958,44.2749701410593,-72.8084727716496));
#9447=CARTESIAN_POINT('Ctrl Pts',(-17.5030088490597,44.2238108429191,-72.6920144912583));
#9448=CARTESIAN_POINT('Ctrl Pts',(-17.6281697212845,44.1462268509875,-72.5029485101052));
#9449=CARTESIAN_POINT('Ctrl Pts',(-17.7959700749848,44.0564846092695,-72.2864796519077));
#9450=CARTESIAN_POINT('Ctrl Pts',(-17.9799875643372,44.,-72.1029843478619));
#9451=CARTESIAN_POINT('Ctrl Pts',(-18.1128904544137,44.,-71.9964690142223));
#9452=CARTESIAN_POINT('Ctrl Pts',(-17.3928932188135,44.2928932188135,-72.3243954288111));
#9453=CARTESIAN_POINT('Ctrl Pts',(-17.4175833212197,44.2682031164072,-72.2865613454203));
#9454=CARTESIAN_POINT('Ctrl Pts',(-17.4785683331319,44.2084164313699,-72.208206793652));
#9455=CARTESIAN_POINT('Ctrl Pts',(-17.6224890114149,44.108421961247,-72.0902601169528));
#9456=CARTESIAN_POINT('Ctrl Pts',(-17.8276202162192,44.0249374575673,-71.9755700106873));
#9457=CARTESIAN_POINT('Ctrl Pts',(-18.0040173837797,44.,-71.9015875418786));
#9458=CARTESIAN_POINT('Ctrl Pts',(-18.1,44.,-71.8655909545623));
#9459=CARTESIAN_POINT('Ctrl Pts',(-17.3928932188135,44.2928932188135,-71.8001509912857));
#9460=CARTESIAN_POINT('Ctrl Pts',(-17.4391732494193,44.2466131882076,-71.8001509912857));
#9461=CARTESIAN_POINT('Ctrl Pts',(-17.5408482947331,44.1631707516826,-71.8001509912856));
#9462=CARTESIAN_POINT('Ctrl Pts',(-17.7148496961877,44.0701649129841,-71.8001509912857));
#9463=CARTESIAN_POINT('Ctrl Pts',(-17.9036523263258,44.0128924013133,-71.8001509912857));
#9464=CARTESIAN_POINT('Ctrl Pts',(-18.0345501530502,44.,-71.8001509912857));
#9465=CARTESIAN_POINT('Ctrl Pts',(-18.1,44.,-71.8001509912857));
#9466=CARTESIAN_POINT('',(-17.3928932188135,44.2928932188135,-71.8001509912857));
#9467=CARTESIAN_POINT('Ctrl Pts',(-17.1,44.,-73.7999999798834));
#9468=CARTESIAN_POINT('Ctrl Pts',(-17.1333383447083,44.0333383447083,-73.7333232904667));
#9469=CARTESIAN_POINT('Ctrl Pts',(-17.2008189131868,44.1008189131868,-73.5977605628534));
#9470=CARTESIAN_POINT('Ctrl Pts',(-17.2984178654195,44.1984178654195,-73.3464144770062));
#9471=CARTESIAN_POINT('Ctrl Pts',(-17.4019575390664,44.3019575390663,-72.8640745858726));
#9472=CARTESIAN_POINT('Ctrl Pts',(-17.3928932188135,44.2928932188134,-72.3243954288111));
#9473=CARTESIAN_POINT('Ctrl Pts',(-17.3928932188135,44.2928932188135,-71.8001509912857));
#9474=CARTESIAN_POINT('',(-18.1,44.,-71.8001509912857));
#9475=CARTESIAN_POINT('Origin',(-18.1,45.,-71.8001509912857));
#9476=CARTESIAN_POINT('Origin',(-19.0998489885978,44.,-71.8001509912857));
#9477=CARTESIAN_POINT('Ctrl Pts',(-17.1,44.,-73.7999999798834));
#9478=CARTESIAN_POINT('Ctrl Pts',(-17.1333383447083,44.0333383447083,-73.7333232904667));
#9479=CARTESIAN_POINT('Ctrl Pts',(-17.2008189131868,44.1008189131868,-73.5977605628534));
#9480=CARTESIAN_POINT('Ctrl Pts',(-17.2984178654195,44.1984178654195,-73.3464144770062));
#9481=CARTESIAN_POINT('Ctrl Pts',(-17.4019575390664,44.3019575390663,-72.8640745858726));
#9482=CARTESIAN_POINT('Ctrl Pts',(-17.3928932188135,44.2928932188134,-72.3243954288111));
#9483=CARTESIAN_POINT('Ctrl Pts',(-17.3928932188135,44.2928932188135,-71.8001509912857));
#9484=CARTESIAN_POINT('Ctrl Pts',(-17.1,44.0577437068751,-73.7422562730083));
#9485=CARTESIAN_POINT('Ctrl Pts',(-17.1320489797396,44.0875594409793,-73.6803915591646));
#9486=CARTESIAN_POINT('Ctrl Pts',(-17.1962474397018,44.1489133355307,-73.5489792885987));
#9487=CARTESIAN_POINT('Ctrl Pts',(-17.2882382990765,44.237802505319,-73.2959287371977));
#9488=CARTESIAN_POINT('Ctrl Pts',(-17.3749701410593,44.3349529794958,-72.8084727716496));
#9489=CARTESIAN_POINT('Ctrl Pts',(-17.3682031164072,44.3175833212197,-72.2865613454203));
#9490=CARTESIAN_POINT('Ctrl Pts',(-17.3466131882076,44.3391732494193,-71.8001509912857));
#9491=CARTESIAN_POINT('Ctrl Pts',(-17.1,44.1745567931084,-73.6254431867751));
#9492=CARTESIAN_POINT('Ctrl Pts',(-17.1293436830814,44.199284958454,-73.5686689138933));
#9493=CARTESIAN_POINT('Ctrl Pts',(-17.1873347992026,44.2504879541024,-73.4415810282004));
#9494=CARTESIAN_POINT('Ctrl Pts',(-17.2654101523923,44.3245185291235,-73.1802301432118));
#9495=CARTESIAN_POINT('Ctrl Pts',(-17.3238108429192,44.4030088490597,-72.6920144912583));
#9496=CARTESIAN_POINT('Ctrl Pts',(-17.3084164313699,44.3785683331319,-72.208206793652));
#9497=CARTESIAN_POINT('Ctrl Pts',(-17.2631707516826,44.4408482947331,-71.8001509912857));
#9498=CARTESIAN_POINT('Ctrl Pts',(-17.1,44.3781419538952,-73.4218580259883));
#9499=CARTESIAN_POINT('Ctrl Pts',(-17.1233947818001,44.3959326821774,-73.3641141755426));
#9500=CARTESIAN_POINT('Ctrl Pts',(-17.1670288124562,44.4329823683266,-73.2303354469792));
#9501=CARTESIAN_POINT('Ctrl Pts',(-17.2137752446957,44.4881946395666,-72.9457532565243));
#9502=CARTESIAN_POINT('Ctrl Pts',(-17.2462268509875,44.5281697212845,-72.5029485101052));
#9503=CARTESIAN_POINT('Ctrl Pts',(-17.208421961247,44.5224890114149,-72.0902601169528));
#9504=CARTESIAN_POINT('Ctrl Pts',(-17.1701649129841,44.6148496961877,-71.8001509912856));
#9505=CARTESIAN_POINT('Ctrl Pts',(-17.1,44.7142835826181,-73.0857163972653));
#9506=CARTESIAN_POINT('Ctrl Pts',(-17.1157822870455,44.7216875098184,-73.023578517361));
#9507=CARTESIAN_POINT('Ctrl Pts',(-17.1406180434714,44.733657501276,-72.8871841000906));
#9508=CARTESIAN_POINT('Ctrl Pts',(-17.1662220485575,44.7230844864957,-72.626638891439));
#9509=CARTESIAN_POINT('Ctrl Pts',(-17.1564846092695,44.6959700749848,-72.2864796519076));
#9510=CARTESIAN_POINT('Ctrl Pts',(-17.1249374575673,44.7276202162192,-71.9755700106873));
#9511=CARTESIAN_POINT('Ctrl Pts',(-17.1128924013133,44.8036523263258,-71.8001509912857));
#9512=CARTESIAN_POINT('Ctrl Pts',(-17.1,45.0307070024887,-72.7692929773947));
#9513=CARTESIAN_POINT('Ctrl Pts',(-17.1,45.0099076698556,-72.7106567082001));
#9514=CARTESIAN_POINT('Ctrl Pts',(-17.1,44.965913438707,-72.5871066426439));
#9515=CARTESIAN_POINT('Ctrl Pts',(-17.1,44.9078392856639,-72.3671619298282));
#9516=CARTESIAN_POINT('Ctrl Pts',(-17.1,44.8799875643372,-72.1029843478619));
#9517=CARTESIAN_POINT('Ctrl Pts',(-17.1,44.9040173837797,-71.9015875418786));
#9518=CARTESIAN_POINT('Ctrl Pts',(-17.1,44.9345501530502,-71.8001509912857));
#9519=CARTESIAN_POINT('Ctrl Pts',(-17.1,45.2928489885978,-72.5071509912856));
#9520=CARTESIAN_POINT('Ctrl Pts',(-17.1,45.2465759468043,-72.4608779494921));
#9521=CARTESIAN_POINT('Ctrl Pts',(-17.1,45.1631461110386,-72.3592182582695));
#9522=CARTESIAN_POINT('Ctrl Pts',(-17.1,45.0701543172822,-72.1852431330106));
#9523=CARTESIAN_POINT('Ctrl Pts',(-17.1,45.0128904544137,-71.9964690142223));
#9524=CARTESIAN_POINT('Ctrl Pts',(-17.1,45.,-71.8655909545623));
#9525=CARTESIAN_POINT('Ctrl Pts',(-17.1,45.,-71.8001509912857));
#9526=CARTESIAN_POINT('',(-17.1,45.2928489885978,-72.5071509912856));
#9527=CARTESIAN_POINT('Ctrl Pts',(-17.1,44.,-73.7999999798834));
#9528=CARTESIAN_POINT('Ctrl Pts',(-17.1,44.0577437068751,-73.7422562730083));
#9529=CARTESIAN_POINT('Ctrl Pts',(-17.1,44.1745567931084,-73.6254431867751));
#9530=CARTESIAN_POINT('Ctrl Pts',(-17.1,44.3781419538952,-73.4218580259883));
#9531=CARTESIAN_POINT('Ctrl Pts',(-17.1,44.7142835826181,-73.0857163972653));
#9532=CARTESIAN_POINT('Ctrl Pts',(-17.1,45.0307070024887,-72.7692929773947));
#9533=CARTESIAN_POINT('Ctrl Pts',(-17.1,45.2928489885978,-72.5071509912856));
#9534=CARTESIAN_POINT('',(-17.1,45.,-71.8001509912857));
#9535=CARTESIAN_POINT('Origin',(-17.1,45.9998489885978,-71.8001509912857));
#9536=CARTESIAN_POINT('Origin',(-18.1,45.,-71.8001509912857));
#9537=CARTESIAN_POINT('Ctrl Pts',(-17.1,44.,-73.7999999798834));
#9538=CARTESIAN_POINT('Ctrl Pts',(-17.1,44.0577437068751,-73.7422562730083));
#9539=CARTESIAN_POINT('Ctrl Pts',(-17.1,44.1745567931084,-73.6254431867751));
#9540=CARTESIAN_POINT('Ctrl Pts',(-17.1,44.3781419538952,-73.4218580259883));
#9541=CARTESIAN_POINT('Ctrl Pts',(-17.1,44.7142835826181,-73.0857163972653));
#9542=CARTESIAN_POINT('Ctrl Pts',(-17.1,45.0307070024887,-72.7692929773947));
#9543=CARTESIAN_POINT('Ctrl Pts',(-17.1,45.2928489885978,-72.5071509912856));
#9544=CARTESIAN_POINT('Ctrl Pts',(-17.0666616552917,44.0666766894167,-73.7666616351751));
#9545=CARTESIAN_POINT('Ctrl Pts',(-17.0679510202604,44.1196084207189,-73.7124405389041));
#9546=CARTESIAN_POINT('Ctrl Pts',(-17.0706563169186,44.2313310659902,-73.6007150214295));
#9547=CARTESIAN_POINT('Ctrl Pts',(-17.0766052181999,44.4358858043408,-73.404067297706));
#9548=CARTESIAN_POINT('Ctrl Pts',(-17.0842177129545,44.7764214625224,-73.078312470065));
#9549=CARTESIAN_POINT('Ctrl Pts',(-17.1,45.0893432716833,-72.7900923100278));
#9550=CARTESIAN_POINT('Ctrl Pts',(-17.1,45.3391220303913,-72.5534240330792));
#9551=CARTESIAN_POINT('Ctrl Pts',(-16.9991810868132,44.20223941703,-73.6991810666966));
#9552=CARTESIAN_POINT('Ctrl Pts',(-17.0037525602982,44.2510206912848,-73.6510866443527));
#9553=CARTESIAN_POINT('Ctrl Pts',(-17.0126652007974,44.358418951683,-73.5495120257811));
#9554=CARTESIAN_POINT('Ctrl Pts',(-17.0329711875437,44.5696645329043,-73.3670176115567));
#9555=CARTESIAN_POINT('Ctrl Pts',(-17.0593819565286,44.9128158797928,-73.0663424786075));
#9556=CARTESIAN_POINT('Ctrl Pts',(-17.1,45.2128933372395,-72.8340865411764));
#9557=CARTESIAN_POINT('Ctrl Pts',(-17.1,45.440781721614,-72.6368538688448));
#9558=CARTESIAN_POINT('Ctrl Pts',(-16.9015821345805,44.4535855028772,-73.6015821144639));
#9559=CARTESIAN_POINT('Ctrl Pts',(-16.9117617009236,44.5040712426857,-73.5621974745645));
#9560=CARTESIAN_POINT('Ctrl Pts',(-16.9345898476077,44.6197698366716,-73.47548145076));
#9561=CARTESIAN_POINT('Ctrl Pts',(-16.9862247553043,44.8542467233591,-73.3118053403169));
#9562=CARTESIAN_POINT('Ctrl Pts',(-17.0337779514425,45.1733610884444,-73.0769154933877));
#9563=CARTESIAN_POINT('Ctrl Pts',(-17.1,45.4328380500553,-72.8921606942196));
#9564=CARTESIAN_POINT('Ctrl Pts',(-17.1,45.6147568468729,-72.7298456626012));
#9565=CARTESIAN_POINT('Ctrl Pts',(-16.7980424609336,44.9359253940108,-73.4980424408171));
#9566=CARTESIAN_POINT('Ctrl Pts',(-16.8250298589407,44.9915272082338,-73.4650470003876));
#9567=CARTESIAN_POINT('Ctrl Pts',(-16.8761891570809,45.1079854886252,-73.3969911308237));
#9568=CARTESIAN_POINT('Ctrl Pts',(-16.9537731490125,45.2970514697783,-73.2718302585989));
#9569=CARTESIAN_POINT('Ctrl Pts',(-17.0435153907305,45.5135203279758,-73.1040299048986));
#9570=CARTESIAN_POINT('Ctrl Pts',(-17.1,45.6970156320216,-72.9200124155463));
#9571=CARTESIAN_POINT('Ctrl Pts',(-17.1,45.8035309656611,-72.7871095254697));
#9572=CARTESIAN_POINT('Ctrl Pts',(-16.8071067811865,45.4756045510723,-73.50710676107));
#9573=CARTESIAN_POINT('Ctrl Pts',(-16.8317968835928,45.5134386344631,-73.4824166586638));
#9574=CARTESIAN_POINT('Ctrl Pts',(-16.8915835686301,45.5917931862314,-73.4214316467516));
#9575=CARTESIAN_POINT('Ctrl Pts',(-16.991578038753,45.7097398629307,-73.2775109684685));
#9576=CARTESIAN_POINT('Ctrl Pts',(-17.0750625424327,45.8244299691961,-73.0723797636642));
#9577=CARTESIAN_POINT('Ctrl Pts',(-17.1,45.8984124380049,-72.8959825961037));
#9578=CARTESIAN_POINT('Ctrl Pts',(-17.1,45.9344090253212,-72.7999999798834));
#9579=CARTESIAN_POINT('Ctrl Pts',(-16.8071067811865,45.9998489885978,-73.50710676107));
#9580=CARTESIAN_POINT('Ctrl Pts',(-16.8533868117924,45.9998489885978,-73.4608267304642));
#9581=CARTESIAN_POINT('Ctrl Pts',(-16.9368292483174,45.9998489885978,-73.3591516851503));
#9582=CARTESIAN_POINT('Ctrl Pts',(-17.0298350870159,45.9998489885978,-73.1851502836958));
#9583=CARTESIAN_POINT('Ctrl Pts',(-17.0871075986867,45.9998489885978,-72.9963476535576));
#9584=CARTESIAN_POINT('Ctrl Pts',(-17.1,45.9998489885978,-72.8654498268332));
#9585=CARTESIAN_POINT('Ctrl Pts',(-17.1,45.9998489885978,-72.7999999798834));
#9586=CARTESIAN_POINT('',(-16.8071067811865,45.9998489885978,-73.50710676107));
#9587=CARTESIAN_POINT('Ctrl Pts',(-17.1,44.,-73.7999999798834));
#9588=CARTESIAN_POINT('Ctrl Pts',(-17.0666616552917,44.0666766894167,-73.7666616351751));
#9589=CARTESIAN_POINT('Ctrl Pts',(-16.9991810868132,44.20223941703,-73.6991810666966));
#9590=CARTESIAN_POINT('Ctrl Pts',(-16.9015821345805,44.4535855028772,-73.6015821144639));
#9591=CARTESIAN_POINT('Ctrl Pts',(-16.7980424609336,44.9359253940108,-73.498042440817));
#9592=CARTESIAN_POINT('Ctrl Pts',(-16.8071067811865,45.4756045510723,-73.50710676107));
#9593=CARTESIAN_POINT('Ctrl Pts',(-16.8071067811865,45.9998489885978,-73.50710676107));
#9594=CARTESIAN_POINT('',(-17.1,45.9998489885978,-72.7999999798834));
#9595=CARTESIAN_POINT('Origin',(-16.1,45.9998489885978,-72.7999999798834));
#9596=CARTESIAN_POINT('Origin',(-17.1,45.9998489885978,-71.8001509912857));
#9597=CARTESIAN_POINT('Ctrl Pts',(-17.1,44.,-73.7999999798834));
#9598=CARTESIAN_POINT('Ctrl Pts',(-17.0666616552917,44.0666766894167,-73.7666616351751));
#9599=CARTESIAN_POINT('Ctrl Pts',(-16.9991810868132,44.20223941703,-73.6991810666966));
#9600=CARTESIAN_POINT('Ctrl Pts',(-16.9015821345805,44.4535855028772,-73.6015821144639));
#9601=CARTESIAN_POINT('Ctrl Pts',(-16.7980424609336,44.9359253940108,-73.498042440817));
#9602=CARTESIAN_POINT('Ctrl Pts',(-16.8071067811865,45.4756045510723,-73.50710676107));
#9603=CARTESIAN_POINT('Ctrl Pts',(-16.8071067811865,45.9998489885978,-73.50710676107));
#9604=CARTESIAN_POINT('Ctrl Pts',(-17.0422562931249,44.0577437068751,-73.7999999798834));
#9605=CARTESIAN_POINT('Ctrl Pts',(-17.0124405590207,44.1196084207189,-73.7679510001439));
#9606=CARTESIAN_POINT('Ctrl Pts',(-16.9510866644693,44.2510206912848,-73.7037525401817));
#9607=CARTESIAN_POINT('Ctrl Pts',(-16.8621974946811,44.5040712426858,-73.611761680807));
#9608=CARTESIAN_POINT('Ctrl Pts',(-16.7650470205041,44.9915272082338,-73.525029838824));
#9609=CARTESIAN_POINT('Ctrl Pts',(-16.7824166787803,45.5134386344631,-73.5317968634762));
#9610=CARTESIAN_POINT('Ctrl Pts',(-16.7608267505807,45.9998489885978,-73.5533867916758));
#9611=CARTESIAN_POINT('Ctrl Pts',(-16.9254432068917,44.1745567931084,-73.7999999798835));
#9612=CARTESIAN_POINT('Ctrl Pts',(-16.9007150415461,44.2313310659902,-73.7706562968021));
#9613=CARTESIAN_POINT('Ctrl Pts',(-16.8495120458976,44.358418951683,-73.7126651806808));
#9614=CARTESIAN_POINT('Ctrl Pts',(-16.7754814708765,44.6197698366716,-73.6345898274911));
#9615=CARTESIAN_POINT('Ctrl Pts',(-16.6969911509403,45.1079854886252,-73.5761891369642));
#9616=CARTESIAN_POINT('Ctrl Pts',(-16.7214316668682,45.5917931862314,-73.5915835485135));
#9617=CARTESIAN_POINT('Ctrl Pts',(-16.6591517052669,45.9998489885978,-73.6368292282008));
#9618=CARTESIAN_POINT('Ctrl Pts',(-16.7218580461048,44.3781419538952,-73.7999999798834));
#9619=CARTESIAN_POINT('Ctrl Pts',(-16.7040673178226,44.4358858043408,-73.7766051980833));
#9620=CARTESIAN_POINT('Ctrl Pts',(-16.6670176316733,44.5696645329043,-73.7329711674271));
#9621=CARTESIAN_POINT('Ctrl Pts',(-16.6118053604334,44.8542467233591,-73.6862247351877));
#9622=CARTESIAN_POINT('Ctrl Pts',(-16.5718302787154,45.2970514697782,-73.6537731288959));
#9623=CARTESIAN_POINT('Ctrl Pts',(-16.5775109885851,45.7097398629306,-73.6915780186364));
#9624=CARTESIAN_POINT('Ctrl Pts',(-16.4851503038124,45.9998489885978,-73.7298350668994));
#9625=CARTESIAN_POINT('Ctrl Pts',(-16.3857164173819,44.7142835826181,-73.7999999798834));
#9626=CARTESIAN_POINT('Ctrl Pts',(-16.3783124901816,44.7764214625224,-73.7842176928379));
#9627=CARTESIAN_POINT('Ctrl Pts',(-16.366342498724,44.9128158797929,-73.7593819364121));
#9628=CARTESIAN_POINT('Ctrl Pts',(-16.3769155135043,45.1733610884444,-73.7337779313259));
#9629=CARTESIAN_POINT('Ctrl Pts',(-16.4040299250152,45.5135203279759,-73.743515370614));
#9630=CARTESIAN_POINT('Ctrl Pts',(-16.3723797837808,45.8244299691961,-73.7750625223161));
#9631=CARTESIAN_POINT('Ctrl Pts',(-16.2963476736742,45.9998489885978,-73.7871075785701));
#9632=CARTESIAN_POINT('Ctrl Pts',(-16.0692929975113,45.0307070024887,-73.7999999798834));
#9633=CARTESIAN_POINT('Ctrl Pts',(-16.0900923301444,45.0893432716833,-73.7999999798834));
#9634=CARTESIAN_POINT('Ctrl Pts',(-16.1340865612929,45.2128933372395,-73.7999999798834));
#9635=CARTESIAN_POINT('Ctrl Pts',(-16.1921607143362,45.4328380500553,-73.7999999798834));
#9636=CARTESIAN_POINT('Ctrl Pts',(-16.2200124356628,45.6970156320216,-73.7999999798834));
#9637=CARTESIAN_POINT('Ctrl Pts',(-16.1959826162203,45.8984124380049,-73.7999999798834));
#9638=CARTESIAN_POINT('Ctrl Pts',(-16.1654498469498,45.9998489885978,-73.7999999798834));
#9639=CARTESIAN_POINT('Ctrl Pts',(-15.8071510114022,45.2928489885978,-73.7999999798834));
#9640=CARTESIAN_POINT('Ctrl Pts',(-15.8534240531957,45.3391220303913,-73.7999999798834));
#9641=CARTESIAN_POINT('Ctrl Pts',(-15.9368538889614,45.440781721614,-73.7999999798834));
#9642=CARTESIAN_POINT('Ctrl Pts',(-16.0298456827178,45.6147568468729,-73.7999999798834));
#9643=CARTESIAN_POINT('Ctrl Pts',(-16.0871095455863,45.8035309656611,-73.7999999798834));
#9644=CARTESIAN_POINT('Ctrl Pts',(-16.1,45.9344090253212,-73.7999999798834));
#9645=CARTESIAN_POINT('Ctrl Pts',(-16.1,45.9998489885978,-73.7999999798834));
#9646=CARTESIAN_POINT('',(-15.8071510114022,45.2928489885978,-73.7999999798834));
#9647=CARTESIAN_POINT('Ctrl Pts',(-17.1,44.,-73.7999999798834));
#9648=CARTESIAN_POINT('Ctrl Pts',(-17.0422562931249,44.0577437068751,-73.7999999798834));
#9649=CARTESIAN_POINT('Ctrl Pts',(-16.9254432068917,44.1745567931084,-73.7999999798835));
#9650=CARTESIAN_POINT('Ctrl Pts',(-16.7218580461048,44.3781419538952,-73.7999999798834));
#9651=CARTESIAN_POINT('Ctrl Pts',(-16.3857164173819,44.7142835826181,-73.7999999798834));
#9652=CARTESIAN_POINT('Ctrl Pts',(-16.0692929975113,45.0307070024887,-73.7999999798834));
#9653=CARTESIAN_POINT('Ctrl Pts',(-15.8071510114022,45.2928489885978,-73.7999999798834));
#9654=CARTESIAN_POINT('',(-16.1,45.9998489885978,-73.7999999798834));
#9655=CARTESIAN_POINT('Origin',(-15.1001510114022,45.9998489885978,-73.7999999798834));
#9656=CARTESIAN_POINT('Origin',(-16.1,45.9998489885978,-72.7999999798834));
#9657=CARTESIAN_POINT('Ctrl Pts',(-17.1,44.,-73.7999999798834));
#9658=CARTESIAN_POINT('Ctrl Pts',(-17.0422562931249,44.0577437068751,-73.7999999798834));
#9659=CARTESIAN_POINT('Ctrl Pts',(-16.9254432068917,44.1745567931084,-73.7999999798835));
#9660=CARTESIAN_POINT('Ctrl Pts',(-16.7218580461048,44.3781419538952,-73.7999999798834));
#9661=CARTESIAN_POINT('Ctrl Pts',(-16.3857164173819,44.7142835826181,-73.7999999798834));
#9662=CARTESIAN_POINT('Ctrl Pts',(-16.0692929975113,45.0307070024887,-73.7999999798834));
#9663=CARTESIAN_POINT('Ctrl Pts',(-15.8071510114022,45.2928489885978,-73.7999999798834));
#9664=CARTESIAN_POINT('Ctrl Pts',(-17.0333233105833,44.0333383447083,-73.8333383245918));
#9665=CARTESIAN_POINT('Ctrl Pts',(-16.9803915792811,44.0875594409793,-73.832048959623));
#9666=CARTESIAN_POINT('Ctrl Pts',(-16.8686689340099,44.199284958454,-73.8293436629649));
#9667=CARTESIAN_POINT('Ctrl Pts',(-16.6641141956592,44.3959326821773,-73.8233947616835));
#9668=CARTESIAN_POINT('Ctrl Pts',(-16.3235785374776,44.7216875098184,-73.8157822669289));
#9669=CARTESIAN_POINT('Ctrl Pts',(-16.0106567283167,45.0099076698556,-73.7999999798834));
#9670=CARTESIAN_POINT('Ctrl Pts',(-15.7608779696087,45.2465759468043,-73.7999999798834));
#9671=CARTESIAN_POINT('Ctrl Pts',(-16.89776058297,44.1008189131868,-73.9008188930703));
#9672=CARTESIAN_POINT('Ctrl Pts',(-16.8489793087153,44.1489133355307,-73.8962474195853));
#9673=CARTESIAN_POINT('Ctrl Pts',(-16.7415810483169,44.2504879541024,-73.887334779086));
#9674=CARTESIAN_POINT('Ctrl Pts',(-16.5303354670957,44.4329823683266,-73.8670287923396));
#9675=CARTESIAN_POINT('Ctrl Pts',(-16.1871841202071,44.733657501276,-73.8406180233549));
#9676=CARTESIAN_POINT('Ctrl Pts',(-15.8871066627605,44.965913438707,-73.7999999798834));
#9677=CARTESIAN_POINT('Ctrl Pts',(-15.6592182783861,45.1631461110386,-73.7999999798834));
#9678=CARTESIAN_POINT('Ctrl Pts',(-16.6464144971228,44.1984178654195,-73.9984178453029));
#9679=CARTESIAN_POINT('Ctrl Pts',(-16.5959287573142,44.237802505319,-73.9882382789599));
#9680=CARTESIAN_POINT('Ctrl Pts',(-16.4802301633284,44.3245185291234,-73.9654101322757));
#9681=CARTESIAN_POINT('Ctrl Pts',(-16.2457532766409,44.4881946395666,-73.9137752245791));
#9682=CARTESIAN_POINT('Ctrl Pts',(-15.9266389115556,44.7230844864957,-73.8662220284409));
#9683=CARTESIAN_POINT('Ctrl Pts',(-15.6671619499447,44.9078392856638,-73.7999999798834));
#9684=CARTESIAN_POINT('Ctrl Pts',(-15.4852431531271,45.0701543172822,-73.7999999798834));
#9685=CARTESIAN_POINT('Ctrl Pts',(-16.1640746059892,44.3019575390664,-74.1019575189498));
#9686=CARTESIAN_POINT('Ctrl Pts',(-16.1084727917662,44.3349529794958,-74.0749701209428));
#9687=CARTESIAN_POINT('Ctrl Pts',(-15.9920145113748,44.4030088490597,-74.0238108228025));
#9688=CARTESIAN_POINT('Ctrl Pts',(-15.8029485302218,44.5281697212846,-73.946226830871));
#9689=CARTESIAN_POINT('Ctrl Pts',(-15.5864796720242,44.6959700749848,-73.8564845891529));
#9690=CARTESIAN_POINT('Ctrl Pts',(-15.4029843679784,44.8799875643371,-73.7999999798834));
#9691=CARTESIAN_POINT('Ctrl Pts',(-15.2964690343389,45.0128904544137,-73.7999999798834));
#9692=CARTESIAN_POINT('Ctrl Pts',(-15.6243954489277,44.2928932188135,-74.0928931986969));
#9693=CARTESIAN_POINT('Ctrl Pts',(-15.5865613655369,44.3175833212197,-74.0682030962907));
#9694=CARTESIAN_POINT('Ctrl Pts',(-15.5082068137686,44.3785683331319,-74.0084164112533));
#9695=CARTESIAN_POINT('Ctrl Pts',(-15.3902601370694,44.5224890114149,-73.9084219411304));
#9696=CARTESIAN_POINT('Ctrl Pts',(-15.2755700308039,44.7276202162192,-73.8249374374507));
#9697=CARTESIAN_POINT('Ctrl Pts',(-15.2015875619951,44.9040173837797,-73.7999999798834));
#9698=CARTESIAN_POINT('Ctrl Pts',(-15.1655909746788,45.,-73.7999999798834));
#9699=CARTESIAN_POINT('Ctrl Pts',(-15.1001510114022,44.2928932188135,-74.0928931986969));
#9700=CARTESIAN_POINT('Ctrl Pts',(-15.1001510114022,44.3391732494193,-74.0466131680911));
#9701=CARTESIAN_POINT('Ctrl Pts',(-15.1001510114022,44.4408482947331,-73.963170731566));
#9702=CARTESIAN_POINT('Ctrl Pts',(-15.1001510114022,44.6148496961876,-73.8701648928675));
#9703=CARTESIAN_POINT('Ctrl Pts',(-15.1001510114022,44.8036523263258,-73.8128923811967));
#9704=CARTESIAN_POINT('Ctrl Pts',(-15.1001510114022,44.9345501530502,-73.7999999798834));
#9705=CARTESIAN_POINT('Ctrl Pts',(-15.1001510114022,45.,-73.7999999798834));
#9706=CARTESIAN_POINT('',(-15.1001510114022,44.2928932188135,-74.0928931986969));
#9707=CARTESIAN_POINT('Ctrl Pts',(-17.1,44.,-73.7999999798834));
#9708=CARTESIAN_POINT('Ctrl Pts',(-17.0333233105833,44.0333383447083,-73.8333383245918));
#9709=CARTESIAN_POINT('Ctrl Pts',(-16.89776058297,44.1008189131868,-73.9008188930702));
#9710=CARTESIAN_POINT('Ctrl Pts',(-16.6464144971228,44.1984178654195,-73.998417845303));
#9711=CARTESIAN_POINT('Ctrl Pts',(-16.1640746059892,44.3019575390664,-74.1019575189498));
#9712=CARTESIAN_POINT('Ctrl Pts',(-15.6243954489277,44.2928932188135,-74.0928931986969));
#9713=CARTESIAN_POINT('Ctrl Pts',(-15.1001510114022,44.2928932188135,-74.0928931986969));
#9714=CARTESIAN_POINT('',(-15.1001510114022,45.,-73.7999999798834));
#9715=CARTESIAN_POINT('Origin',(-15.1001510114022,45.,-74.7999999798834));
#9716=CARTESIAN_POINT('Origin',(-15.1001510114022,45.9998489885978,-73.7999999798834));
#9717=CARTESIAN_POINT('Ctrl Pts',(-17.1,44.,-73.7999999798834));
#9718=CARTESIAN_POINT('Ctrl Pts',(-17.0333233105833,44.0333383447083,-73.8333383245918));
#9719=CARTESIAN_POINT('Ctrl Pts',(-16.89776058297,44.1008189131868,-73.9008188930702));
#9720=CARTESIAN_POINT('Ctrl Pts',(-16.6464144971228,44.1984178654195,-73.998417845303));
#9721=CARTESIAN_POINT('Ctrl Pts',(-16.1640746059892,44.3019575390664,-74.1019575189498));
#9722=CARTESIAN_POINT('Ctrl Pts',(-15.6243954489277,44.2928932188135,-74.0928931986969));
#9723=CARTESIAN_POINT('Ctrl Pts',(-15.1001510114022,44.2928932188135,-74.0928931986969));
#9724=CARTESIAN_POINT('Ctrl Pts',(-17.0422562931249,44.,-73.8577436867585));
#9725=CARTESIAN_POINT('Ctrl Pts',(-16.9803915792811,44.0320489797396,-73.8875594208627));
#9726=CARTESIAN_POINT('Ctrl Pts',(-16.8489793087152,44.0962474397018,-73.9489133154141));
#9727=CARTESIAN_POINT('Ctrl Pts',(-16.5959287573142,44.1882382990765,-74.0378024852024));
#9728=CARTESIAN_POINT('Ctrl Pts',(-16.1084727917662,44.2749701410593,-74.1349529593792));
#9729=CARTESIAN_POINT('Ctrl Pts',(-15.5865613655369,44.2682031164072,-74.1175833011031));
#9730=CARTESIAN_POINT('Ctrl Pts',(-15.1001510114022,44.2466131882076,-74.1391732293027));
#9731=CARTESIAN_POINT('Ctrl Pts',(-16.9254432068917,44.,-73.9745567729918));
#9732=CARTESIAN_POINT('Ctrl Pts',(-16.8686689340099,44.0293436830814,-73.9992849383374));
#9733=CARTESIAN_POINT('Ctrl Pts',(-16.7415810483169,44.0873347992026,-74.0504879339858));
#9734=CARTESIAN_POINT('Ctrl Pts',(-16.4802301633284,44.1654101523924,-74.124518509007));
#9735=CARTESIAN_POINT('Ctrl Pts',(-15.9920145113748,44.2238108429191,-74.2030088289432));
#9736=CARTESIAN_POINT('Ctrl Pts',(-15.5082068137686,44.2084164313699,-74.1785683130153));
#9737=CARTESIAN_POINT('Ctrl Pts',(-15.1001510114022,44.1631707516826,-74.2408482746165));
#9738=CARTESIAN_POINT('Ctrl Pts',(-16.7218580461048,44.,-74.1781419337786));
#9739=CARTESIAN_POINT('Ctrl Pts',(-16.6641141956592,44.0233947818001,-74.1959326620608));
#9740=CARTESIAN_POINT('Ctrl Pts',(-16.5303354670957,44.0670288124563,-74.2329823482101));
#9741=CARTESIAN_POINT('Ctrl Pts',(-16.2457532766409,44.1137752446957,-74.28819461945));
#9742=CARTESIAN_POINT('Ctrl Pts',(-15.8029485302218,44.1462268509875,-74.3281697011679));
#9743=CARTESIAN_POINT('Ctrl Pts',(-15.3902601370694,44.108421961247,-74.3224889912983));
#9744=CARTESIAN_POINT('Ctrl Pts',(-15.1001510114022,44.0701649129841,-74.414849676071));
#9745=CARTESIAN_POINT('Ctrl Pts',(-16.3857164173819,44.,-74.5142835625015));
#9746=CARTESIAN_POINT('Ctrl Pts',(-16.3235785374776,44.0157822870455,-74.5216874897019));
#9747=CARTESIAN_POINT('Ctrl Pts',(-16.1871841202071,44.0406180434713,-74.5336574811594));
#9748=CARTESIAN_POINT('Ctrl Pts',(-15.9266389115556,44.0662220485576,-74.5230844663791));
#9749=CARTESIAN_POINT('Ctrl Pts',(-15.5864796720242,44.0564846092694,-74.4959700548683));
#9750=CARTESIAN_POINT('Ctrl Pts',(-15.2755700308039,44.0249374575673,-74.5276201961026));
#9751=CARTESIAN_POINT('Ctrl Pts',(-15.1001510114022,44.0128924013133,-74.6036523062092));
#9752=CARTESIAN_POINT('Ctrl Pts',(-16.0692929975113,44.,-74.8307069823721));
#9753=CARTESIAN_POINT('Ctrl Pts',(-16.0106567283167,44.,-74.809907649739));
#9754=CARTESIAN_POINT('Ctrl Pts',(-15.8871066627605,44.,-74.7659134185905));
#9755=CARTESIAN_POINT('Ctrl Pts',(-15.6671619499447,44.,-74.7078392655473));
#9756=CARTESIAN_POINT('Ctrl Pts',(-15.4029843679784,44.,-74.6799875442206));
#9757=CARTESIAN_POINT('Ctrl Pts',(-15.2015875619951,44.,-74.7040173636631));
#9758=CARTESIAN_POINT('Ctrl Pts',(-15.1001510114022,44.,-74.7345501329336));
#9759=CARTESIAN_POINT('Ctrl Pts',(-15.8071510114022,44.,-75.0928489684812));
#9760=CARTESIAN_POINT('Ctrl Pts',(-15.7608779696087,44.,-75.0465759266877));
#9761=CARTESIAN_POINT('Ctrl Pts',(-15.6592182783861,44.,-74.963146090922));
#9762=CARTESIAN_POINT('Ctrl Pts',(-15.4852431531271,44.,-74.8701542971656));
#9763=CARTESIAN_POINT('Ctrl Pts',(-15.2964690343389,44.,-74.8128904342971));
#9764=CARTESIAN_POINT('Ctrl Pts',(-15.1655909746788,44.,-74.7999999798834));
#9765=CARTESIAN_POINT('Ctrl Pts',(-15.1001510114022,44.,-74.7999999798834));
#9766=CARTESIAN_POINT('',(-15.8071510114022,44.,-75.0928489684812));
#9767=CARTESIAN_POINT('Ctrl Pts',(-17.1,44.,-73.7999999798834));
#9768=CARTESIAN_POINT('Ctrl Pts',(-17.0422562931249,44.,-73.8577436867585));
#9769=CARTESIAN_POINT('Ctrl Pts',(-16.9254432068917,44.,-73.9745567729918));
#9770=CARTESIAN_POINT('Ctrl Pts',(-16.7218580461048,44.,-74.1781419337786));
#9771=CARTESIAN_POINT('Ctrl Pts',(-16.3857164173819,44.,-74.5142835625015));
#9772=CARTESIAN_POINT('Ctrl Pts',(-16.0692929975113,44.,-74.8307069823721));
#9773=CARTESIAN_POINT('Ctrl Pts',(-15.8071510114022,44.,-75.0928489684812));
#9774=CARTESIAN_POINT('',(-15.1001510114022,44.,-74.7999999798834));
#9775=CARTESIAN_POINT('Origin',(-15.1001510114022,44.,-75.7998489684812));
#9776=CARTESIAN_POINT('Origin',(-15.1001510114022,45.,-74.7999999798834));
#9777=CARTESIAN_POINT('Ctrl Pts',(-17.1,44.,-73.7999999798834));
#9778=CARTESIAN_POINT('Ctrl Pts',(-17.0422562931249,44.,-73.8577436867585));
#9779=CARTESIAN_POINT('Ctrl Pts',(-16.9254432068917,44.,-73.9745567729918));
#9780=CARTESIAN_POINT('Ctrl Pts',(-16.7218580461048,44.,-74.1781419337786));
#9781=CARTESIAN_POINT('Ctrl Pts',(-16.3857164173819,44.,-74.5142835625015));
#9782=CARTESIAN_POINT('Ctrl Pts',(-16.0692929975113,44.,-74.8307069823721));
#9783=CARTESIAN_POINT('Ctrl Pts',(-15.8071510114022,44.,-75.0928489684812));
#9784=CARTESIAN_POINT('Ctrl Pts',(-17.0666616552917,43.9666616552917,-73.8666766693001));
#9785=CARTESIAN_POINT('Ctrl Pts',(-17.0124405590207,43.9679510202604,-73.9196084006023));
#9786=CARTESIAN_POINT('Ctrl Pts',(-16.9007150415461,43.9706563169186,-74.0313310458736));
#9787=CARTESIAN_POINT('Ctrl Pts',(-16.7040673178226,43.9766052181999,-74.2358857842242));
#9788=CARTESIAN_POINT('Ctrl Pts',(-16.3783124901816,43.9842177129545,-74.5764214424059));
#9789=CARTESIAN_POINT('Ctrl Pts',(-16.0900923301444,44.,-74.8893432515667));
#9790=CARTESIAN_POINT('Ctrl Pts',(-15.8534240531957,44.,-75.1391220102747));
#9791=CARTESIAN_POINT('Ctrl Pts',(-16.9991810868132,43.8991810868132,-74.0022393969134));
#9792=CARTESIAN_POINT('Ctrl Pts',(-16.9510866644693,43.9037525602982,-74.0510206711682));
#9793=CARTESIAN_POINT('Ctrl Pts',(-16.8495120458976,43.9126652007974,-74.1584189315665));
#9794=CARTESIAN_POINT('Ctrl Pts',(-16.6670176316733,43.9329711875437,-74.3696645127877));
#9795=CARTESIAN_POINT('Ctrl Pts',(-16.366342498724,43.9593819565286,-74.7128158596763));
#9796=CARTESIAN_POINT('Ctrl Pts',(-16.1340865612929,44.,-75.0128933171229));
#9797=CARTESIAN_POINT('Ctrl Pts',(-15.9368538889614,44.,-75.2407817014974));
#9798=CARTESIAN_POINT('Ctrl Pts',(-16.9015821345805,43.8015821345805,-74.2535854827607));
#9799=CARTESIAN_POINT('Ctrl Pts',(-16.862197494681,43.8117617009235,-74.3040712225692));
#9800=CARTESIAN_POINT('Ctrl Pts',(-16.7754814708765,43.8345898476077,-74.419769816555));
#9801=CARTESIAN_POINT('Ctrl Pts',(-16.6118053604334,43.8862247553043,-74.6542467032425));
#9802=CARTESIAN_POINT('Ctrl Pts',(-16.3769155135043,43.9337779514424,-74.9733610683278));
#9803=CARTESIAN_POINT('Ctrl Pts',(-16.1921607143362,44.,-75.2328380299387));
#9804=CARTESIAN_POINT('Ctrl Pts',(-16.0298456827178,44.,-75.4147568267563));
#9805=CARTESIAN_POINT('Ctrl Pts',(-16.7980424609336,43.6980424609336,-74.7359253738942));
#9806=CARTESIAN_POINT('Ctrl Pts',(-16.7650470205041,43.7250298589406,-74.7915271881172));
#9807=CARTESIAN_POINT('Ctrl Pts',(-16.6969911509403,43.7761891570808,-74.9079854685086));
#9808=CARTESIAN_POINT('Ctrl Pts',(-16.5718302787155,43.8537731490125,-75.0970514496616));
#9809=CARTESIAN_POINT('Ctrl Pts',(-16.4040299250152,43.9435153907306,-75.3135203078592));
#9810=CARTESIAN_POINT('Ctrl Pts',(-16.2200124356628,44.,-75.497015611905));
#9811=CARTESIAN_POINT('Ctrl Pts',(-16.0871095455863,44.,-75.6035309455445));
#9812=CARTESIAN_POINT('Ctrl Pts',(-16.8071067811865,43.7071067811866,-75.2756045309557));
#9813=CARTESIAN_POINT('Ctrl Pts',(-16.7824166787803,43.7317968835928,-75.3134386143465));
#9814=CARTESIAN_POINT('Ctrl Pts',(-16.7214316668681,43.7915835686301,-75.3917931661149));
#9815=CARTESIAN_POINT('Ctrl Pts',(-16.5775109885851,43.891578038753,-75.5097398428141));
#9816=CARTESIAN_POINT('Ctrl Pts',(-16.3723797837808,43.9750625424327,-75.6244299490795));
#9817=CARTESIAN_POINT('Ctrl Pts',(-16.1959826162203,44.,-75.6984124178883));
#9818=CARTESIAN_POINT('Ctrl Pts',(-16.1,44.,-75.7344090052046));
#9819=CARTESIAN_POINT('Ctrl Pts',(-16.8071067811865,43.7071067811866,-75.7998489684812));
#9820=CARTESIAN_POINT('Ctrl Pts',(-16.7608267505807,43.7533868117924,-75.7998489684812));
#9821=CARTESIAN_POINT('Ctrl Pts',(-16.6591517052669,43.8368292483174,-75.7998489684812));
#9822=CARTESIAN_POINT('Ctrl Pts',(-16.4851503038124,43.9298350870159,-75.7998489684812));
#9823=CARTESIAN_POINT('Ctrl Pts',(-16.2963476736742,43.9871075986867,-75.7998489684812));
#9824=CARTESIAN_POINT('Ctrl Pts',(-16.1654498469498,44.,-75.7998489684812));
#9825=CARTESIAN_POINT('Ctrl Pts',(-16.1,44.,-75.7998489684812));
#9826=CARTESIAN_POINT('',(-16.8071067811865,43.7071067811866,-75.7998489684812));
#9827=CARTESIAN_POINT('Ctrl Pts',(-17.1,44.,-73.7999999798834));
#9828=CARTESIAN_POINT('Ctrl Pts',(-17.0666616552917,43.9666616552917,-73.8666766693001));
#9829=CARTESIAN_POINT('Ctrl Pts',(-16.9991810868132,43.8991810868132,-74.0022393969134));
#9830=CARTESIAN_POINT('Ctrl Pts',(-16.9015821345805,43.8015821345805,-74.2535854827607));
#9831=CARTESIAN_POINT('Ctrl Pts',(-16.7980424609336,43.6980424609336,-74.7359253738942));
#9832=CARTESIAN_POINT('Ctrl Pts',(-16.8071067811865,43.7071067811866,-75.2756045309557));
#9833=CARTESIAN_POINT('Ctrl Pts',(-16.8071067811865,43.7071067811866,-75.7998489684812));
#9834=CARTESIAN_POINT('',(-16.1,44.,-75.7998489684812));
#9835=CARTESIAN_POINT('Origin',(-16.1,43.,-75.7998489684812));
#9836=CARTESIAN_POINT('Origin',(-15.1001510114022,44.,-75.7998489684812));
#9837=CARTESIAN_POINT('Ctrl Pts',(-17.1,44.,-73.7999999798834));
#9838=CARTESIAN_POINT('Ctrl Pts',(-17.0666616552917,43.9666616552917,-73.8666766693001));
#9839=CARTESIAN_POINT('Ctrl Pts',(-16.9991810868132,43.8991810868132,-74.0022393969134));
#9840=CARTESIAN_POINT('Ctrl Pts',(-16.9015821345805,43.8015821345805,-74.2535854827607));
#9841=CARTESIAN_POINT('Ctrl Pts',(-16.7980424609336,43.6980424609336,-74.7359253738942));
#9842=CARTESIAN_POINT('Ctrl Pts',(-16.8071067811865,43.7071067811866,-75.2756045309557));
#9843=CARTESIAN_POINT('Ctrl Pts',(-16.8071067811865,43.7071067811866,-75.7998489684812));
#9844=CARTESIAN_POINT('Ctrl Pts',(-17.1,43.9422562931249,-73.8577436867585));
#9845=CARTESIAN_POINT('Ctrl Pts',(-17.0679510202604,43.9124405590207,-73.9196084006023));
#9846=CARTESIAN_POINT('Ctrl Pts',(-17.0037525602982,43.8510866644693,-74.0510206711682));
#9847=CARTESIAN_POINT('Ctrl Pts',(-16.9117617009235,43.762197494681,-74.3040712225692));
#9848=CARTESIAN_POINT('Ctrl Pts',(-16.8250298589407,43.6650470205041,-74.7915271881172));
#9849=CARTESIAN_POINT('Ctrl Pts',(-16.8317968835928,43.6824166787803,-75.3134386143465));
#9850=CARTESIAN_POINT('Ctrl Pts',(-16.8533868117924,43.6608267505807,-75.7998489684812));
#9851=CARTESIAN_POINT('Ctrl Pts',(-17.1,43.8254432068916,-73.9745567729918));
#9852=CARTESIAN_POINT('Ctrl Pts',(-17.0706563169186,43.8007150415461,-74.0313310458736));
#9853=CARTESIAN_POINT('Ctrl Pts',(-17.0126652007974,43.7495120458976,-74.1584189315664));
#9854=CARTESIAN_POINT('Ctrl Pts',(-16.9345898476077,43.6754814708766,-74.4197698165551));
#9855=CARTESIAN_POINT('Ctrl Pts',(-16.8761891570809,43.5969911509404,-74.9079854685086));
#9856=CARTESIAN_POINT('Ctrl Pts',(-16.8915835686301,43.6214316668681,-75.3917931661148));
#9857=CARTESIAN_POINT('Ctrl Pts',(-16.9368292483174,43.5591517052669,-75.7998489684812));
#9858=CARTESIAN_POINT('Ctrl Pts',(-17.1,43.6218580461048,-74.1781419337786));
#9859=CARTESIAN_POINT('Ctrl Pts',(-17.0766052181999,43.6040673178227,-74.2358857842242));
#9860=CARTESIAN_POINT('Ctrl Pts',(-17.0329711875437,43.5670176316734,-74.3696645127878));
#9861=CARTESIAN_POINT('Ctrl Pts',(-16.9862247553042,43.5118053604334,-74.6542467032424));
#9862=CARTESIAN_POINT('Ctrl Pts',(-16.9537731490125,43.4718302787154,-75.0970514496616));
#9863=CARTESIAN_POINT('Ctrl Pts',(-16.991578038753,43.4775109885851,-75.5097398428141));
#9864=CARTESIAN_POINT('Ctrl Pts',(-17.0298350870159,43.3851503038124,-75.7998489684812));
#9865=CARTESIAN_POINT('Ctrl Pts',(-17.1,43.2857164173819,-74.5142835625015));
#9866=CARTESIAN_POINT('Ctrl Pts',(-17.0842177129545,43.2783124901815,-74.5764214424058));
#9867=CARTESIAN_POINT('Ctrl Pts',(-17.0593819565286,43.2663424987239,-74.7128158596762));
#9868=CARTESIAN_POINT('Ctrl Pts',(-17.0337779514425,43.2769155135044,-74.9733610683279));
#9869=CARTESIAN_POINT('Ctrl Pts',(-17.0435153907305,43.3040299250152,-75.3135203078592));
#9870=CARTESIAN_POINT('Ctrl Pts',(-17.0750625424327,43.2723797837808,-75.6244299490795));
#9871=CARTESIAN_POINT('Ctrl Pts',(-17.0871075986867,43.1963476736742,-75.7998489684812));
#9872=CARTESIAN_POINT('Ctrl Pts',(-17.1,42.9692929975113,-74.8307069823721));
#9873=CARTESIAN_POINT('Ctrl Pts',(-17.1,42.9900923301444,-74.8893432515667));
#9874=CARTESIAN_POINT('Ctrl Pts',(-17.1,43.034086561293,-75.0128933171229));
#9875=CARTESIAN_POINT('Ctrl Pts',(-17.1,43.0921607143362,-75.2328380299387));
#9876=CARTESIAN_POINT('Ctrl Pts',(-17.1,43.1200124356629,-75.497015611905));
#9877=CARTESIAN_POINT('Ctrl Pts',(-17.1,43.0959826162203,-75.6984124178883));
#9878=CARTESIAN_POINT('Ctrl Pts',(-17.1,43.0654498469498,-75.7998489684812));
#9879=CARTESIAN_POINT('Ctrl Pts',(-17.1,42.7071510114022,-75.0928489684812));
#9880=CARTESIAN_POINT('Ctrl Pts',(-17.1,42.7534240531957,-75.1391220102747));
#9881=CARTESIAN_POINT('Ctrl Pts',(-17.1,42.8368538889614,-75.2407817014973));
#9882=CARTESIAN_POINT('Ctrl Pts',(-17.1,42.9298456827178,-75.4147568267563));
#9883=CARTESIAN_POINT('Ctrl Pts',(-17.1,42.9871095455863,-75.6035309455445));
#9884=CARTESIAN_POINT('Ctrl Pts',(-17.1,43.,-75.7344090052046));
#9885=CARTESIAN_POINT('Ctrl Pts',(-17.1,43.,-75.7998489684812));
#9886=CARTESIAN_POINT('',(-17.1,42.7071510114022,-75.0928489684812));
#9887=CARTESIAN_POINT('Ctrl Pts',(-17.1,44.,-73.7999999798834));
#9888=CARTESIAN_POINT('Ctrl Pts',(-17.1,43.9422562931249,-73.8577436867585));
#9889=CARTESIAN_POINT('Ctrl Pts',(-17.1,43.8254432068916,-73.9745567729918));
#9890=CARTESIAN_POINT('Ctrl Pts',(-17.1,43.6218580461048,-74.1781419337786));
#9891=CARTESIAN_POINT('Ctrl Pts',(-17.1,43.2857164173819,-74.5142835625015));
#9892=CARTESIAN_POINT('Ctrl Pts',(-17.1,42.9692929975113,-74.8307069823721));
#9893=CARTESIAN_POINT('Ctrl Pts',(-17.1,42.7071510114022,-75.0928489684812));
#9894=CARTESIAN_POINT('',(-17.1,43.,-75.7998489684812));
#9895=CARTESIAN_POINT('Origin',(-17.1,42.0001510114022,-75.7998489684812));
#9896=CARTESIAN_POINT('Origin',(-16.1,43.,-75.7998489684812));
#9897=CARTESIAN_POINT('Origin',(-11.0999998189509,4.,-76.7999999798834));
#9898=CARTESIAN_POINT('',(-11.0999998189509,5.,-76.7999999798834));
#9899=CARTESIAN_POINT('',(-10.0999998189509,4.,-76.7999999798834));
#9900=CARTESIAN_POINT('Origin',(-11.0999998189509,4.,-76.7999999798834));
#9901=CARTESIAN_POINT('',(-11.0999998189509,6.,-77.7999999798834));
#9902=CARTESIAN_POINT('Origin',(-11.0999998189509,6.,-76.7999999798834));
#9903=CARTESIAN_POINT('',(-9.09999981895089,4.,-77.7999999798834));
#9904=CARTESIAN_POINT('Origin',(-11.0999998189509,4.,-77.7999999798834));
#9905=CARTESIAN_POINT('Origin',(-9.09999981895089,4.,-76.7999999798834));
#9906=CARTESIAN_POINT('Origin',(-11.1,4.,1.));
#9907=CARTESIAN_POINT('',(-10.1,4.,1.));
#9908=CARTESIAN_POINT('',(-11.1,5.,1.));
#9909=CARTESIAN_POINT('Origin',(-11.1,4.,1.));
#9910=CARTESIAN_POINT('',(-9.1,4.,2.));
#9911=CARTESIAN_POINT('Origin',(-9.1,4.,1.));
#9912=CARTESIAN_POINT('',(-11.1,6.,2.));
#9913=CARTESIAN_POINT('Origin',(-11.1,4.,2.));
#9914=CARTESIAN_POINT('Origin',(-11.1,6.,1.));
#9915=CARTESIAN_POINT('Origin',(-9.1,0.,1.));
#9916=CARTESIAN_POINT('',(-10.1,0.,1.));
#9917=CARTESIAN_POINT('',(-9.1,0.,2.));
#9918=CARTESIAN_POINT('Origin',(-9.1,0.,1.));
#9919=CARTESIAN_POINT('',(-9.1,0.,2.));
#9920=CARTESIAN_POINT('',(-10.1,0.,1.));
#9921=CARTESIAN_POINT('Origin',(10.8999998234212,4.,-76.7999999798834));
#9922=CARTESIAN_POINT('',(9.89999982342124,4.,-76.7999999798834));
#9923=CARTESIAN_POINT('',(10.8999998234212,5.,-76.7999999798834));
#9924=CARTESIAN_POINT('Origin',(10.8999998234212,4.,-76.7999999798834));
#9925=CARTESIAN_POINT('',(8.89999982342124,4.,-77.7999999798834));
#9926=CARTESIAN_POINT('Origin',(8.89999982342124,4.,-76.7999999798834));
#9927=CARTESIAN_POINT('',(10.8999998234212,6.,-77.7999999798834));
#9928=CARTESIAN_POINT('Origin',(10.8999998234212,4.,-77.7999999798834));
#9929=CARTESIAN_POINT('Origin',(10.8999998234212,6.,-76.7999999798834));
#9930=CARTESIAN_POINT('Origin',(8.89999982342124,0.,-76.7999999798834));
#9931=CARTESIAN_POINT('',(9.89999982342124,0.,-76.7999999798834));
#9932=CARTESIAN_POINT('',(8.89999982342124,0.,-77.7999999798834));
#9933=CARTESIAN_POINT('Origin',(8.89999982342124,0.,-76.7999999798834));
#9934=CARTESIAN_POINT('',(8.89999982342124,0.,-77.7999999798834));
#9935=CARTESIAN_POINT('',(9.89999982342124,0.,-76.7999999798834));
#9936=CARTESIAN_POINT('Origin',(-20.1,6.,-76.7999999798834));
#9937=CARTESIAN_POINT('',(-20.1,6.,-77.7999999798834));
#9938=CARTESIAN_POINT('',(-21.1,6.,-76.7999999798834));
#9939=CARTESIAN_POINT('Origin',(-20.1,6.,-76.7999999798834));
#9940=CARTESIAN_POINT('',(-20.1,5.,-76.7999999798834));
#9941=CARTESIAN_POINT('Origin',(-20.1,6.,-76.7999999798834));
#9942=CARTESIAN_POINT('Origin',(-20.1,6.,-76.7999999798834));
#9943=CARTESIAN_POINT('Origin',(-0.0999999977648258,6.,-76.7999999798834));
#9944=CARTESIAN_POINT('',(-0.0999999977648258,6.,-77.7999999798834));
#9945=CARTESIAN_POINT('',(-0.0999999977648258,5.,-76.7999999798834));
#9946=CARTESIAN_POINT('Origin',(-11.0999998189509,4.,-74.7999999798834));
#9947=CARTESIAN_POINT('',(-10.0999998189509,4.,-74.7999999798834));
#9948=CARTESIAN_POINT('',(-11.0999998189509,5.,-74.7999999798834));
#9949=CARTESIAN_POINT('Origin',(-11.0999998189509,4.,-74.7999999798834));
#9950=CARTESIAN_POINT('',(-9.09999981895089,4.,-73.7999999798834));
#9951=CARTESIAN_POINT('Origin',(-9.09999981895089,4.,-74.7999999798834));
#9952=CARTESIAN_POINT('',(-11.0999998189509,6.,-73.7999999798834));
#9953=CARTESIAN_POINT('Origin',(-11.0999998189509,4.,-73.7999999798834));
#9954=CARTESIAN_POINT('Origin',(-11.0999998189509,6.,-74.7999999798834));
#9955=CARTESIAN_POINT('Origin',(-9.09999981895089,0.,-74.7999999798834));
#9956=CARTESIAN_POINT('',(-10.0999998189509,0.,-74.7999999798834));
#9957=CARTESIAN_POINT('',(-9.09999981895089,0.,-73.7999999798834));
#9958=CARTESIAN_POINT('Origin',(-9.09999981895089,0.,-74.7999999798834));
#9959=CARTESIAN_POINT('',(-9.09999981895089,0.,-73.7999999798834));
#9960=CARTESIAN_POINT('',(-10.0999998189509,0.,-74.7999999798834));
#9961=CARTESIAN_POINT('Origin',(-7.09999981895089,8.,-76.7999999798834));
#9962=CARTESIAN_POINT('',(-6.09999981895089,8.,-76.7999999798834));
#9963=CARTESIAN_POINT('',(-7.09999981895089,9.,-76.7999999798834));
#9964=CARTESIAN_POINT('Origin',(-7.09999981895089,8.,-76.7999999798834));
#9965=CARTESIAN_POINT('',(-7.09999981895089,8.,-77.7999999798834));
#9966=CARTESIAN_POINT('Origin',(-7.09999981895089,8.,-76.7999999798834));
#9967=CARTESIAN_POINT('Origin',(-7.09999981895089,8.,-76.7999999798834));
#9968=CARTESIAN_POINT('Origin',(-7.09999981895089,0.,-76.7999999798834));
#9969=CARTESIAN_POINT('',(-6.09999981895089,0.,-76.7999999798834));
#9970=CARTESIAN_POINT('',(-7.09999981895089,0.,-77.7999999798834));
#9971=CARTESIAN_POINT('Origin',(-7.09999981895089,0.,-76.7999999798834));
#9972=CARTESIAN_POINT('',(-7.09999981895089,0.,-77.7999999798834));
#9973=CARTESIAN_POINT('',(-6.09999981895089,0.,-76.7999999798834));
#9974=CARTESIAN_POINT('Origin',(-20.1,47.,-76.7999999798834));
#9975=CARTESIAN_POINT('',(-20.1,47.,-77.7999999798834));
#9976=CARTESIAN_POINT('',(-20.1,48.,-76.7999999798834));
#9977=CARTESIAN_POINT('Origin',(-20.1,47.,-76.7999999798834));
#9978=CARTESIAN_POINT('',(-21.1,47.,-76.7999999798834));
#9979=CARTESIAN_POINT('Origin',(-20.1,47.,-76.7999999798834));
#9980=CARTESIAN_POINT('Origin',(-20.1,47.,-76.7999999798834));
#9981=CARTESIAN_POINT('Origin',(-20.1,14.5,-76.7999999798834));
#9982=CARTESIAN_POINT('',(-20.1,14.5,-77.7999999798834));
#9983=CARTESIAN_POINT('',(-21.1,14.5,-76.7999999798834));
#9984=CARTESIAN_POINT('Origin',(-20.1,6.,1.));
#9985=CARTESIAN_POINT('',(-20.1,5.,1.));
#9986=CARTESIAN_POINT('',(-21.1,6.,1.));
#9987=CARTESIAN_POINT('Origin',(-20.1,6.,1.));
#9988=CARTESIAN_POINT('',(-20.1,6.,2.));
#9989=CARTESIAN_POINT('Origin',(-20.1,6.,1.));
#9990=CARTESIAN_POINT('Origin',(-20.1,6.,1.));
#9991=CARTESIAN_POINT('Origin',(-10.1,6.,1.));
#9992=CARTESIAN_POINT('',(-10.1,5.,1.));
#9993=CARTESIAN_POINT('',(-10.1,6.,2.));
#9994=CARTESIAN_POINT('Origin',(-11.1,4.,-1.));
#9995=CARTESIAN_POINT('',(-11.1,5.,-1.));
#9996=CARTESIAN_POINT('',(-10.1,4.,-1.));
#9997=CARTESIAN_POINT('Origin',(-11.1,4.,-1.));
#9998=CARTESIAN_POINT('',(-11.1,6.,-2.));
#9999=CARTESIAN_POINT('Origin',(-11.1,6.,-1.));
#10000=CARTESIAN_POINT('',(-9.1,4.,-2.));
#10001=CARTESIAN_POINT('Origin',(-11.1,4.,-2.));
#10002=CARTESIAN_POINT('Origin',(-9.1,4.,-1.));
#10003=CARTESIAN_POINT('Origin',(6.89999982342124,8.,-76.7999999798834));
#10004=CARTESIAN_POINT('',(6.89999982342124,8.,-77.7999999798834));
#10005=CARTESIAN_POINT('',(6.89999982342124,9.,-76.7999999798834));
#10006=CARTESIAN_POINT('Origin',(6.89999982342124,8.,-76.7999999798834));
#10007=CARTESIAN_POINT('',(5.89999982342124,8.,-76.7999999798834));
#10008=CARTESIAN_POINT('Origin',(6.89999982342124,8.,-76.7999999798834));
#10009=CARTESIAN_POINT('Origin',(6.89999982342124,8.,-76.7999999798834));
#10010=CARTESIAN_POINT('Origin',(6.89999982342124,0.,-76.7999999798834));
#10011=CARTESIAN_POINT('',(6.89999982342124,0.,-77.7999999798834));
#10012=CARTESIAN_POINT('',(5.89999982342124,0.,-76.7999999798834));
#10013=CARTESIAN_POINT('Origin',(6.89999982342124,0.,-76.7999999798834));
#10014=CARTESIAN_POINT('',(5.89999982342124,0.,-76.7999999798834));
#10015=CARTESIAN_POINT('',(6.89999982342124,0.,-77.7999999798834));
#10016=CARTESIAN_POINT('Origin',(10.8999998234212,4.,-74.7999999798834));
#10017=CARTESIAN_POINT('',(10.8999998234212,5.,-74.7999999798834));
#10018=CARTESIAN_POINT('',(9.89999982342124,4.,-74.7999999798834));
#10019=CARTESIAN_POINT('Origin',(10.8999998234212,4.,-74.7999999798834));
#10020=CARTESIAN_POINT('',(10.8999998234212,6.,-73.7999999798834));
#10021=CARTESIAN_POINT('Origin',(10.8999998234212,6.,-74.7999999798834));
#10022=CARTESIAN_POINT('',(8.89999982342124,4.,-73.7999999798834));
#10023=CARTESIAN_POINT('Origin',(10.8999998234212,4.,-73.7999999798834));
#10024=CARTESIAN_POINT('Origin',(8.89999982342124,4.,-74.7999999798834));
#10025=CARTESIAN_POINT('Origin',(19.9,6.,-76.7999999798834));
#10026=CARTESIAN_POINT('',(19.9,5.,-76.7999999798834));
#10027=CARTESIAN_POINT('',(20.9,6.,-76.7999999798834));
#10028=CARTESIAN_POINT('Origin',(19.9,6.,-76.7999999798834));
#10029=CARTESIAN_POINT('',(19.9,6.,-77.7999999798834));
#10030=CARTESIAN_POINT('Origin',(19.9,6.,-76.7999999798834));
#10031=CARTESIAN_POINT('Origin',(19.9,6.,-76.7999999798834));
#10032=CARTESIAN_POINT('Origin',(9.89999982342124,6.,-76.7999999798834));
#10033=CARTESIAN_POINT('',(9.89999982342124,5.,-76.7999999798834));
#10034=CARTESIAN_POINT('',(9.89999982342124,6.,-77.7999999798834));
#10035=CARTESIAN_POINT('Origin',(-2.1,47.,-12.8));
#10036=CARTESIAN_POINT('',(-3.1,47.,-12.8));
#10037=CARTESIAN_POINT('',(-2.1,47.,-13.8));
#10038=CARTESIAN_POINT('Origin',(-2.1,47.,-12.8));
#10039=CARTESIAN_POINT('',(-2.1,48.,-12.8));
#10040=CARTESIAN_POINT('Origin',(-2.1,47.,-12.8));
#10041=CARTESIAN_POINT('Origin',(-2.1,47.,-12.8));
#10042=CARTESIAN_POINT('Origin',(-20.1,6.,-74.7999999798834));
#10043=CARTESIAN_POINT('',(-20.1,5.,-74.7999999798834));
#10044=CARTESIAN_POINT('',(-21.1,6.,-74.7999999798834));
#10045=CARTESIAN_POINT('Origin',(-20.1,6.,-74.7999999798834));
#10046=CARTESIAN_POINT('',(-20.1,6.,-73.7999999798834));
#10047=CARTESIAN_POINT('Origin',(-20.1,6.,-74.7999999798834));
#10048=CARTESIAN_POINT('Origin',(-20.1,6.,-74.7999999798834));
#10049=CARTESIAN_POINT('Origin',(-10.0999998189509,6.,-74.7999999798834));
#10050=CARTESIAN_POINT('',(-10.0999998189509,5.,-74.7999999798834));
#10051=CARTESIAN_POINT('',(-10.0999998189509,6.,-73.7999999798834));
#10052=CARTESIAN_POINT('Origin',(-7.09999981895089,8.,-74.7999999798834));
#10053=CARTESIAN_POINT('',(-7.09999981895089,8.,-73.7999999798834));
#10054=CARTESIAN_POINT('',(-7.09999981895089,9.,-74.7999999798834));
#10055=CARTESIAN_POINT('Origin',(-7.09999981895089,8.,-74.7999999798834));
#10056=CARTESIAN_POINT('',(-6.09999981895089,8.,-74.7999999798834));
#10057=CARTESIAN_POINT('Origin',(-7.09999981895089,8.,-74.7999999798834));
#10058=CARTESIAN_POINT('Origin',(-7.09999981895089,8.,-74.7999999798834));
#10059=CARTESIAN_POINT('Origin',(-7.09999981895089,0.,-74.7999999798834));
#10060=CARTESIAN_POINT('',(-7.09999981895089,0.,-73.7999999798834));
#10061=CARTESIAN_POINT('',(-6.09999981895089,0.,-74.7999999798834));
#10062=CARTESIAN_POINT('Origin',(-7.09999981895089,0.,-74.7999999798834));
#10063=CARTESIAN_POINT('',(-6.09999981895089,0.,-74.7999999798834));
#10064=CARTESIAN_POINT('',(-7.09999981895089,0.,-73.7999999798834));
#10065=CARTESIAN_POINT('Origin',(-7.09999981895089,8.,-74.7999999798834));
#10066=CARTESIAN_POINT('',(-7.09999981895089,9.,-74.7999999798834));
#10067=CARTESIAN_POINT('',(-6.09999981895089,8.,-74.7999999798834));
#10068=CARTESIAN_POINT('Origin',(-16.1,10.,-76.7999999798834));
#10069=CARTESIAN_POINT('',(-16.1,9.,-76.7999999798834));
#10070=CARTESIAN_POINT('',(-17.1,10.,-76.7999999798834));
#10071=CARTESIAN_POINT('Origin',(-16.1,10.,-76.7999999798834));
#10072=CARTESIAN_POINT('',(-16.1,8.,-77.7999999798834));
#10073=CARTESIAN_POINT('Origin',(-16.1,8.,-76.7999999798834));
#10074=CARTESIAN_POINT('',(-18.1,10.,-77.7999999798834));
#10075=CARTESIAN_POINT('Origin',(-16.1,10.,-77.7999999798834));
#10076=CARTESIAN_POINT('Origin',(-18.1,10.,-76.7999999798834));
#10077=CARTESIAN_POINT('Origin',(0.900000002235174,8.,-76.7999999798834));
#10078=CARTESIAN_POINT('',(0.900000002235174,9.,-76.7999999798834));
#10079=CARTESIAN_POINT('',(0.900000002235174,8.,-77.7999999798834));
#10080=CARTESIAN_POINT('Origin',(19.9,47.,-76.7999999798834));
#10081=CARTESIAN_POINT('',(20.9,47.,-76.7999999798834));
#10082=CARTESIAN_POINT('',(19.9,48.,-76.7999999798834));
#10083=CARTESIAN_POINT('Origin',(19.9,47.,-76.7999999798834));
#10084=CARTESIAN_POINT('',(19.9,47.,-77.7999999798834));
#10085=CARTESIAN_POINT('Origin',(19.9,47.,-76.7999999798834));
#10086=CARTESIAN_POINT('Origin',(19.9,47.,-76.7999999798834));
#10087=CARTESIAN_POINT('Origin',(19.9,14.5,-76.7999999798834));
#10088=CARTESIAN_POINT('',(20.9,14.5,-76.7999999798834));
#10089=CARTESIAN_POINT('',(19.9,14.5,-77.7999999798834));
#10090=CARTESIAN_POINT('Origin',(-3.60000008828938,47.,-76.7999999798834));
#10091=CARTESIAN_POINT('',(-3.60000008828938,48.,-76.7999999798834));
#10092=CARTESIAN_POINT('',(-3.60000008828938,47.,-77.7999999798834));
#10093=CARTESIAN_POINT('Origin',(-20.1,47.,1.));
#10094=CARTESIAN_POINT('',(-21.1,47.,1.));
#10095=CARTESIAN_POINT('',(-20.1,48.,1.));
#10096=CARTESIAN_POINT('Origin',(-20.1,47.,1.));
#10097=CARTESIAN_POINT('',(-20.1,47.,2.));
#10098=CARTESIAN_POINT('Origin',(-20.1,47.,1.));
#10099=CARTESIAN_POINT('Origin',(-20.1,47.,1.));
#10100=CARTESIAN_POINT('Origin',(-20.1,14.5,1.));
#10101=CARTESIAN_POINT('',(-21.1,14.5,1.));
#10102=CARTESIAN_POINT('',(-20.1,14.5,2.));
#10103=CARTESIAN_POINT('Origin',(-20.1,6.,-1.));
#10104=CARTESIAN_POINT('',(-20.1,6.,-2.));
#10105=CARTESIAN_POINT('',(-21.1,6.,-1.));
#10106=CARTESIAN_POINT('Origin',(-20.1,6.,-1.));
#10107=CARTESIAN_POINT('',(-20.1,5.,-1.));
#10108=CARTESIAN_POINT('Origin',(-20.1,6.,-1.));
#10109=CARTESIAN_POINT('Origin',(-20.1,6.,-1.));
#10110=CARTESIAN_POINT('Origin',(-8.1,6.,-1.));
#10111=CARTESIAN_POINT('',(-8.1,6.,-2.));
#10112=CARTESIAN_POINT('',(-8.1,5.,-1.));
#10113=CARTESIAN_POINT('Origin',(-20.1,6.,-3.9));
#10114=CARTESIAN_POINT('',(-21.1,6.,-3.9));
#10115=CARTESIAN_POINT('',(-20.1,5.,-3.9));
#10116=CARTESIAN_POINT('Origin',(-4.1,30.,-12.8));
#10117=CARTESIAN_POINT('',(-4.1,29.,-12.8));
#10118=CARTESIAN_POINT('',(-4.1,28.,-13.8));
#10119=CARTESIAN_POINT('Origin',(-4.1,28.,-12.8));
#10120=CARTESIAN_POINT('',(-3.1,30.,-12.8));
#10121=CARTESIAN_POINT('Origin',(-4.1,30.,-12.8));
#10122=CARTESIAN_POINT('',(-2.1,30.,-13.8));
#10123=CARTESIAN_POINT('Origin',(-2.1,30.,-12.8));
#10124=CARTESIAN_POINT('Origin',(-4.1,30.,-13.8));
#10125=CARTESIAN_POINT('Origin',(1.9,47.,-12.8));
#10126=CARTESIAN_POINT('',(1.9,48.,-12.8));
#10127=CARTESIAN_POINT('',(1.9,47.,-13.8));
#10128=CARTESIAN_POINT('Origin',(1.9,47.,-12.8));
#10129=CARTESIAN_POINT('',(2.9,47.,-12.8));
#10130=CARTESIAN_POINT('Origin',(1.9,47.,-12.8));
#10131=CARTESIAN_POINT('Origin',(1.9,47.,-12.8));
#10132=CARTESIAN_POINT('Origin',(15.9,10.,-76.7999999798834));
#10133=CARTESIAN_POINT('',(16.9,10.,-76.7999999798834));
#10134=CARTESIAN_POINT('',(15.9,9.,-76.7999999798834));
#10135=CARTESIAN_POINT('Origin',(15.9,10.,-76.7999999798834));
#10136=CARTESIAN_POINT('',(17.9,10.,-77.7999999798834));
#10137=CARTESIAN_POINT('Origin',(17.9,10.,-76.7999999798834));
#10138=CARTESIAN_POINT('',(15.9,8.,-77.7999999798834));
#10139=CARTESIAN_POINT('Origin',(15.9,10.,-77.7999999798834));
#10140=CARTESIAN_POINT('Origin',(15.9,8.,-76.7999999798834));
#10141=CARTESIAN_POINT('Origin',(6.89999982342124,8.,-74.7999999798834));
#10142=CARTESIAN_POINT('',(5.89999982342124,8.,-74.7999999798834));
#10143=CARTESIAN_POINT('',(6.89999982342124,9.,-74.7999999798834));
#10144=CARTESIAN_POINT('Origin',(6.89999982342124,8.,-74.7999999798834));
#10145=CARTESIAN_POINT('',(6.89999982342124,8.,-73.7999999798834));
#10146=CARTESIAN_POINT('Origin',(6.89999982342124,8.,-74.7999999798834));
#10147=CARTESIAN_POINT('Origin',(6.89999982342124,8.,-74.7999999798834));
#10148=CARTESIAN_POINT('Origin',(6.89999982342124,0.,-74.7999999798834));
#10149=CARTESIAN_POINT('',(5.89999982342124,0.,-74.7999999798834));
#10150=CARTESIAN_POINT('',(6.89999982342124,0.,-73.7999999798834));
#10151=CARTESIAN_POINT('Origin',(6.89999982342124,0.,-74.7999999798834));
#10152=CARTESIAN_POINT('',(6.89999982342124,0.,-73.7999999798834));
#10153=CARTESIAN_POINT('',(5.89999982342124,0.,-74.7999999798834));
#10154=CARTESIAN_POINT('Origin',(19.9,6.,-74.7999999798834));
#10155=CARTESIAN_POINT('',(19.9,6.,-73.7999999798834));
#10156=CARTESIAN_POINT('',(20.9,6.,-74.7999999798834));
#10157=CARTESIAN_POINT('Origin',(19.9,6.,-74.7999999798834));
#10158=CARTESIAN_POINT('',(19.9,5.,-74.7999999798834));
#10159=CARTESIAN_POINT('Origin',(19.9,6.,-74.7999999798834));
#10160=CARTESIAN_POINT('Origin',(19.9,6.,-74.7999999798834));
#10161=CARTESIAN_POINT('Origin',(7.89999982342124,6.,-74.7999999798834));
#10162=CARTESIAN_POINT('',(7.89999982342124,6.,-73.7999999798834));
#10163=CARTESIAN_POINT('',(7.89999982342124,5.,-74.7999999798834));
#10164=CARTESIAN_POINT('Origin',(19.9,6.,-43.7999999899417));
#10165=CARTESIAN_POINT('',(20.9,6.,-43.7999999899417));
#10166=CARTESIAN_POINT('',(19.9,5.,-43.7999999899417));
#10167=CARTESIAN_POINT('Origin',(-2.1,43.,-9.8));
#10168=CARTESIAN_POINT('',(-2.1,44.,-9.8));
#10169=CARTESIAN_POINT('',(-2.1,43.,-10.8));
#10170=CARTESIAN_POINT('Origin',(-2.1,43.,-9.8));
#10171=CARTESIAN_POINT('',(-3.1,45.,-9.8));
#10172=CARTESIAN_POINT('Origin',(-2.1,45.,-9.8));
#10173=CARTESIAN_POINT('',(-3.1,43.,-11.8));
#10174=CARTESIAN_POINT('Origin',(-3.1,43.,-9.8));
#10175=CARTESIAN_POINT('Origin',(-2.1,43.,-11.8));
#10176=CARTESIAN_POINT('Origin',(-4.1,47.,-3.));
#10177=CARTESIAN_POINT('',(-4.1,47.,-2.));
#10178=CARTESIAN_POINT('',(-3.1,47.,-3.));
#10179=CARTESIAN_POINT('Origin',(-4.1,47.,-3.));
#10180=CARTESIAN_POINT('',(-4.1,48.,-1.));
#10181=CARTESIAN_POINT('Origin',(-4.1,47.,-1.));
#10182=CARTESIAN_POINT('',(-2.1,48.,-3.));
#10183=CARTESIAN_POINT('Origin',(-4.1,48.,-3.));
#10184=CARTESIAN_POINT('Origin',(-2.1,47.,-3.));
#10185=CARTESIAN_POINT('Origin',(-20.1,30.,-3.));
#10186=CARTESIAN_POINT('',(-20.1,29.,-3.));
#10187=CARTESIAN_POINT('',(-20.1,30.,-2.));
#10188=CARTESIAN_POINT('Origin',(-20.1,30.,-3.));
#10189=CARTESIAN_POINT('',(-21.1,28.,-3.));
#10190=CARTESIAN_POINT('Origin',(-20.1,28.,-3.));
#10191=CARTESIAN_POINT('',(-21.1,30.,-1.));
#10192=CARTESIAN_POINT('Origin',(-21.1,30.,-3.));
#10193=CARTESIAN_POINT('Origin',(-20.1,30.,-1.));
#10194=CARTESIAN_POINT('Origin',(-16.1,47.,-72.7999999798834));
#10195=CARTESIAN_POINT('',(-16.1,47.,-73.7999999798834));
#10196=CARTESIAN_POINT('',(-17.1,47.,-72.7999999798834));
#10197=CARTESIAN_POINT('Origin',(-16.1,47.,-72.7999999798834));
#10198=CARTESIAN_POINT('',(-16.1,48.,-74.7999999798834));
#10199=CARTESIAN_POINT('Origin',(-16.1,47.,-74.7999999798834));
#10200=CARTESIAN_POINT('',(-18.1,48.,-72.7999999798834));
#10201=CARTESIAN_POINT('Origin',(-16.1,48.,-72.7999999798834));
#10202=CARTESIAN_POINT('Origin',(-18.1,47.,-72.7999999798834));
#10203=CARTESIAN_POINT('Origin',(-20.1,43.,-72.7999999798834));
#10204=CARTESIAN_POINT('',(-20.1,44.,-72.7999999798834));
#10205=CARTESIAN_POINT('',(-20.1,43.,-73.7999999798834));
#10206=CARTESIAN_POINT('Origin',(-20.1,43.,-72.7999999798834));
#10207=CARTESIAN_POINT('',(-21.1,45.,-72.7999999798834));
#10208=CARTESIAN_POINT('Origin',(-20.1,45.,-72.7999999798834));
#10209=CARTESIAN_POINT('',(-21.1,43.,-74.7999999798834));
#10210=CARTESIAN_POINT('Origin',(-21.1,43.,-72.7999999798834));
#10211=CARTESIAN_POINT('Origin',(-20.1,43.,-74.7999999798834));
#10212=CARTESIAN_POINT('Origin',(-16.1,43.,-76.7999999798834));
#10213=CARTESIAN_POINT('',(-17.1,43.,-76.7999999798834));
#10214=CARTESIAN_POINT('',(-16.1,44.,-76.7999999798834));
#10215=CARTESIAN_POINT('Origin',(-16.1,43.,-76.7999999798834));
#10216=CARTESIAN_POINT('',(-18.1,43.,-77.7999999798834));
#10217=CARTESIAN_POINT('Origin',(-18.1,43.,-76.7999999798834));
#10218=CARTESIAN_POINT('',(-16.1,45.,-77.7999999798834));
#10219=CARTESIAN_POINT('Origin',(-16.1,43.,-77.7999999798834));
#10220=CARTESIAN_POINT('Origin',(-16.1,45.,-76.7999999798834));
#10221=CARTESIAN_POINT('Origin',(-18.1,4.5,-76.7999999798834));
#10222=CARTESIAN_POINT('',(-17.1,4.5,-76.7999999798834));
#10223=CARTESIAN_POINT('',(-18.1,4.5,-77.7999999798834));
#10224=CARTESIAN_POINT('Origin',(-16.1,10.,-74.7999999798834));
#10225=CARTESIAN_POINT('',(-17.1,10.,-74.7999999798834));
#10226=CARTESIAN_POINT('',(-16.1,9.,-74.7999999798834));
#10227=CARTESIAN_POINT('Origin',(-16.1,10.,-74.7999999798834));
#10228=CARTESIAN_POINT('',(-18.1,10.,-73.7999999798834));
#10229=CARTESIAN_POINT('Origin',(-18.1,10.,-74.7999999798834));
#10230=CARTESIAN_POINT('',(-16.1,8.,-73.7999999798834));
#10231=CARTESIAN_POINT('Origin',(-16.1,10.,-73.7999999798834));
#10232=CARTESIAN_POINT('Origin',(-16.1,8.,-74.7999999798834));
#10233=CARTESIAN_POINT('Origin',(-7.1,8.,-1.));
#10234=CARTESIAN_POINT('',(-6.1,8.,-1.));
#10235=CARTESIAN_POINT('',(-7.1,9.,-1.));
#10236=CARTESIAN_POINT('Origin',(-7.1,8.,-1.));
#10237=CARTESIAN_POINT('',(-7.1,8.,-2.));
#10238=CARTESIAN_POINT('Origin',(-7.1,8.,-1.));
#10239=CARTESIAN_POINT('Origin',(-7.1,8.,-1.));
#10240=CARTESIAN_POINT('Origin',(-7.1,0.,-1.));
#10241=CARTESIAN_POINT('',(-6.1,0.,-1.));
#10242=CARTESIAN_POINT('',(-7.1,0.,-2.));
#10243=CARTESIAN_POINT('Origin',(-7.1,0.,-1.));
#10244=CARTESIAN_POINT('',(-7.1,0.,-2.));
#10245=CARTESIAN_POINT('',(-6.1,0.,-1.));
#10246=CARTESIAN_POINT('Origin',(-20.1,28.,-12.8));
#10247=CARTESIAN_POINT('',(-20.1,29.,-12.8));
#10248=CARTESIAN_POINT('',(-21.1,28.,-12.8));
#10249=CARTESIAN_POINT('Origin',(-20.1,28.,-12.8));
#10250=CARTESIAN_POINT('',(-20.1,28.,-13.8));
#10251=CARTESIAN_POINT('Origin',(-20.1,28.,-12.8));
#10252=CARTESIAN_POINT('Origin',(-20.1,28.,-12.8));
#10253=CARTESIAN_POINT('Origin',(-17.1,28.,-12.8));
#10254=CARTESIAN_POINT('',(-17.1,29.,-12.8));
#10255=CARTESIAN_POINT('',(-17.1,28.,-13.8));
#10256=CARTESIAN_POINT('Origin',(19.9,47.,1.));
#10257=CARTESIAN_POINT('',(19.9,47.,2.));
#10258=CARTESIAN_POINT('',(19.9,48.,1.));
#10259=CARTESIAN_POINT('Origin',(19.9,47.,1.));
#10260=CARTESIAN_POINT('',(20.9,47.,1.));
#10261=CARTESIAN_POINT('Origin',(19.9,47.,1.));
#10262=CARTESIAN_POINT('Origin',(19.9,47.,1.));
#10263=CARTESIAN_POINT('Origin',(10.9,4.,1.));
#10264=CARTESIAN_POINT('',(10.9,5.,1.));
#10265=CARTESIAN_POINT('',(9.9,4.,1.));
#10266=CARTESIAN_POINT('Origin',(10.9,4.,1.));
#10267=CARTESIAN_POINT('',(10.9,6.,2.));
#10268=CARTESIAN_POINT('Origin',(10.9,6.,1.));
#10269=CARTESIAN_POINT('',(8.9,4.,2.));
#10270=CARTESIAN_POINT('Origin',(10.9,4.,2.));
#10271=CARTESIAN_POINT('Origin',(8.9,4.,1.));
#10272=CARTESIAN_POINT('Origin',(3.9,30.,-12.8));
#10273=CARTESIAN_POINT('',(3.9,29.,-12.8));
#10274=CARTESIAN_POINT('',(2.9,30.,-12.8));
#10275=CARTESIAN_POINT('Origin',(3.9,30.,-12.8));
#10276=CARTESIAN_POINT('',(3.9,28.,-13.8));
#10277=CARTESIAN_POINT('Origin',(3.9,28.,-12.8));
#10278=CARTESIAN_POINT('',(1.9,30.,-13.8));
#10279=CARTESIAN_POINT('Origin',(3.9,30.,-13.8));
#10280=CARTESIAN_POINT('Origin',(1.9,30.,-12.8));
#10281=CARTESIAN_POINT('Origin',(-20.1,22.,-3.));
#10282=CARTESIAN_POINT('',(-20.1,23.,-3.));
#10283=CARTESIAN_POINT('',(-21.1,24.,-3.));
#10284=CARTESIAN_POINT('Origin',(-20.1,24.,-3.));
#10285=CARTESIAN_POINT('',(-20.1,22.,-2.));
#10286=CARTESIAN_POINT('Origin',(-20.1,22.,-3.));
#10287=CARTESIAN_POINT('',(-21.1,22.,-1.));
#10288=CARTESIAN_POINT('Origin',(-20.1,22.,-1.));
#10289=CARTESIAN_POINT('Origin',(-21.1,22.,-3.));
#10290=CARTESIAN_POINT('Origin',(-4.1,30.,-11.8));
#10291=CARTESIAN_POINT('',(-3.1,30.,-11.8));
#10292=CARTESIAN_POINT('',(-2.1,30.,-10.8));
#10293=CARTESIAN_POINT('Origin',(-2.1,30.,-11.8));
#10294=CARTESIAN_POINT('',(-4.1,29.,-11.8));
#10295=CARTESIAN_POINT('Origin',(-4.1,30.,-11.8));
#10296=CARTESIAN_POINT('',(-4.1,28.,-10.8));
#10297=CARTESIAN_POINT('Origin',(-4.1,28.,-11.8));
#10298=CARTESIAN_POINT('Origin',(-4.1,30.,-10.8));
#10299=CARTESIAN_POINT('Origin',(-4.1,30.,-3.9));
#10300=CARTESIAN_POINT('',(-4.1,29.,-3.9));
#10301=CARTESIAN_POINT('',(-3.1,30.,-3.9));
#10302=CARTESIAN_POINT('Origin',(19.9,30.,-3.));
#10303=CARTESIAN_POINT('',(19.9,30.,-2.));
#10304=CARTESIAN_POINT('',(19.9,29.,-3.));
#10305=CARTESIAN_POINT('Origin',(19.9,30.,-3.));
#10306=CARTESIAN_POINT('',(20.9,30.,-1.));
#10307=CARTESIAN_POINT('Origin',(19.9,30.,-1.));
#10308=CARTESIAN_POINT('',(20.9,28.,-3.));
#10309=CARTESIAN_POINT('Origin',(20.9,30.,-3.));
#10310=CARTESIAN_POINT('Origin',(19.9,28.,-3.));
#10311=CARTESIAN_POINT('Origin',(3.9,47.,-3.));
#10312=CARTESIAN_POINT('',(2.9,47.,-3.));
#10313=CARTESIAN_POINT('',(3.9,47.,-2.));
#10314=CARTESIAN_POINT('Origin',(3.9,47.,-3.));
#10315=CARTESIAN_POINT('',(1.9,48.,-3.));
#10316=CARTESIAN_POINT('Origin',(1.9,47.,-3.));
#10317=CARTESIAN_POINT('',(3.9,48.,-1.));
#10318=CARTESIAN_POINT('Origin',(3.9,48.,-3.));
#10319=CARTESIAN_POINT('Origin',(3.9,47.,-1.));
#10320=CARTESIAN_POINT('Origin',(1.9,47.,-1.9));
#10321=CARTESIAN_POINT('',(2.9,47.,-1.9));
#10322=CARTESIAN_POINT('',(1.9,48.,-1.9));
#10323=CARTESIAN_POINT('Origin',(1.9,43.,-9.8));
#10324=CARTESIAN_POINT('',(2.9,43.,-11.8));
#10325=CARTESIAN_POINT('',(2.9,45.,-9.8));
#10326=CARTESIAN_POINT('Origin',(2.9,43.,-9.8));
#10327=CARTESIAN_POINT('',(1.9,44.,-9.8));
#10328=CARTESIAN_POINT('Origin',(1.9,45.,-9.8));
#10329=CARTESIAN_POINT('',(1.9,43.,-10.8));
#10330=CARTESIAN_POINT('Origin',(1.9,43.,-9.8));
#10331=CARTESIAN_POINT('Origin',(1.9,43.,-11.8));
#10332=CARTESIAN_POINT('Origin',(15.9,43.,-76.7999999798834));
#10333=CARTESIAN_POINT('',(15.9,44.,-76.7999999798834));
#10334=CARTESIAN_POINT('',(16.9,43.,-76.7999999798834));
#10335=CARTESIAN_POINT('Origin',(15.9,43.,-76.7999999798834));
#10336=CARTESIAN_POINT('',(15.9,45.,-77.7999999798834));
#10337=CARTESIAN_POINT('Origin',(15.9,45.,-76.7999999798834));
#10338=CARTESIAN_POINT('',(17.9,43.,-77.7999999798834));
#10339=CARTESIAN_POINT('Origin',(15.9,43.,-77.7999999798834));
#10340=CARTESIAN_POINT('Origin',(17.9,43.,-76.7999999798834));
#10341=CARTESIAN_POINT('Origin',(13.3999998234212,45.,-76.7999999798834));
#10342=CARTESIAN_POINT('',(13.3999998234212,45.,-77.7999999798834));
#10343=CARTESIAN_POINT('',(13.3999998234212,44.,-76.7999999798834));
#10344=CARTESIAN_POINT('Origin',(17.9,4.5,-76.7999999798834));
#10345=CARTESIAN_POINT('',(17.9,4.5,-77.7999999798834));
#10346=CARTESIAN_POINT('',(16.9,4.5,-76.7999999798834));
#10347=CARTESIAN_POINT('Origin',(15.9,10.,-74.7999999798834));
#10348=CARTESIAN_POINT('',(15.9,9.,-74.7999999798834));
#10349=CARTESIAN_POINT('',(16.9,10.,-74.7999999798834));
#10350=CARTESIAN_POINT('Origin',(15.9,10.,-74.7999999798834));
#10351=CARTESIAN_POINT('',(15.9,8.,-73.7999999798834));
#10352=CARTESIAN_POINT('Origin',(15.9,8.,-74.7999999798834));
#10353=CARTESIAN_POINT('',(17.9,10.,-73.7999999798834));
#10354=CARTESIAN_POINT('Origin',(15.9,10.,-73.7999999798834));
#10355=CARTESIAN_POINT('Origin',(17.9,10.,-74.7999999798834));
#10356=CARTESIAN_POINT('Origin',(6.89999982342124,8.,-74.7999999798834));
#10357=CARTESIAN_POINT('',(6.89999982342124,9.,-74.7999999798834));
#10358=CARTESIAN_POINT('',(6.89999982342124,8.,-73.7999999798834));
#10359=CARTESIAN_POINT('Origin',(15.9,47.,-72.7999999798834));
#10360=CARTESIAN_POINT('',(16.9,47.,-72.7999999798834));
#10361=CARTESIAN_POINT('',(15.9,47.,-73.7999999798834));
#10362=CARTESIAN_POINT('Origin',(15.9,47.,-72.7999999798834));
#10363=CARTESIAN_POINT('',(17.9,48.,-72.7999999798834));
#10364=CARTESIAN_POINT('Origin',(17.9,47.,-72.7999999798834));
#10365=CARTESIAN_POINT('',(15.9,48.,-74.7999999798834));
#10366=CARTESIAN_POINT('Origin',(15.9,48.,-72.7999999798834));
#10367=CARTESIAN_POINT('Origin',(15.9,47.,-74.7999999798834));
#10368=CARTESIAN_POINT('Origin',(19.9,43.,-72.7999999798834));
#10369=CARTESIAN_POINT('',(19.9,43.,-73.7999999798834));
#10370=CARTESIAN_POINT('',(19.9,44.,-72.7999999798834));
#10371=CARTESIAN_POINT('Origin',(19.9,43.,-72.7999999798834));
#10372=CARTESIAN_POINT('',(20.9,43.,-74.7999999798834));
#10373=CARTESIAN_POINT('Origin',(19.9,43.,-74.7999999798834));
#10374=CARTESIAN_POINT('',(20.9,45.,-72.7999999798834));
#10375=CARTESIAN_POINT('Origin',(20.9,43.,-72.7999999798834));
#10376=CARTESIAN_POINT('Origin',(19.9,45.,-72.7999999798834));
#10377=CARTESIAN_POINT('Origin',(19.9,14.5,-74.7999999798834));
#10378=CARTESIAN_POINT('',(19.9,14.5,-73.7999999798834));
#10379=CARTESIAN_POINT('',(20.9,14.5,-74.7999999798834));
#10380=CARTESIAN_POINT('Origin',(-20.1,43.,-3.));
#10381=CARTESIAN_POINT('',(-20.1,43.,-2.));
#10382=CARTESIAN_POINT('',(-20.1,44.,-3.));
#10383=CARTESIAN_POINT('Origin',(-20.1,43.,-3.));
#10384=CARTESIAN_POINT('',(-21.1,43.,-1.));
#10385=CARTESIAN_POINT('Origin',(-20.1,43.,-1.));
#10386=CARTESIAN_POINT('',(-21.1,45.,-3.));
#10387=CARTESIAN_POINT('Origin',(-21.1,43.,-3.));
#10388=CARTESIAN_POINT('Origin',(-20.1,45.,-3.));
#10389=CARTESIAN_POINT('Origin',(-20.1,14.5,-1.));
#10390=CARTESIAN_POINT('',(-20.1,14.5,-2.));
#10391=CARTESIAN_POINT('',(-21.1,14.5,-1.));
#10392=CARTESIAN_POINT('Origin',(-20.1,45.,-3.9));
#10393=CARTESIAN_POINT('',(-20.1,44.,-3.9));
#10394=CARTESIAN_POINT('',(-21.1,45.,-3.9));
#10395=CARTESIAN_POINT('Origin',(-4.10000000000001,45.,-3.));
#10396=CARTESIAN_POINT('',(-2.1,44.,-3.));
#10397=CARTESIAN_POINT('',(-4.10000000000001,44.,-1.));
#10398=CARTESIAN_POINT('Origin',(-4.10000000000001,44.,-3.));
#10399=CARTESIAN_POINT('',(-4.1,45.,-2.));
#10400=CARTESIAN_POINT('Origin',(-4.10000000000001,45.,-1.));
#10401=CARTESIAN_POINT('',(-3.1,45.,-3.));
#10402=CARTESIAN_POINT('Origin',(-4.1,45.,-3.));
#10403=CARTESIAN_POINT('Origin',(-2.1,45.,-3.));
#10404=CARTESIAN_POINT('Origin',(-16.1,47.,-3.));
#10405=CARTESIAN_POINT('',(-17.1,47.,-3.));
#10406=CARTESIAN_POINT('',(-16.1,47.,-2.));
#10407=CARTESIAN_POINT('Origin',(-16.1,47.,-3.));
#10408=CARTESIAN_POINT('',(-18.1,48.,-3.));
#10409=CARTESIAN_POINT('Origin',(-18.1,47.,-3.));
#10410=CARTESIAN_POINT('',(-16.1,48.,-1.));
#10411=CARTESIAN_POINT('Origin',(-16.1,48.,-3.));
#10412=CARTESIAN_POINT('Origin',(-16.1,47.,-1.));
#10413=CARTESIAN_POINT('Origin',(-18.1,47.,2.));
#10414=CARTESIAN_POINT('',(-18.1,48.,2.));
#10415=CARTESIAN_POINT('',(-17.1,47.,2.));
#10416=CARTESIAN_POINT('Origin',(-0.1,47.,-1.));
#10417=CARTESIAN_POINT('',(-0.1,48.,-1.));
#10418=CARTESIAN_POINT('',(-0.1,47.,-2.));
#10419=CARTESIAN_POINT('Origin',(-18.1,30.,-3.));
#10420=CARTESIAN_POINT('',(-18.1,29.,-3.));
#10421=CARTESIAN_POINT('',(-17.1,28.,-3.));
#10422=CARTESIAN_POINT('Origin',(-18.1,28.,-3.));
#10423=CARTESIAN_POINT('',(-18.1,30.,-2.));
#10424=CARTESIAN_POINT('Origin',(-18.1,30.,-3.));
#10425=CARTESIAN_POINT('',(-17.1,30.,-1.));
#10426=CARTESIAN_POINT('Origin',(-18.1,30.,-1.));
#10427=CARTESIAN_POINT('Origin',(-17.1,30.,-3.));
#10428=CARTESIAN_POINT('Origin',(-11.6,30.,-3.));
#10429=CARTESIAN_POINT('',(-11.6,30.,-2.));
#10430=CARTESIAN_POINT('',(-11.6,29.,-3.));
#10431=CARTESIAN_POINT('Ctrl Pts',(-17.1,44.,-73.7999999798834));
#10432=CARTESIAN_POINT('Ctrl Pts',(-17.1,43.9422562931249,-73.8577436867585));
#10433=CARTESIAN_POINT('Ctrl Pts',(-17.1,43.8254432068916,-73.9745567729917));
#10434=CARTESIAN_POINT('Ctrl Pts',(-17.1,43.6218580461049,-74.1781419337786));
#10435=CARTESIAN_POINT('Ctrl Pts',(-17.1,43.2857164173819,-74.5142835625015));
#10436=CARTESIAN_POINT('Ctrl Pts',(-17.1,42.9692929975113,-74.8307069823721));
#10437=CARTESIAN_POINT('Ctrl Pts',(-17.1,42.7071510114022,-75.0928489684812));
#10438=CARTESIAN_POINT('Ctrl Pts',(-17.1333383447083,43.9333233105833,-73.8333383245918));
#10439=CARTESIAN_POINT('Ctrl Pts',(-17.1320489797396,43.8803915792812,-73.8875594208627));
#10440=CARTESIAN_POINT('Ctrl Pts',(-17.1293436830814,43.7686689340098,-73.9992849383373));
#10441=CARTESIAN_POINT('Ctrl Pts',(-17.1233947818001,43.5641141956592,-74.1959326620608));
#10442=CARTESIAN_POINT('Ctrl Pts',(-17.1157822870455,43.2235785374775,-74.5216874897018));
#10443=CARTESIAN_POINT('Ctrl Pts',(-17.1,42.9106567283167,-74.809907649739));
#10444=CARTESIAN_POINT('Ctrl Pts',(-17.1,42.6608779696087,-75.0465759266877));
#10445=CARTESIAN_POINT('Ctrl Pts',(-17.2008189131868,43.79776058297,-73.9008188930702));
#10446=CARTESIAN_POINT('Ctrl Pts',(-17.1962474397018,43.7489793087152,-73.9489133154141));
#10447=CARTESIAN_POINT('Ctrl Pts',(-17.1873347992026,43.641581048317,-74.0504879339857));
#10448=CARTESIAN_POINT('Ctrl Pts',(-17.1670288124563,43.4303354670957,-74.2329823482101));
#10449=CARTESIAN_POINT('Ctrl Pts',(-17.1406180434714,43.0871841202072,-74.5336574811594));
#10450=CARTESIAN_POINT('Ctrl Pts',(-17.1,42.7871066627605,-74.7659134185905));
#10451=CARTESIAN_POINT('Ctrl Pts',(-17.1,42.5592182783861,-74.9631460909221));
#10452=CARTESIAN_POINT('Ctrl Pts',(-17.2984178654195,43.5464144971228,-73.9984178453029));
#10453=CARTESIAN_POINT('Ctrl Pts',(-17.2882382990764,43.4959287573142,-74.0378024852024));
#10454=CARTESIAN_POINT('Ctrl Pts',(-17.2654101523923,43.3802301633284,-74.1245185090069));
#10455=CARTESIAN_POINT('Ctrl Pts',(-17.2137752446957,43.1457532766409,-74.28819461945));
#10456=CARTESIAN_POINT('Ctrl Pts',(-17.1662220485575,42.8266389115556,-74.5230844663791));
#10457=CARTESIAN_POINT('Ctrl Pts',(-17.1,42.5671619499447,-74.7078392655472));
#10458=CARTESIAN_POINT('Ctrl Pts',(-17.1,42.3852431531271,-74.8701542971656));
#10459=CARTESIAN_POINT('Ctrl Pts',(-17.4019575390664,43.0640746059892,-74.1019575189498));
#10460=CARTESIAN_POINT('Ctrl Pts',(-17.3749701410593,43.0084727917662,-74.1349529593793));
#10461=CARTESIAN_POINT('Ctrl Pts',(-17.3238108429191,42.8920145113748,-74.2030088289431));
#10462=CARTESIAN_POINT('Ctrl Pts',(-17.2462268509875,42.7029485302218,-74.328169701168));
#10463=CARTESIAN_POINT('Ctrl Pts',(-17.1564846092695,42.4864796720243,-74.4959700548683));
#10464=CARTESIAN_POINT('Ctrl Pts',(-17.1,42.3029843679784,-74.6799875442206));
#10465=CARTESIAN_POINT('Ctrl Pts',(-17.1,42.1964690343389,-74.8128904342971));
#10466=CARTESIAN_POINT('Ctrl Pts',(-17.3928932188135,42.5243954489277,-74.0928931986969));
#10467=CARTESIAN_POINT('Ctrl Pts',(-17.3682031164072,42.4865613655369,-74.1175833011031));
#10468=CARTESIAN_POINT('Ctrl Pts',(-17.3084164313699,42.4082068137686,-74.1785683130153));
#10469=CARTESIAN_POINT('Ctrl Pts',(-17.208421961247,42.2902601370693,-74.3224889912983));
#10470=CARTESIAN_POINT('Ctrl Pts',(-17.1249374575673,42.1755700308039,-74.5276201961026));
#10471=CARTESIAN_POINT('Ctrl Pts',(-17.1,42.1015875619951,-74.7040173636631));
#10472=CARTESIAN_POINT('Ctrl Pts',(-17.1,42.0655909746788,-74.7999999798834));
#10473=CARTESIAN_POINT('Ctrl Pts',(-17.3928932188134,42.0001510114022,-74.0928931986969));
#10474=CARTESIAN_POINT('Ctrl Pts',(-17.3466131882076,42.0001510114022,-74.1391732293027));
#10475=CARTESIAN_POINT('Ctrl Pts',(-17.2631707516826,42.0001510114022,-74.2408482746165));
#10476=CARTESIAN_POINT('Ctrl Pts',(-17.1701649129841,42.0001510114022,-74.4148496760711));
#10477=CARTESIAN_POINT('Ctrl Pts',(-17.1128924013133,42.0001510114022,-74.6036523062092));
#10478=CARTESIAN_POINT('Ctrl Pts',(-17.1,42.0001510114022,-74.7345501329336));
#10479=CARTESIAN_POINT('Ctrl Pts',(-17.1,42.0001510114022,-74.7999999798834));
#10480=CARTESIAN_POINT('',(-17.1,42.0001510114022,-74.7999999798834));
#10481=CARTESIAN_POINT('Origin',(-18.1,42.0001510114022,-74.7999999798834));
#10482=CARTESIAN_POINT('Origin',(-17.1,42.0001510114022,-75.7998489684812));
#10483=CARTESIAN_POINT('Origin',(-18.1,4.5,-74.7999999798834));
#10484=CARTESIAN_POINT('',(-18.1,4.5,-73.7999999798834));
#10485=CARTESIAN_POINT('',(-17.1,4.5,-74.7999999798834));
#10486=CARTESIAN_POINT('Origin',(-16.1,43.,-37.8999999899417));
#10487=CARTESIAN_POINT('',(-17.1,43.,-37.8999999899417));
#10488=CARTESIAN_POINT('',(-16.1,44.,-37.8999999899417));
#10489=CARTESIAN_POINT('Origin',(-16.1,10.,-1.));
#10490=CARTESIAN_POINT('',(-16.1,9.,-1.));
#10491=CARTESIAN_POINT('',(-17.1,10.,-1.));
#10492=CARTESIAN_POINT('Origin',(-16.1,10.,-1.));
#10493=CARTESIAN_POINT('',(-16.1,8.,-2.));
#10494=CARTESIAN_POINT('Origin',(-16.1,8.,-1.));
#10495=CARTESIAN_POINT('',(-18.1,10.,-2.));
#10496=CARTESIAN_POINT('Origin',(-16.1,10.,-2.));
#10497=CARTESIAN_POINT('Origin',(-18.1,10.,-1.));
#10498=CARTESIAN_POINT('Origin',(-7.1,8.,-1.));
#10499=CARTESIAN_POINT('',(-7.1,9.,-1.));
#10500=CARTESIAN_POINT('',(-7.1,8.,-2.));
#10501=CARTESIAN_POINT('Origin',(-7.1,8.,1.));
#10502=CARTESIAN_POINT('',(-7.1,8.,2.));
#10503=CARTESIAN_POINT('',(-7.1,9.,1.));
#10504=CARTESIAN_POINT('Origin',(-7.1,8.,1.));
#10505=CARTESIAN_POINT('',(-6.1,8.,1.));
#10506=CARTESIAN_POINT('Origin',(-7.1,8.,1.));
#10507=CARTESIAN_POINT('Origin',(-7.1,8.,1.));
#10508=CARTESIAN_POINT('Origin',(-7.1,0.,1.));
#10509=CARTESIAN_POINT('',(-7.1,0.,2.));
#10510=CARTESIAN_POINT('',(-6.1,0.,1.));
#10511=CARTESIAN_POINT('Origin',(-7.1,0.,1.));
#10512=CARTESIAN_POINT('',(-6.1,0.,1.));
#10513=CARTESIAN_POINT('',(-7.1,0.,2.));
#10514=CARTESIAN_POINT('Origin',(-7.1,8.,1.));
#10515=CARTESIAN_POINT('',(-7.1,9.,1.));
#10516=CARTESIAN_POINT('',(-6.1,8.,1.));
#10517=CARTESIAN_POINT('Origin',(19.9,28.,-12.8));
#10518=CARTESIAN_POINT('',(19.9,28.,-13.8));
#10519=CARTESIAN_POINT('',(20.9,28.,-12.8));
#10520=CARTESIAN_POINT('Origin',(19.9,28.,-12.8));
#10521=CARTESIAN_POINT('',(19.9,29.,-12.8));
#10522=CARTESIAN_POINT('Origin',(19.9,28.,-12.8));
#10523=CARTESIAN_POINT('Origin',(19.9,28.,-12.8));
#10524=CARTESIAN_POINT('Origin',(-7.1,28.,-12.8));
#10525=CARTESIAN_POINT('',(-7.1,28.,-13.8));
#10526=CARTESIAN_POINT('',(-7.1,29.,-12.8));
#10527=CARTESIAN_POINT('Origin',(19.9,28.,-13.8));
#10528=CARTESIAN_POINT('',(20.9,28.,-13.8));
#10529=CARTESIAN_POINT('',(19.9,29.,-13.8));
#10530=CARTESIAN_POINT('Origin',(-20.1,24.,-12.8));
#10531=CARTESIAN_POINT('',(-20.1,24.,-13.8));
#10532=CARTESIAN_POINT('',(-21.1,24.,-12.8));
#10533=CARTESIAN_POINT('Origin',(-20.1,24.,-12.8));
#10534=CARTESIAN_POINT('',(-20.1,23.,-12.8));
#10535=CARTESIAN_POINT('Origin',(-20.1,24.,-12.8));
#10536=CARTESIAN_POINT('Origin',(-20.1,24.,-12.8));
#10537=CARTESIAN_POINT('Origin',(19.9,6.,1.));
#10538=CARTESIAN_POINT('',(19.9,6.,2.));
#10539=CARTESIAN_POINT('',(20.9,6.,1.));
#10540=CARTESIAN_POINT('Origin',(19.9,6.,1.));
#10541=CARTESIAN_POINT('',(19.9,5.,1.));
#10542=CARTESIAN_POINT('Origin',(19.9,6.,1.));
#10543=CARTESIAN_POINT('Origin',(19.9,6.,1.));
#10544=CARTESIAN_POINT('Origin',(-0.099999999999999,6.,1.));
#10545=CARTESIAN_POINT('',(-0.099999999999999,6.,2.));
#10546=CARTESIAN_POINT('',(-0.099999999999999,5.,1.));
#10547=CARTESIAN_POINT('Origin',(10.9,4.,-1.));
#10548=CARTESIAN_POINT('',(9.9,4.,-1.));
#10549=CARTESIAN_POINT('',(10.9,5.,-1.));
#10550=CARTESIAN_POINT('Origin',(10.9,4.,-1.));
#10551=CARTESIAN_POINT('',(8.9,4.,-2.));
#10552=CARTESIAN_POINT('Origin',(8.9,4.,-1.));
#10553=CARTESIAN_POINT('',(10.9,6.,-2.));
#10554=CARTESIAN_POINT('Origin',(10.9,4.,-2.));
#10555=CARTESIAN_POINT('Origin',(10.9,6.,-1.));
#10556=CARTESIAN_POINT('Origin',(8.9,0.,-1.));
#10557=CARTESIAN_POINT('',(9.9,0.,-1.));
#10558=CARTESIAN_POINT('',(8.9,0.,-2.));
#10559=CARTESIAN_POINT('Origin',(8.9,0.,-1.));
#10560=CARTESIAN_POINT('',(8.9,0.,-2.));
#10561=CARTESIAN_POINT('',(9.9,0.,-1.));
#10562=CARTESIAN_POINT('Origin',(3.9,30.,-11.8));
#10563=CARTESIAN_POINT('',(3.9,29.,-11.8));
#10564=CARTESIAN_POINT('',(3.9,28.,-10.8));
#10565=CARTESIAN_POINT('Origin',(3.9,28.,-11.8));
#10566=CARTESIAN_POINT('',(2.9,30.,-11.8));
#10567=CARTESIAN_POINT('Origin',(3.9,30.,-11.8));
#10568=CARTESIAN_POINT('',(1.9,30.,-10.8));
#10569=CARTESIAN_POINT('Origin',(1.9,30.,-11.8));
#10570=CARTESIAN_POINT('Origin',(3.9,30.,-10.8));
#10571=CARTESIAN_POINT('Origin',(3.9,30.,-9.8));
#10572=CARTESIAN_POINT('',(2.9,30.,-9.8));
#10573=CARTESIAN_POINT('',(3.9,29.,-9.8));
#10574=CARTESIAN_POINT('Origin',(1.9,35.5,-11.8));
#10575=CARTESIAN_POINT('',(2.9,35.5,-11.8));
#10576=CARTESIAN_POINT('',(1.9,35.5,-10.8));
#10577=CARTESIAN_POINT('Origin',(-18.1,22.,-3.));
#10578=CARTESIAN_POINT('',(-18.1,22.,-2.));
#10579=CARTESIAN_POINT('',(-17.1,22.,-1.));
#10580=CARTESIAN_POINT('Origin',(-18.1,22.,-1.));
#10581=CARTESIAN_POINT('',(-18.1,23.,-3.));
#10582=CARTESIAN_POINT('Origin',(-18.1,22.,-3.));
#10583=CARTESIAN_POINT('',(-17.1,24.,-3.));
#10584=CARTESIAN_POINT('Origin',(-18.1,24.,-3.));
#10585=CARTESIAN_POINT('Origin',(-17.1,22.,-3.));
#10586=CARTESIAN_POINT('Origin',(-11.6,22.,-3.));
#10587=CARTESIAN_POINT('',(-11.6,22.,-2.));
#10588=CARTESIAN_POINT('',(-11.6,23.,-3.));
#10589=CARTESIAN_POINT('Origin',(-16.1,28.,-9.8));
#10590=CARTESIAN_POINT('',(-16.1,29.,-11.8));
#10591=CARTESIAN_POINT('',(-18.1,29.,-9.8));
#10592=CARTESIAN_POINT('Origin',(-16.1,29.,-9.8));
#10593=CARTESIAN_POINT('',(-17.1,28.,-9.8));
#10594=CARTESIAN_POINT('Origin',(-18.1,28.,-9.8));
#10595=CARTESIAN_POINT('',(-16.1,28.,-10.8));
#10596=CARTESIAN_POINT('Origin',(-16.1,28.,-9.8));
#10597=CARTESIAN_POINT('Origin',(-16.1,28.,-11.8));
#10598=CARTESIAN_POINT('Origin',(-18.1,28.,-5.8));
#10599=CARTESIAN_POINT('',(-18.1,29.,-5.8));
#10600=CARTESIAN_POINT('',(-17.1,28.,-5.8));
#10601=CARTESIAN_POINT('Origin',(19.9,43.,-3.));
#10602=CARTESIAN_POINT('',(19.9,44.,-3.));
#10603=CARTESIAN_POINT('',(19.9,43.,-2.));
#10604=CARTESIAN_POINT('Origin',(19.9,43.,-3.));
#10605=CARTESIAN_POINT('',(20.9,45.,-3.));
#10606=CARTESIAN_POINT('Origin',(19.9,45.,-3.));
#10607=CARTESIAN_POINT('',(20.9,43.,-1.));
#10608=CARTESIAN_POINT('Origin',(20.9,43.,-3.));
#10609=CARTESIAN_POINT('Origin',(19.9,43.,-1.));
#10610=CARTESIAN_POINT('Origin',(19.9,45.,-7.9));
#10611=CARTESIAN_POINT('',(20.9,45.,-7.9));
#10612=CARTESIAN_POINT('',(19.9,44.,-7.9));
#10613=CARTESIAN_POINT('Origin',(19.9,14.5,-1.));
#10614=CARTESIAN_POINT('',(20.9,14.5,-1.));
#10615=CARTESIAN_POINT('',(19.9,14.5,-2.));
#10616=CARTESIAN_POINT('Origin',(15.9,47.,-3.));
#10617=CARTESIAN_POINT('',(15.9,48.,-1.));
#10618=CARTESIAN_POINT('',(17.9,48.,-3.));
#10619=CARTESIAN_POINT('Origin',(15.9,48.,-3.));
#10620=CARTESIAN_POINT('',(16.9,47.,-3.));
#10621=CARTESIAN_POINT('Origin',(17.9,47.,-3.));
#10622=CARTESIAN_POINT('',(15.9,47.,-2.));
#10623=CARTESIAN_POINT('Origin',(15.9,47.,-3.));
#10624=CARTESIAN_POINT('Origin',(15.9,47.,-1.));
#10625=CARTESIAN_POINT('Origin',(17.9,47.,0.));
#10626=CARTESIAN_POINT('',(16.9,47.,0.));
#10627=CARTESIAN_POINT('',(17.9,48.,0.));
#10628=CARTESIAN_POINT('Origin',(17.9,30.,-3.));
#10629=CARTESIAN_POINT('',(16.9,28.,-3.));
#10630=CARTESIAN_POINT('',(16.9,30.,-1.));
#10631=CARTESIAN_POINT('Origin',(16.9,30.,-3.));
#10632=CARTESIAN_POINT('',(17.9,30.,-2.));
#10633=CARTESIAN_POINT('Origin',(17.9,30.,-1.));
#10634=CARTESIAN_POINT('',(17.9,29.,-3.));
#10635=CARTESIAN_POINT('Origin',(17.9,30.,-3.));
#10636=CARTESIAN_POINT('Origin',(17.9,28.,-3.));
#10637=CARTESIAN_POINT('Origin',(3.9,45.,-3.));
#10638=CARTESIAN_POINT('',(3.9,45.,-2.));
#10639=CARTESIAN_POINT('',(2.9,45.,-3.));
#10640=CARTESIAN_POINT('Origin',(3.9,45.,-3.));
#10641=CARTESIAN_POINT('',(3.9,44.,-1.));
#10642=CARTESIAN_POINT('Origin',(3.9,45.,-1.));
#10643=CARTESIAN_POINT('',(1.9,44.,-3.));
#10644=CARTESIAN_POINT('Origin',(3.9,44.,-3.));
#10645=CARTESIAN_POINT('Origin',(1.9,45.,-3.));
#10646=CARTESIAN_POINT('Ctrl Pts',(16.9,44.,-73.7999999798834));
#10647=CARTESIAN_POINT('Ctrl Pts',(16.8422562931249,44.0577437068751,-73.7999999798834));
#10648=CARTESIAN_POINT('Ctrl Pts',(16.7254432068917,44.1745567931083,-73.7999999798834));
#10649=CARTESIAN_POINT('Ctrl Pts',(16.5218580461048,44.3781419538951,-73.7999999798834));
#10650=CARTESIAN_POINT('Ctrl Pts',(16.1857164173819,44.7142835826181,-73.7999999798834));
#10651=CARTESIAN_POINT('Ctrl Pts',(15.8692929975113,45.0307070024887,-73.7999999798834));
#10652=CARTESIAN_POINT('Ctrl Pts',(15.6071510114022,45.2928489885978,-73.7999999798834));
#10653=CARTESIAN_POINT('Ctrl Pts',(16.8666616552917,44.0666766894167,-73.7666616351751));
#10654=CARTESIAN_POINT('Ctrl Pts',(16.8124405590207,44.1196084207189,-73.7679510001439));
#10655=CARTESIAN_POINT('Ctrl Pts',(16.7007150415461,44.2313310659901,-73.770656296802));
#10656=CARTESIAN_POINT('Ctrl Pts',(16.5040673178226,44.4358858043408,-73.7766051980833));
#10657=CARTESIAN_POINT('Ctrl Pts',(16.1783124901816,44.7764214625224,-73.7842176928379));
#10658=CARTESIAN_POINT('Ctrl Pts',(15.8900923301444,45.0893432716833,-73.7999999798834));
#10659=CARTESIAN_POINT('Ctrl Pts',(15.6534240531957,45.3391220303913,-73.7999999798834));
#10660=CARTESIAN_POINT('Ctrl Pts',(16.7991810868132,44.20223941703,-73.6991810666966));
#10661=CARTESIAN_POINT('Ctrl Pts',(16.7510866644693,44.2510206912848,-73.7037525401817));
#10662=CARTESIAN_POINT('Ctrl Pts',(16.6495120458976,44.358418951683,-73.7126651806808));
#10663=CARTESIAN_POINT('Ctrl Pts',(16.4670176316733,44.5696645329043,-73.7329711674272));
#10664=CARTESIAN_POINT('Ctrl Pts',(16.166342498724,44.9128158797928,-73.759381936412));
#10665=CARTESIAN_POINT('Ctrl Pts',(15.9340865612929,45.2128933372395,-73.7999999798834));
#10666=CARTESIAN_POINT('Ctrl Pts',(15.7368538889614,45.4407817216139,-73.7999999798834));
#10667=CARTESIAN_POINT('Ctrl Pts',(16.7015821345805,44.4535855028772,-73.6015821144639));
#10668=CARTESIAN_POINT('Ctrl Pts',(16.662197494681,44.5040712426858,-73.611761680807));
#10669=CARTESIAN_POINT('Ctrl Pts',(16.5754814708765,44.6197698366716,-73.6345898274911));
#10670=CARTESIAN_POINT('Ctrl Pts',(16.4118053604334,44.8542467233591,-73.6862247351876));
#10671=CARTESIAN_POINT('Ctrl Pts',(16.1769155135043,45.1733610884444,-73.733777931326));
#10672=CARTESIAN_POINT('Ctrl Pts',(15.9921607143362,45.4328380500553,-73.7999999798834));
#10673=CARTESIAN_POINT('Ctrl Pts',(15.8298456827178,45.6147568468729,-73.7999999798834));
#10674=CARTESIAN_POINT('Ctrl Pts',(16.5980424609336,44.9359253940108,-73.498042440817));
#10675=CARTESIAN_POINT('Ctrl Pts',(16.5650470205042,44.9915272082338,-73.5250298388241));
#10676=CARTESIAN_POINT('Ctrl Pts',(16.4969911509403,45.1079854886252,-73.5761891369642));
#10677=CARTESIAN_POINT('Ctrl Pts',(16.3718302787154,45.2970514697782,-73.6537731288959));
#10678=CARTESIAN_POINT('Ctrl Pts',(16.2040299250152,45.5135203279758,-73.743515370614));
#10679=CARTESIAN_POINT('Ctrl Pts',(16.0200124356628,45.6970156320216,-73.7999999798834));
#10680=CARTESIAN_POINT('Ctrl Pts',(15.8871095455863,45.8035309656611,-73.7999999798834));
#10681=CARTESIAN_POINT('Ctrl Pts',(16.6071067811865,45.4756045510723,-73.50710676107));
#10682=CARTESIAN_POINT('Ctrl Pts',(16.5824166787803,45.5134386344631,-73.5317968634762));
#10683=CARTESIAN_POINT('Ctrl Pts',(16.5214316668681,45.5917931862314,-73.5915835485135));
#10684=CARTESIAN_POINT('Ctrl Pts',(16.3775109885851,45.7097398629306,-73.6915780186364));
#10685=CARTESIAN_POINT('Ctrl Pts',(16.1723797837808,45.8244299691961,-73.7750625223161));
#10686=CARTESIAN_POINT('Ctrl Pts',(15.9959826162203,45.8984124380049,-73.7999999798834));
#10687=CARTESIAN_POINT('Ctrl Pts',(15.9,45.9344090253212,-73.7999999798834));
#10688=CARTESIAN_POINT('Ctrl Pts',(16.6071067811865,45.9998489885978,-73.50710676107));
#10689=CARTESIAN_POINT('Ctrl Pts',(16.5608267505807,45.9998489885978,-73.5533867916758));
#10690=CARTESIAN_POINT('Ctrl Pts',(16.4591517052669,45.9998489885978,-73.6368292282008));
#10691=CARTESIAN_POINT('Ctrl Pts',(16.2851503038124,45.9998489885978,-73.7298350668993));
#10692=CARTESIAN_POINT('Ctrl Pts',(16.0963476736742,45.9998489885978,-73.7871075785701));
#10693=CARTESIAN_POINT('Ctrl Pts',(15.9654498469498,45.9998489885978,-73.7999999798834));
#10694=CARTESIAN_POINT('Ctrl Pts',(15.9,45.9998489885978,-73.7999999798834));
#10695=CARTESIAN_POINT('',(15.9,45.9998489885978,-73.7999999798834));
#10696=CARTESIAN_POINT('Origin',(15.9,45.9998489885978,-72.7999999798834));
#10697=CARTESIAN_POINT('Origin',(14.9001510114022,45.9998489885978,-73.7999999798834));
#10698=CARTESIAN_POINT('Ctrl Pts',(-17.1,44.,-2.));
#10699=CARTESIAN_POINT('Ctrl Pts',(-17.0422562931249,44.0577437068751,-2.));
#10700=CARTESIAN_POINT('Ctrl Pts',(-16.9254432068917,44.1745567931083,-2.));
#10701=CARTESIAN_POINT('Ctrl Pts',(-16.7218580461048,44.3781419538951,-2.));
#10702=CARTESIAN_POINT('Ctrl Pts',(-16.3857164173819,44.7142835826181,-2.));
#10703=CARTESIAN_POINT('Ctrl Pts',(-16.0692929975113,45.0307070024887,-2.));
#10704=CARTESIAN_POINT('Ctrl Pts',(-15.8071510114022,45.2928489885978,-2.));
#10705=CARTESIAN_POINT('Ctrl Pts',(-17.0666616552917,44.0666766894167,-2.03333834470834));
#10706=CARTESIAN_POINT('Ctrl Pts',(-17.0124405590207,44.1196084207189,-2.03204897973958));
#10707=CARTESIAN_POINT('Ctrl Pts',(-16.9007150415461,44.2313310659901,-2.02934368308141));
#10708=CARTESIAN_POINT('Ctrl Pts',(-16.7040673178226,44.4358858043408,-2.0233947818001));
#10709=CARTESIAN_POINT('Ctrl Pts',(-16.3783124901816,44.7764214625224,-2.01578228704547));
#10710=CARTESIAN_POINT('Ctrl Pts',(-16.0900923301444,45.0893432716833,-2.));
#10711=CARTESIAN_POINT('Ctrl Pts',(-15.8534240531957,45.3391220303913,-2.));
#10712=CARTESIAN_POINT('Ctrl Pts',(-16.9991810868132,44.20223941703,-2.1008189131868));
#10713=CARTESIAN_POINT('Ctrl Pts',(-16.9510866644693,44.2510206912848,-2.09624743970178));
#10714=CARTESIAN_POINT('Ctrl Pts',(-16.8495120458976,44.358418951683,-2.08733479920258));
#10715=CARTESIAN_POINT('Ctrl Pts',(-16.6670176316733,44.5696645329043,-2.06702881245626));
#10716=CARTESIAN_POINT('Ctrl Pts',(-16.366342498724,44.9128158797928,-2.0406180434714));
#10717=CARTESIAN_POINT('Ctrl Pts',(-16.1340865612929,45.2128933372395,-2.));
#10718=CARTESIAN_POINT('Ctrl Pts',(-15.9368538889614,45.4407817216139,-2.));
#10719=CARTESIAN_POINT('Ctrl Pts',(-16.9015821345805,44.4535855028772,-2.19841786541951));
#10720=CARTESIAN_POINT('Ctrl Pts',(-16.862197494681,44.5040712426858,-2.18823829907645));
#10721=CARTESIAN_POINT('Ctrl Pts',(-16.7754814708765,44.6197698366716,-2.1654101523923));
#10722=CARTESIAN_POINT('Ctrl Pts',(-16.6118053604334,44.8542467233591,-2.11377524469573));
#10723=CARTESIAN_POINT('Ctrl Pts',(-16.3769155135043,45.1733610884444,-2.06622204855751));
#10724=CARTESIAN_POINT('Ctrl Pts',(-16.1921607143362,45.4328380500553,-2.));
#10725=CARTESIAN_POINT('Ctrl Pts',(-16.0298456827178,45.6147568468729,-2.));
#10726=CARTESIAN_POINT('Ctrl Pts',(-16.7980424609336,44.9359253940108,-2.30195753906638));
#10727=CARTESIAN_POINT('Ctrl Pts',(-16.7650470205042,44.9915272082338,-2.27497014105934));
#10728=CARTESIAN_POINT('Ctrl Pts',(-16.6969911509403,45.1079854886252,-2.22381084291913));
#10729=CARTESIAN_POINT('Ctrl Pts',(-16.5718302787155,45.2970514697782,-2.14622685098751));
#10730=CARTESIAN_POINT('Ctrl Pts',(-16.4040299250152,45.5135203279758,-2.05648460926948));
#10731=CARTESIAN_POINT('Ctrl Pts',(-16.2200124356628,45.6970156320216,-2.));
#10732=CARTESIAN_POINT('Ctrl Pts',(-16.0871095455863,45.8035309656611,-2.));
#10733=CARTESIAN_POINT('Ctrl Pts',(-16.8071067811865,45.4756045510723,-2.29289321881345));
#10734=CARTESIAN_POINT('Ctrl Pts',(-16.7824166787803,45.5134386344631,-2.26820311640723));
#10735=CARTESIAN_POINT('Ctrl Pts',(-16.7214316668681,45.5917931862314,-2.20841643136992));
#10736=CARTESIAN_POINT('Ctrl Pts',(-16.5775109885851,45.7097398629306,-2.10842196124702));
#10737=CARTESIAN_POINT('Ctrl Pts',(-16.3723797837808,45.8244299691961,-2.02493745756729));
#10738=CARTESIAN_POINT('Ctrl Pts',(-16.1959826162203,45.8984124380049,-2.));
#10739=CARTESIAN_POINT('Ctrl Pts',(-16.1,45.9344090253212,-2.));
#10740=CARTESIAN_POINT('Ctrl Pts',(-16.8071067811865,45.9998489885978,-2.29289321881345));
#10741=CARTESIAN_POINT('Ctrl Pts',(-16.7608267505807,45.9998489885978,-2.24661318820763));
#10742=CARTESIAN_POINT('Ctrl Pts',(-16.6591517052669,45.9998489885978,-2.16317075168262));
#10743=CARTESIAN_POINT('Ctrl Pts',(-16.4851503038124,45.9998489885978,-2.07016491298409));
#10744=CARTESIAN_POINT('Ctrl Pts',(-16.2963476736742,45.9998489885978,-2.01289240131329));
#10745=CARTESIAN_POINT('Ctrl Pts',(-16.1654498469498,45.9998489885978,-2.));
#10746=CARTESIAN_POINT('Ctrl Pts',(-16.1,45.9998489885978,-2.));
#10747=CARTESIAN_POINT('',(-16.1,45.9998489885978,-2.));
#10748=CARTESIAN_POINT('Origin',(-16.1,45.9998489885978,-3.));
#10749=CARTESIAN_POINT('Origin',(-15.1001510114022,45.9998489885978,-2.));
#10750=CARTESIAN_POINT('Origin',(-18.1,45.,0.));
#10751=CARTESIAN_POINT('',(-17.1,45.,0.));
#10752=CARTESIAN_POINT('',(-18.1,44.,0.));
#10753=CARTESIAN_POINT('Origin',(-16.1,28.5,-3.));
#10754=CARTESIAN_POINT('',(-17.1,28.5,-3.));
#10755=CARTESIAN_POINT('',(-16.1,28.5,-2.));
#10756=CARTESIAN_POINT('Origin',(16.9,45.,-1.));
#10757=CARTESIAN_POINT('',(16.9,45.,-2.));
#10758=CARTESIAN_POINT('',(16.9,44.,-1.));
#10759=CARTESIAN_POINT('Origin',(-16.1,10.,1.));
#10760=CARTESIAN_POINT('',(-17.1,10.,1.));
#10761=CARTESIAN_POINT('',(-16.1,9.,1.));
#10762=CARTESIAN_POINT('Origin',(-16.1,10.,1.));
#10763=CARTESIAN_POINT('',(-18.1,10.,2.));
#10764=CARTESIAN_POINT('Origin',(-18.1,10.,1.));
#10765=CARTESIAN_POINT('',(-16.1,8.,2.));
#10766=CARTESIAN_POINT('Origin',(-16.1,10.,2.));
#10767=CARTESIAN_POINT('Origin',(-16.1,8.,1.));
#10768=CARTESIAN_POINT('Origin',(19.9,24.,-12.8));
#10769=CARTESIAN_POINT('',(19.9,23.,-12.8));
#10770=CARTESIAN_POINT('',(20.9,24.,-12.8));
#10771=CARTESIAN_POINT('Origin',(19.9,24.,-12.8));
#10772=CARTESIAN_POINT('',(19.9,24.,-13.8));
#10773=CARTESIAN_POINT('Origin',(19.9,24.,-12.8));
#10774=CARTESIAN_POINT('Origin',(19.9,24.,-12.8));
#10775=CARTESIAN_POINT('Origin',(-17.1,24.,-12.8));
#10776=CARTESIAN_POINT('',(-17.1,24.,-13.8));
#10777=CARTESIAN_POINT('',(-17.1,23.,-12.8));
#10778=CARTESIAN_POINT('Origin',(19.9,29.,-12.8));
#10779=CARTESIAN_POINT('',(20.9,29.,-12.8));
#10780=CARTESIAN_POINT('',(19.9,29.,-13.8));
#10781=CARTESIAN_POINT('Origin',(19.9,6.,-1.));
#10782=CARTESIAN_POINT('',(19.9,5.,-1.));
#10783=CARTESIAN_POINT('',(20.9,6.,-1.));
#10784=CARTESIAN_POINT('Origin',(19.9,6.,-1.));
#10785=CARTESIAN_POINT('',(19.9,6.,-2.));
#10786=CARTESIAN_POINT('Origin',(19.9,6.,-1.));
#10787=CARTESIAN_POINT('Origin',(19.9,6.,-1.));
#10788=CARTESIAN_POINT('Origin',(9.9,6.,-1.));
#10789=CARTESIAN_POINT('',(9.9,5.,-1.));
#10790=CARTESIAN_POINT('',(9.9,6.,-2.));
#10791=CARTESIAN_POINT('Origin',(15.9,28.,-9.8));
#10792=CARTESIAN_POINT('',(16.9,28.,-9.8));
#10793=CARTESIAN_POINT('',(15.9,28.,-10.8));
#10794=CARTESIAN_POINT('Origin',(15.9,28.,-9.8));
#10795=CARTESIAN_POINT('',(17.9,29.,-9.8));
#10796=CARTESIAN_POINT('Origin',(17.9,28.,-9.8));
#10797=CARTESIAN_POINT('',(15.9,29.,-11.8));
#10798=CARTESIAN_POINT('Origin',(15.9,29.,-9.8));
#10799=CARTESIAN_POINT('Origin',(15.9,28.,-11.8));
#10800=CARTESIAN_POINT('Origin',(17.9,28.,-7.9));
#10801=CARTESIAN_POINT('',(17.9,29.,-7.9));
#10802=CARTESIAN_POINT('',(16.9,28.,-7.9));
#10803=CARTESIAN_POINT('Origin',(-7.1,28.,-11.8));
#10804=CARTESIAN_POINT('',(-7.1,29.,-11.8));
#10805=CARTESIAN_POINT('',(-7.1,28.,-10.8));
#10806=CARTESIAN_POINT('Origin',(-16.1,24.,-9.8));
#10807=CARTESIAN_POINT('',(-17.1,24.,-9.8));
#10808=CARTESIAN_POINT('',(-16.1,24.,-10.8));
#10809=CARTESIAN_POINT('Origin',(-16.1,24.,-9.8));
#10810=CARTESIAN_POINT('',(-18.1,23.,-9.8));
#10811=CARTESIAN_POINT('Origin',(-18.1,24.,-9.8));
#10812=CARTESIAN_POINT('',(-16.1,23.,-11.8));
#10813=CARTESIAN_POINT('Origin',(-16.1,23.,-9.8));
#10814=CARTESIAN_POINT('Origin',(-16.1,24.,-11.8));
#10815=CARTESIAN_POINT('Origin',(-18.1,24.,-9.8));
#10816=CARTESIAN_POINT('',(-18.1,23.,-9.8));
#10817=CARTESIAN_POINT('',(-17.1,24.,-9.8));
#10818=CARTESIAN_POINT('Ctrl Pts',(16.9,44.,-2.));
#10819=CARTESIAN_POINT('Ctrl Pts',(16.9,44.0577437068751,-2.05774370687509));
#10820=CARTESIAN_POINT('Ctrl Pts',(16.9,44.1745567931083,-2.17455679310834));
#10821=CARTESIAN_POINT('Ctrl Pts',(16.9,44.3781419538951,-2.37814195389516));
#10822=CARTESIAN_POINT('Ctrl Pts',(16.9,44.7142835826181,-2.71428358261809));
#10823=CARTESIAN_POINT('Ctrl Pts',(16.9,45.0307070024887,-3.03070700248871));
#10824=CARTESIAN_POINT('Ctrl Pts',(16.9,45.2928489885978,-3.29284898859778));
#10825=CARTESIAN_POINT('Ctrl Pts',(16.8666616552917,44.0666766894167,-2.03333834470834));
#10826=CARTESIAN_POINT('Ctrl Pts',(16.8679510202604,44.1196084207189,-2.08755944097928));
#10827=CARTESIAN_POINT('Ctrl Pts',(16.8706563169186,44.2313310659901,-2.19928495845393));
#10828=CARTESIAN_POINT('Ctrl Pts',(16.8766052181999,44.4358858043408,-2.39593268217735));
#10829=CARTESIAN_POINT('Ctrl Pts',(16.8842177129545,44.7764214625224,-2.72168750981843));
#10830=CARTESIAN_POINT('Ctrl Pts',(16.9,45.0893432716833,-3.00990766985559));
#10831=CARTESIAN_POINT('Ctrl Pts',(16.9,45.3391220303913,-3.24657594680428));
#10832=CARTESIAN_POINT('Ctrl Pts',(16.7991810868132,44.20223941703,-2.1008189131868));
#10833=CARTESIAN_POINT('Ctrl Pts',(16.8037525602982,44.2510206912848,-2.14891333553068));
#10834=CARTESIAN_POINT('Ctrl Pts',(16.8126652007974,44.358418951683,-2.25048795410238));
#10835=CARTESIAN_POINT('Ctrl Pts',(16.8329711875437,44.5696645329043,-2.43298236832666));
#10836=CARTESIAN_POINT('Ctrl Pts',(16.8593819565286,44.9128158797928,-2.733657501276));
#10837=CARTESIAN_POINT('Ctrl Pts',(16.9,45.2128933372395,-2.96591343870705));
#10838=CARTESIAN_POINT('Ctrl Pts',(16.9,45.4407817216139,-3.16314611103861));
#10839=CARTESIAN_POINT('Ctrl Pts',(16.7015821345805,44.4535855028772,-2.19841786541951));
#10840=CARTESIAN_POINT('Ctrl Pts',(16.7117617009235,44.5040712426857,-2.23780250531896));
#10841=CARTESIAN_POINT('Ctrl Pts',(16.7345898476077,44.6197698366716,-2.32451852912347));
#10842=CARTESIAN_POINT('Ctrl Pts',(16.7862247553043,44.8542467233591,-2.48819463956656));
#10843=CARTESIAN_POINT('Ctrl Pts',(16.8337779514425,45.1733610884444,-2.7230844864957));
#10844=CARTESIAN_POINT('Ctrl Pts',(16.9,45.4328380500553,-2.90783928566383));
#10845=CARTESIAN_POINT('Ctrl Pts',(16.9,45.6147568468729,-3.07015431728219));
#10846=CARTESIAN_POINT('Ctrl Pts',(16.5980424609336,44.9359253940108,-2.30195753906638));
#10847=CARTESIAN_POINT('Ctrl Pts',(16.6250298589407,44.9915272082338,-2.33495297949585));
#10848=CARTESIAN_POINT('Ctrl Pts',(16.6761891570809,45.1079854886252,-2.4030088490597));
#10849=CARTESIAN_POINT('Ctrl Pts',(16.7537731490125,45.2970514697782,-2.52816972128455));
#10850=CARTESIAN_POINT('Ctrl Pts',(16.8435153907305,45.5135203279758,-2.69597007498479));
#10851=CARTESIAN_POINT('Ctrl Pts',(16.9,45.6970156320216,-2.87998756433716));
#10852=CARTESIAN_POINT('Ctrl Pts',(16.9,45.8035309656611,-3.0128904544137));
#10853=CARTESIAN_POINT('Ctrl Pts',(16.6071067811865,45.4756045510723,-2.29289321881345));
#10854=CARTESIAN_POINT('Ctrl Pts',(16.6317968835928,45.5134386344631,-2.31758332121968));
#10855=CARTESIAN_POINT('Ctrl Pts',(16.6915835686301,45.5917931862314,-2.37856833313185));
#10856=CARTESIAN_POINT('Ctrl Pts',(16.791578038753,45.7097398629306,-2.52248901141491));
#10857=CARTESIAN_POINT('Ctrl Pts',(16.8750625424327,45.8244299691961,-2.72762021621923));
#10858=CARTESIAN_POINT('Ctrl Pts',(16.9,45.8984124380049,-2.90401738377969));
#10859=CARTESIAN_POINT('Ctrl Pts',(16.9,45.9344090253212,-3.));
#10860=CARTESIAN_POINT('Ctrl Pts',(16.6071067811865,45.9998489885978,-2.29289321881345));
#10861=CARTESIAN_POINT('Ctrl Pts',(16.6533868117924,45.9998489885978,-2.33917324941927));
#10862=CARTESIAN_POINT('Ctrl Pts',(16.7368292483174,45.9998489885978,-2.4408482947331));
#10863=CARTESIAN_POINT('Ctrl Pts',(16.8298350870159,45.9998489885978,-2.61484969618764));
#10864=CARTESIAN_POINT('Ctrl Pts',(16.8871075986867,45.9998489885978,-2.80365232632579));
#10865=CARTESIAN_POINT('Ctrl Pts',(16.9,45.9998489885978,-2.93455015305021));
#10866=CARTESIAN_POINT('Ctrl Pts',(16.9,45.9998489885978,-3.));
#10867=CARTESIAN_POINT('',(16.9,45.9998489885978,-3.));
#10868=CARTESIAN_POINT('Origin',(15.9,45.9998489885978,-3.));
#10869=CARTESIAN_POINT('Origin',(16.9,45.9998489885978,-3.99984898859778));
#10870=CARTESIAN_POINT('Origin',(17.9,4.5,-1.));
#10871=CARTESIAN_POINT('',(17.9,4.5,-2.));
#10872=CARTESIAN_POINT('',(16.9,4.5,-1.));
#10873=CARTESIAN_POINT('Origin',(-16.1,43.,1.));
#10874=CARTESIAN_POINT('',(-16.1,44.,1.));
#10875=CARTESIAN_POINT('',(-17.1,43.,1.));
#10876=CARTESIAN_POINT('Origin',(-16.1,43.,1.));
#10877=CARTESIAN_POINT('',(-16.1,45.,2.));
#10878=CARTESIAN_POINT('Origin',(-16.1,45.,1.));
#10879=CARTESIAN_POINT('',(-18.1,43.,2.));
#10880=CARTESIAN_POINT('Origin',(-16.1,43.,2.));
#10881=CARTESIAN_POINT('Origin',(-18.1,43.,1.));
#10882=CARTESIAN_POINT('Origin',(19.9,22.,-3.));
#10883=CARTESIAN_POINT('',(19.9,23.,-3.));
#10884=CARTESIAN_POINT('',(19.9,22.,-2.));
#10885=CARTESIAN_POINT('Origin',(19.9,22.,-3.));
#10886=CARTESIAN_POINT('',(20.9,24.,-3.));
#10887=CARTESIAN_POINT('Origin',(19.9,24.,-3.));
#10888=CARTESIAN_POINT('',(20.9,22.,-1.));
#10889=CARTESIAN_POINT('Origin',(20.9,22.,-3.));
#10890=CARTESIAN_POINT('Origin',(19.9,22.,-1.));
#10891=CARTESIAN_POINT('Origin',(19.9,24.,-13.8));
#10892=CARTESIAN_POINT('',(19.9,23.,-13.8));
#10893=CARTESIAN_POINT('',(20.9,24.,-13.8));
#10894=CARTESIAN_POINT('Origin',(19.9,14.5,-1.));
#10895=CARTESIAN_POINT('',(20.9,14.5,-1.));
#10896=CARTESIAN_POINT('',(19.9,14.5,-2.));
#10897=CARTESIAN_POINT('Origin',(15.9,24.,-9.8));
#10898=CARTESIAN_POINT('',(15.9,23.,-11.8));
#10899=CARTESIAN_POINT('',(17.9,23.,-9.8));
#10900=CARTESIAN_POINT('Origin',(15.9,23.,-9.8));
#10901=CARTESIAN_POINT('',(16.9,24.,-9.8));
#10902=CARTESIAN_POINT('Origin',(17.9,24.,-9.8));
#10903=CARTESIAN_POINT('',(15.9,24.,-10.8));
#10904=CARTESIAN_POINT('Origin',(15.9,24.,-9.8));
#10905=CARTESIAN_POINT('Origin',(15.9,24.,-11.8));
#10906=CARTESIAN_POINT('Origin',(15.9,43.,1.));
#10907=CARTESIAN_POINT('',(16.9,43.,1.));
#10908=CARTESIAN_POINT('',(15.9,44.,1.));
#10909=CARTESIAN_POINT('Origin',(15.9,43.,1.));
#10910=CARTESIAN_POINT('',(17.9,43.,2.));
#10911=CARTESIAN_POINT('Origin',(17.9,43.,1.));
#10912=CARTESIAN_POINT('',(15.9,45.,2.));
#10913=CARTESIAN_POINT('Origin',(15.9,43.,2.));
#10914=CARTESIAN_POINT('Origin',(15.9,45.,1.));
#10915=CARTESIAN_POINT('Origin',(17.9,22.,-3.));
#10916=CARTESIAN_POINT('',(17.9,22.,-2.));
#10917=CARTESIAN_POINT('',(17.9,23.,-3.));
#10918=CARTESIAN_POINT('Origin',(17.9,22.,-3.));
#10919=CARTESIAN_POINT('',(16.9,22.,-1.));
#10920=CARTESIAN_POINT('Origin',(17.9,22.,-1.));
#10921=CARTESIAN_POINT('',(16.9,24.,-3.));
#10922=CARTESIAN_POINT('Origin',(16.9,22.,-3.));
#10923=CARTESIAN_POINT('Origin',(17.9,24.,-3.));
#10924=CARTESIAN_POINT('Origin',(15.9,10.,1.));
#10925=CARTESIAN_POINT('',(15.9,9.,1.));
#10926=CARTESIAN_POINT('',(16.9,10.,1.));
#10927=CARTESIAN_POINT('Origin',(15.9,10.,1.));
#10928=CARTESIAN_POINT('',(15.9,8.,2.));
#10929=CARTESIAN_POINT('Origin',(15.9,8.,1.));
#10930=CARTESIAN_POINT('',(17.9,10.,2.));
#10931=CARTESIAN_POINT('Origin',(15.9,10.,2.));
#10932=CARTESIAN_POINT('Origin',(17.9,10.,1.));
#10933=CARTESIAN_POINT('Origin',(15.9,10.,-1.));
#10934=CARTESIAN_POINT('',(16.9,10.,-1.));
#10935=CARTESIAN_POINT('',(15.9,9.,-1.));
#10936=CARTESIAN_POINT('Origin',(15.9,10.,-1.));
#10937=CARTESIAN_POINT('',(17.9,10.,-2.));
#10938=CARTESIAN_POINT('Origin',(17.9,10.,-1.));
#10939=CARTESIAN_POINT('',(15.9,8.,-2.));
#10940=CARTESIAN_POINT('Origin',(15.9,10.,-2.));
#10941=CARTESIAN_POINT('Origin',(15.9,8.,-1.));
#10942=CARTESIAN_POINT('Origin',(17.9,4.5,-1.));
#10943=CARTESIAN_POINT('',(17.9,4.5,-2.));
#10944=CARTESIAN_POINT('',(16.9,4.5,-1.));
#10945=CARTESIAN_POINT('Origin',(6.9,8.,1.));
#10946=CARTESIAN_POINT('',(5.9,8.,1.));
#10947=CARTESIAN_POINT('',(6.9,9.,1.));
#10948=CARTESIAN_POINT('Origin',(6.9,8.,1.));
#10949=CARTESIAN_POINT('',(6.9,8.,2.));
#10950=CARTESIAN_POINT('Origin',(6.9,8.,1.));
#10951=CARTESIAN_POINT('Origin',(6.9,8.,1.));
#10952=CARTESIAN_POINT('Origin',(6.9,0.,1.));
#10953=CARTESIAN_POINT('',(5.9,0.,1.));
#10954=CARTESIAN_POINT('',(6.9,0.,2.));
#10955=CARTESIAN_POINT('Origin',(6.9,0.,1.));
#10956=CARTESIAN_POINT('',(6.9,0.,2.));
#10957=CARTESIAN_POINT('',(5.9,0.,1.));
#10958=CARTESIAN_POINT('Origin',(-1.1,8.,1.));
#10959=CARTESIAN_POINT('',(-1.1,9.,1.));
#10960=CARTESIAN_POINT('',(-1.1,8.,2.));
#10961=CARTESIAN_POINT('Origin',(6.9,8.,-1.));
#10962=CARTESIAN_POINT('',(6.9,8.,-2.));
#10963=CARTESIAN_POINT('',(6.9,9.,-1.));
#10964=CARTESIAN_POINT('Origin',(6.9,8.,-1.));
#10965=CARTESIAN_POINT('',(5.9,8.,-1.));
#10966=CARTESIAN_POINT('Origin',(6.9,8.,-1.));
#10967=CARTESIAN_POINT('Origin',(6.9,8.,-1.));
#10968=CARTESIAN_POINT('Origin',(6.9,0.,-1.));
#10969=CARTESIAN_POINT('',(6.9,0.,-2.));
#10970=CARTESIAN_POINT('',(5.9,0.,-1.));
#10971=CARTESIAN_POINT('Origin',(6.9,0.,-1.));
#10972=CARTESIAN_POINT('',(5.9,0.,-1.));
#10973=CARTESIAN_POINT('',(6.9,0.,-2.));
#10974=CARTESIAN_POINT('Origin',(6.9,8.,-1.));
#10975=CARTESIAN_POINT('',(6.9,9.,-1.));
#10976=CARTESIAN_POINT('',(5.9,8.,-1.));
#10977=CARTESIAN_POINT('Origin',(8.9,8.,-1.));
#10978=CARTESIAN_POINT('',(8.9,8.,-2.));
#10979=CARTESIAN_POINT('',(8.9,9.,-1.));
#10980=CARTESIAN_POINT('Origin',(15.9,10.,-1.));
#10981=CARTESIAN_POINT('',(15.9,9.,-1.));
#10982=CARTESIAN_POINT('',(16.9,10.,-1.));
#10983=CARTESIAN_POINT('Origin',(17.9,4.5,1.));
#10984=CARTESIAN_POINT('',(16.9,4.5,1.));
#10985=CARTESIAN_POINT('',(17.9,4.5,2.));
#10986=CARTESIAN_POINT('Origin',(17.9,24.,-7.9));
#10987=CARTESIAN_POINT('',(17.9,23.,-7.9));
#10988=CARTESIAN_POINT('',(16.9,24.,-7.9));
#10989=CARTESIAN_POINT('Origin',(-3.6,22.,-3.));
#10990=CARTESIAN_POINT('',(-3.6,22.,-2.));
#10991=CARTESIAN_POINT('',(-3.6,23.,-3.));
#10992=CARTESIAN_POINT('Origin',(3.4,45.,1.));
#10993=CARTESIAN_POINT('',(3.4,44.,1.));
#10994=CARTESIAN_POINT('',(3.4,45.,2.));
#10995=CARTESIAN_POINT('Origin',(15.9,43.,-2.));
#10996=CARTESIAN_POINT('',(16.9,43.,-2.));
#10997=CARTESIAN_POINT('',(15.9,44.,-2.));
#10998=CARTESIAN_POINT('Origin',(15.9,16.,-9.8));
#10999=CARTESIAN_POINT('',(16.9,16.,-9.8));
#11000=CARTESIAN_POINT('',(15.9,16.,-10.8));
#11001=CARTESIAN_POINT('Origin',(-17.1,24.,-11.8));
#11002=CARTESIAN_POINT('',(-17.1,23.,-11.8));
#11003=CARTESIAN_POINT('',(-17.1,24.,-10.8));
#11004=CARTESIAN_POINT('Origin',(-18.1,11.5,1.));
#11005=CARTESIAN_POINT('',(-18.1,11.5,2.));
#11006=CARTESIAN_POINT('',(-17.1,11.5,1.));
#11007=CARTESIAN_POINT('Origin',(-16.1,43.,-3.9));
#11008=CARTESIAN_POINT('',(-17.1,43.,-3.9));
#11009=CARTESIAN_POINT('',(-16.1,44.,-3.9));
#11010=CARTESIAN_POINT('Origin',(16.9,45.,-1.));
#11011=CARTESIAN_POINT('',(16.9,45.,-2.));
#11012=CARTESIAN_POINT('',(16.9,44.,-1.));
#11013=CARTESIAN_POINT('Origin',(15.9,28.5,-3.));
#11014=CARTESIAN_POINT('',(16.9,28.5,-3.));
#11015=CARTESIAN_POINT('',(15.9,28.5,-2.));
#11016=CARTESIAN_POINT('Origin',(17.9,45.,-2.));
#11017=CARTESIAN_POINT('',(17.9,44.,-2.));
#11018=CARTESIAN_POINT('',(16.9,45.,-2.));
#11019=CARTESIAN_POINT('Origin',(15.4,43.,-3.));
#11020=CARTESIAN_POINT('',(15.4,43.,-2.));
#11021=CARTESIAN_POINT('',(15.4,44.,-3.));
#11022=CARTESIAN_POINT('Origin',(-16.1,23.,-9.8));
#11023=CARTESIAN_POINT('',(-17.1,23.,-9.8));
#11024=CARTESIAN_POINT('',(-16.1,23.,-10.8));
#11025=CARTESIAN_POINT('Origin',(19.9,6.,-5.9));
#11026=CARTESIAN_POINT('',(20.9,6.,-5.9));
#11027=CARTESIAN_POINT('',(19.9,5.,-5.9));
#11028=CARTESIAN_POINT('Origin',(-9.1,8.,1.));
#11029=CARTESIAN_POINT('',(-9.1,8.,2.));
#11030=CARTESIAN_POINT('',(-9.1,9.,1.));
#11031=CARTESIAN_POINT('Origin',(-16.1,10.,-2.9));
#11032=CARTESIAN_POINT('',(-16.1,9.,-2.9));
#11033=CARTESIAN_POINT('',(-17.1,10.,-2.9));
#11034=CARTESIAN_POINT('Origin',(-18.1,11.5,-1.));
#11035=CARTESIAN_POINT('',(-17.1,11.5,-1.));
#11036=CARTESIAN_POINT('',(-18.1,11.5,-2.));
#11037=CARTESIAN_POINT('Origin',(-11.6,43.,-3.));
#11038=CARTESIAN_POINT('',(-11.6,43.,-2.));
#11039=CARTESIAN_POINT('',(-11.6,44.,-3.));
#11040=CARTESIAN_POINT('Origin',(15.9,26.5,-72.7999999798834));
#11041=CARTESIAN_POINT('',(16.9,26.5,-72.7999999798834));
#11042=CARTESIAN_POINT('',(15.9,26.5,-73.7999999798834));
#11043=CARTESIAN_POINT('Origin',(16.8999998234212,45.,-74.7999999798834));
#11044=CARTESIAN_POINT('',(16.8999998234212,44.,-74.7999999798834));
#11045=CARTESIAN_POINT('',(16.8999998234212,45.,-73.7999999798834));
#11046=CARTESIAN_POINT('Origin',(15.9,43.,-39.8999999899417));
#11047=CARTESIAN_POINT('',(16.9,43.,-39.8999999899417));
#11048=CARTESIAN_POINT('',(15.9,44.,-39.8999999899417));
#11049=CARTESIAN_POINT('Origin',(17.9,4.5,-74.7999999798834));
#11050=CARTESIAN_POINT('',(16.9,4.5,-74.7999999798834));
#11051=CARTESIAN_POINT('',(17.9,4.5,-73.7999999798834));
#11052=CARTESIAN_POINT('Origin',(13.3999999117106,43.,-72.7999999798834));
#11053=CARTESIAN_POINT('',(13.3999999117106,43.,-73.7999999798834));
#11054=CARTESIAN_POINT('',(13.3999999117106,44.,-72.7999999798834));
#11055=CARTESIAN_POINT('Origin',(1.9,45.,-3.9));
#11056=CARTESIAN_POINT('',(2.9,45.,-3.9));
#11057=CARTESIAN_POINT('',(1.9,44.,-3.9));
#11058=CARTESIAN_POINT('Origin',(3.9,48.,-3.));
#11059=CARTESIAN_POINT('',(3.9,48.,-2.));
#11060=CARTESIAN_POINT('',(2.9,48.,-3.));
#11061=CARTESIAN_POINT('Origin',(6.4,30.,-3.));
#11062=CARTESIAN_POINT('',(6.4,30.,-2.));
#11063=CARTESIAN_POINT('',(6.4,29.,-3.));
#11064=CARTESIAN_POINT('Origin',(-0.1,47.,-1.));
#11065=CARTESIAN_POINT('',(-0.1,48.,-1.));
#11066=CARTESIAN_POINT('',(-0.1,47.,-2.));
#11067=CARTESIAN_POINT('Origin',(-17.1,28.,-11.8));
#11068=CARTESIAN_POINT('',(-17.1,29.,-11.8));
#11069=CARTESIAN_POINT('',(-17.1,28.,-10.8));
#11070=CARTESIAN_POINT('Origin',(-18.1,11.5,-1.));
#11071=CARTESIAN_POINT('',(-17.1,11.5,-1.));
#11072=CARTESIAN_POINT('',(-18.1,11.5,-2.));
#11073=CARTESIAN_POINT('Origin',(10.9,4.,2.));
#11074=CARTESIAN_POINT('',(9.9,4.,2.));
#11075=CARTESIAN_POINT('',(10.9,5.,2.));
#11076=CARTESIAN_POINT('Origin',(19.9,14.5,1.));
#11077=CARTESIAN_POINT('',(19.9,14.5,2.));
#11078=CARTESIAN_POINT('',(20.9,14.5,1.));
#11079=CARTESIAN_POINT('Origin',(-20.1,24.,-9.8));
#11080=CARTESIAN_POINT('',(-21.1,24.,-9.8));
#11081=CARTESIAN_POINT('',(-20.1,23.,-9.8));
#11082=CARTESIAN_POINT('Origin',(-20.1,29.,-12.8));
#11083=CARTESIAN_POINT('',(-21.1,29.,-12.8));
#11084=CARTESIAN_POINT('',(-20.1,29.,-13.8));
#11085=CARTESIAN_POINT('Origin',(-16.1,26.5,-72.7999999798834));
#11086=CARTESIAN_POINT('',(-17.1,26.5,-72.7999999798834));
#11087=CARTESIAN_POINT('',(-16.1,26.5,-73.7999999798834));
#11088=CARTESIAN_POINT('Origin',(-13.5999999094754,43.,-72.7999999798834));
#11089=CARTESIAN_POINT('',(-13.5999999094754,43.,-73.7999999798834));
#11090=CARTESIAN_POINT('',(-13.5999999094754,44.,-72.7999999798834));
#11091=CARTESIAN_POINT('Origin',(-4.1,48.,-3.));
#11092=CARTESIAN_POINT('',(-4.1,48.,-2.));
#11093=CARTESIAN_POINT('',(-3.1,48.,-3.));
#11094=CARTESIAN_POINT('Origin',(-2.1,45.,-2.));
#11095=CARTESIAN_POINT('',(-2.1,44.,-2.));
#11096=CARTESIAN_POINT('',(-3.1,45.,-2.));
#11097=CARTESIAN_POINT('Origin',(-0.10000008828938,47.,-74.7999999798834));
#11098=CARTESIAN_POINT('',(-0.10000008828938,47.,-73.7999999798834));
#11099=CARTESIAN_POINT('',(-0.10000008828938,48.,-74.7999999798834));
#11100=CARTESIAN_POINT('Origin',(15.9,10.,-38.8999999899417));
#11101=CARTESIAN_POINT('',(15.9,9.,-38.8999999899417));
#11102=CARTESIAN_POINT('',(16.9,10.,-38.8999999899417));
#11103=CARTESIAN_POINT('Origin',(-0.100000000000002,43.,-9.8));
#11104=CARTESIAN_POINT('',(-0.100000000000002,44.,-9.8));
#11105=CARTESIAN_POINT('',(-0.100000000000002,43.,-10.8));
#11106=CARTESIAN_POINT('Origin',(-2.1,35.5,-11.8));
#11107=CARTESIAN_POINT('',(-3.1,35.5,-11.8));
#11108=CARTESIAN_POINT('',(-2.1,35.5,-10.8));
#11109=CARTESIAN_POINT('Origin',(-20.1,14.5,-1.));
#11110=CARTESIAN_POINT('',(-20.1,14.5,-2.));
#11111=CARTESIAN_POINT('',(-21.1,14.5,-1.));
#11112=CARTESIAN_POINT('Origin',(1.9,38.5,-12.8));
#11113=CARTESIAN_POINT('',(1.9,38.5,-13.8));
#11114=CARTESIAN_POINT('',(2.9,38.5,-12.8));
#11115=CARTESIAN_POINT('Origin',(8.9,0.,1.));
#11116=CARTESIAN_POINT('',(8.9,0.,2.));
#11117=CARTESIAN_POINT('',(9.9,0.,1.));
#11118=CARTESIAN_POINT('Origin',(8.9,0.,1.));
#11119=CARTESIAN_POINT('',(9.9,0.,1.));
#11120=CARTESIAN_POINT('',(8.9,0.,2.));
#11121=CARTESIAN_POINT('Origin',(19.9,47.,-5.9));
#11122=CARTESIAN_POINT('',(19.9,48.,-5.9));
#11123=CARTESIAN_POINT('',(20.9,47.,-5.9));
#11124=CARTESIAN_POINT('Origin',(-13.6,47.,1.));
#11125=CARTESIAN_POINT('',(-13.6,48.,1.));
#11126=CARTESIAN_POINT('',(-13.6,47.,2.));
#11127=CARTESIAN_POINT('Origin',(-20.1,28.,-5.8));
#11128=CARTESIAN_POINT('',(-20.1,29.,-5.8));
#11129=CARTESIAN_POINT('',(-21.1,28.,-5.8));
#11130=CARTESIAN_POINT('Origin',(-9.09999981895089,8.,-74.7999999798834));
#11131=CARTESIAN_POINT('',(-9.09999981895089,8.,-73.7999999798834));
#11132=CARTESIAN_POINT('',(-9.09999981895089,9.,-74.7999999798834));
#11133=CARTESIAN_POINT('Origin',(-16.1,10.,-36.8999999899417));
#11134=CARTESIAN_POINT('',(-16.1,9.,-36.8999999899417));
#11135=CARTESIAN_POINT('',(-17.1,10.,-36.8999999899417));
#11136=CARTESIAN_POINT('Origin',(-20.1,14.5,-74.7999999798834));
#11137=CARTESIAN_POINT('',(-21.1,14.5,-74.7999999798834));
#11138=CARTESIAN_POINT('',(-20.1,14.5,-73.7999999798834));
#11139=CARTESIAN_POINT('Origin',(-2.1,47.,-2.77555756156289E-16));
#11140=CARTESIAN_POINT('',(-2.1,48.,-2.77555756156289E-16));
#11141=CARTESIAN_POINT('',(-3.1,47.,-2.77555756156289E-16));
#11142=CARTESIAN_POINT('Origin',(6.89999982342124,8.,-76.7999999798834));
#11143=CARTESIAN_POINT('',(6.89999982342124,9.,-76.7999999798834));
#11144=CARTESIAN_POINT('',(5.89999982342124,8.,-76.7999999798834));
#11145=CARTESIAN_POINT('Origin',(8.89999982342124,8.,-76.7999999798834));
#11146=CARTESIAN_POINT('',(8.89999982342124,8.,-77.7999999798834));
#11147=CARTESIAN_POINT('',(8.89999982342124,9.,-76.7999999798834));
#11148=CARTESIAN_POINT('Origin',(-17.1,47.,-12.8));
#11149=CARTESIAN_POINT('',(-17.1,47.,-13.8));
#11150=CARTESIAN_POINT('',(-17.1,48.,-12.8));
#11151=CARTESIAN_POINT('Origin',(-2.1,38.5,-12.8));
#11152=CARTESIAN_POINT('',(-3.1,38.5,-12.8));
#11153=CARTESIAN_POINT('',(-2.1,38.5,-13.8));
#11154=CARTESIAN_POINT('Origin',(-20.1,47.,-1.9));
#11155=CARTESIAN_POINT('',(-21.1,47.,-1.9));
#11156=CARTESIAN_POINT('',(-20.1,48.,-1.9));
#11157=CARTESIAN_POINT('Origin',(-20.1,6.,-41.7999999899417));
#11158=CARTESIAN_POINT('',(-21.1,6.,-41.7999999899417));
#11159=CARTESIAN_POINT('',(-20.1,5.,-41.7999999899417));
#11160=CARTESIAN_POINT('Origin',(8.89999982342124,0.,-74.7999999798834));
#11161=CARTESIAN_POINT('',(8.89999982342124,0.,-73.7999999798834));
#11162=CARTESIAN_POINT('',(9.89999982342124,0.,-74.7999999798834));
#11163=CARTESIAN_POINT('Origin',(8.89999982342124,0.,-74.7999999798834));
#11164=CARTESIAN_POINT('',(9.89999982342124,0.,-74.7999999798834));
#11165=CARTESIAN_POINT('',(8.89999982342124,0.,-73.7999999798834));
#11166=CARTESIAN_POINT('Origin',(10.8999998234212,4.,-73.7999999798834));
#11167=CARTESIAN_POINT('',(9.89999982342124,4.,-73.7999999798834));
#11168=CARTESIAN_POINT('',(10.8999998234212,5.,-73.7999999798834));
#11169=CARTESIAN_POINT('Origin',(-9.1,0.,-1.));
#11170=CARTESIAN_POINT('',(-9.1,0.,-2.));
#11171=CARTESIAN_POINT('',(-10.1,0.,-1.));
#11172=CARTESIAN_POINT('Origin',(-9.1,0.,-1.));
#11173=CARTESIAN_POINT('',(-10.1,0.,-1.));
#11174=CARTESIAN_POINT('',(-9.1,0.,-2.));
#11175=CARTESIAN_POINT('Origin',(-11.1,4.,-2.));
#11176=CARTESIAN_POINT('',(-10.1,4.,-2.));
#11177=CARTESIAN_POINT('',(-11.1,5.,-2.));
#11178=CARTESIAN_POINT('Origin',(-11.0999998189509,4.,-77.7999999798834));
#11179=CARTESIAN_POINT('',(-10.0999998189509,4.,-77.7999999798834));
#11180=CARTESIAN_POINT('',(-11.0999998189509,5.,-77.7999999798834));
#11181=CARTESIAN_POINT('Origin',(-9.09999981895089,0.,-76.7999999798834));
#11182=CARTESIAN_POINT('',(-9.09999981895089,0.,-77.7999999798834));
#11183=CARTESIAN_POINT('',(-10.0999998189509,0.,-76.7999999798834));
#11184=CARTESIAN_POINT('Origin',(-9.09999981895089,0.,-76.7999999798834));
#11185=CARTESIAN_POINT('',(-10.0999998189509,0.,-76.7999999798834));
#11186=CARTESIAN_POINT('',(-9.09999981895089,0.,-77.7999999798834));
#11187=CARTESIAN_POINT('Origin',(-10.0999998189509,0.,-73.7999999798834));
#11188=CARTESIAN_POINT('',(-10.0999998189509,0.,-73.7999999798834));
#11189=CARTESIAN_POINT('Origin',(-10.0999998189509,0.,-77.7999999798834));
#11190=CARTESIAN_POINT('',(-10.0999998189509,0.,-77.7999999798834));
#11191=CARTESIAN_POINT('Origin',(-8.09999981895089,0.,-75.7999999798834));
#11192=CARTESIAN_POINT('',(-6.09999981895089,0.,-77.7999999798834));
#11193=CARTESIAN_POINT('',(-6.09999981895089,0.,-73.7999999798834));
#11194=CARTESIAN_POINT('',(-8.99999981895089,0.,-75.7999999798834));
#11195=CARTESIAN_POINT('Origin',(-8.09999981895089,0.,-75.7999999798834));
#11196=CARTESIAN_POINT('Origin',(9.89999982342124,0.,-73.7999999798834));
#11197=CARTESIAN_POINT('',(9.89999982342124,0.,-73.7999999798834));
#11198=CARTESIAN_POINT('Origin',(9.9,0.,-2.));
#11199=CARTESIAN_POINT('',(9.9,0.,-2.));
#11200=CARTESIAN_POINT('Origin',(9.9,0.,2.));
#11201=CARTESIAN_POINT('',(9.9,0.,2.));
#11202=CARTESIAN_POINT('Origin',(7.9,0.,0.));
#11203=CARTESIAN_POINT('',(5.9,0.,2.));
#11204=CARTESIAN_POINT('',(5.9,0.,-2.));
#11205=CARTESIAN_POINT('',(7.,0.,1.10218211923262E-16));
#11206=CARTESIAN_POINT('Origin',(7.9,0.,0.));
#11207=CARTESIAN_POINT('Origin',(-10.1,0.,-2.));
#11208=CARTESIAN_POINT('',(-10.1,0.,-2.));
#11209=CARTESIAN_POINT('Origin',(-10.0999998189509,5.,-77.7999999798834));
#11210=CARTESIAN_POINT('Origin',(-8.09999981895089,9.,-75.7999999798834));
#11211=CARTESIAN_POINT('',(-8.99999981895089,9.,-75.7999999798834));
#11212=CARTESIAN_POINT('Origin',(-8.09999981895089,9.,-75.7999999798834));
#11213=CARTESIAN_POINT('Origin',(-10.1,5.,-2.));
#11214=CARTESIAN_POINT('Origin',(9.89999982342124,5.,-73.7999999798834));
#11215=CARTESIAN_POINT('Origin',(7.89999982342124,9.,-75.7999999798834));
#11216=CARTESIAN_POINT('',(6.99999982342124,9.,-75.7999999798834));
#11217=CARTESIAN_POINT('Origin',(7.89999982342124,9.,-75.7999999798834));
#11218=CARTESIAN_POINT('Origin',(-21.1,29.,-5.8));
#11219=CARTESIAN_POINT('Origin',(-17.1,9.,2.));
#11220=CARTESIAN_POINT('Origin',(-8.1,9.,0.));
#11221=CARTESIAN_POINT('',(-9.,9.,1.10218211923262E-16));
#11222=CARTESIAN_POINT('Origin',(-8.1,9.,0.));
#11223=CARTESIAN_POINT('Origin',(-17.1,23.,-10.8));
#11224=CARTESIAN_POINT('Origin',(2.9,48.,-5.8));
#11225=CARTESIAN_POINT('Origin',(-17.1,29.,-5.8));
#11226=CARTESIAN_POINT('Origin',(-17.1,48.,2.));
#11227=CARTESIAN_POINT('Origin',(16.8999998234212,44.,-77.7999999798834));
#11228=CARTESIAN_POINT('Origin',(16.8999998234212,44.,-73.7999999798834));
#11229=CARTESIAN_POINT('Origin',(16.9,9.,-2.));
#11230=CARTESIAN_POINT('Origin',(-6.1,0.,-2.));
#11231=CARTESIAN_POINT('Origin',(16.9,48.,-2.));
#11232=CARTESIAN_POINT('Origin',(-17.1,9.,2.));
#11233=CARTESIAN_POINT('Origin',(-17.1,44.,-2.));
#11234=CARTESIAN_POINT('Origin',(-17.1,29.,-13.8));
#11235=CARTESIAN_POINT('Origin',(9.9,5.,2.));
#11236=CARTESIAN_POINT('Origin',(2.9,29.,-13.8));
#11237=CARTESIAN_POINT('Origin',(9.9,0.,-2.));
#11238=CARTESIAN_POINT('Origin',(16.9,48.,-2.));
#11239=CARTESIAN_POINT('Origin',(16.9,9.,-2.));
#11240=CARTESIAN_POINT('Origin',(20.9,44.,-2.));
#11241=CARTESIAN_POINT('Origin',(20.9,29.,-13.8));
#11242=CARTESIAN_POINT('Origin',(-17.1,23.,-13.8));
#11243=CARTESIAN_POINT('Origin',(16.9,9.,-2.));
#11244=CARTESIAN_POINT('Origin',(7.9,9.,0.));
#11245=CARTESIAN_POINT('',(7.,9.,1.10218211923262E-16));
#11246=CARTESIAN_POINT('Origin',(7.9,9.,0.));
#11247=CARTESIAN_POINT('Origin',(16.9,44.,-2.));
#11248=CARTESIAN_POINT('Origin',(-17.1,23.,-5.8));
#11249=CARTESIAN_POINT('Origin',(-3.1,48.,-2.));
#11250=CARTESIAN_POINT('Origin',(-8.09999981895089,0.,-75.7999999798834));
#11251=CARTESIAN_POINT('',(-8.99999981895089,0.,-75.7999999798834));
#11252=CARTESIAN_POINT('Origin',(-6.09999981895089,0.,-73.7999999798834));
#11253=CARTESIAN_POINT('Origin',(7.89999982342124,0.,-75.7999999798834));
#11254=CARTESIAN_POINT('',(6.99999982342124,0.,-75.7999999798834));
#11255=CARTESIAN_POINT('',(6.99999982342124,0.,-75.7999999798834));
#11256=CARTESIAN_POINT('Origin',(7.89999982342124,0.,-75.7999999798834));
#11257=CARTESIAN_POINT('Origin',(5.89999982342124,0.,-73.7999999798834));
#11258=CARTESIAN_POINT('',(5.89999982342124,0.,-73.7999999798834));
#11259=CARTESIAN_POINT('Origin',(5.89999982342124,0.,-77.7999999798834));
#11260=CARTESIAN_POINT('',(5.89999982342124,0.,-77.7999999798834));
#11261=CARTESIAN_POINT('Origin',(9.89999982342124,0.,-77.7999999798834));
#11262=CARTESIAN_POINT('',(9.89999982342124,0.,-77.7999999798834));
#11263=CARTESIAN_POINT('Origin',(7.89999982342124,0.,-75.7999999798834));
#11264=CARTESIAN_POINT('Origin',(7.9,0.,0.));
#11265=CARTESIAN_POINT('',(7.,0.,1.10218211923262E-16));
#11266=CARTESIAN_POINT('Origin',(5.9,0.,-2.));
#11267=CARTESIAN_POINT('Origin',(-8.1,0.,0.));
#11268=CARTESIAN_POINT('',(-9.,0.,1.10218211923262E-16));
#11269=CARTESIAN_POINT('',(-9.,0.,1.10218211923262E-16));
#11270=CARTESIAN_POINT('Origin',(-8.1,0.,0.));
#11271=CARTESIAN_POINT('Origin',(-10.1,0.,2.));
#11272=CARTESIAN_POINT('',(-10.1,0.,2.));
#11273=CARTESIAN_POINT('Origin',(-6.1,0.,-2.));
#11274=CARTESIAN_POINT('',(-6.1,0.,-2.));
#11275=CARTESIAN_POINT('Origin',(-6.1,0.,2.));
#11276=CARTESIAN_POINT('',(-6.1,0.,2.));
#11277=CARTESIAN_POINT('Origin',(-8.1,0.,0.));
#11278=UNCERTAINTY_MEASURE_WITH_UNIT(LENGTH_MEASURE(0.01),#11282,
'DISTANCE_ACCURACY_VALUE',
'Maximum model space distance between geometric entities at asserted c
onnectivities');
#11279=UNCERTAINTY_MEASURE_WITH_UNIT(LENGTH_MEASURE(0.01),#11282,
'DISTANCE_ACCURACY_VALUE',
'Maximum model space distance between geometric entities at asserted c
onnectivities');
#11280=(
GEOMETRIC_REPRESENTATION_CONTEXT(3)
GLOBAL_UNCERTAINTY_ASSIGNED_CONTEXT((#11278))
GLOBAL_UNIT_ASSIGNED_CONTEXT((#11282,#11284,#11285))
REPRESENTATION_CONTEXT('','3D')
);
#11281=(
GEOMETRIC_REPRESENTATION_CONTEXT(3)
GLOBAL_UNCERTAINTY_ASSIGNED_CONTEXT((#11279))
GLOBAL_UNIT_ASSIGNED_CONTEXT((#11282,#11284,#11285))
REPRESENTATION_CONTEXT('','3D')
);
#11282=(
LENGTH_UNIT()
NAMED_UNIT(*)
SI_UNIT(.MILLI.,.METRE.)
);
#11283=(
LENGTH_UNIT()
NAMED_UNIT(*)
SI_UNIT($,.METRE.)
);
#11284=(
NAMED_UNIT(*)
PLANE_ANGLE_UNIT()
SI_UNIT($,.RADIAN.)
);
#11285=(
NAMED_UNIT(*)
SI_UNIT($,.STERADIAN.)
SOLID_ANGLE_UNIT()
);
#11286=SHAPE_DEFINITION_REPRESENTATION(#11287,#11288);
#11287=PRODUCT_DEFINITION_SHAPE('',$,#11290);
#11288=SHAPE_REPRESENTATION('',(#4940),#11280);
#11289=PRODUCT_DEFINITION_CONTEXT('part definition',#11294,'design');
#11290=PRODUCT_DEFINITION('Joystick cage','Joystick cage v3',#11291,#11289);
#11291=PRODUCT_DEFINITION_FORMATION('',$,#11296);
#11292=PRODUCT_RELATED_PRODUCT_CATEGORY('Joystick cage v3',
'Joystick cage v3',(#11296));
#11293=APPLICATION_PROTOCOL_DEFINITION('international standard',
'automotive_design',2009,#11294);
#11294=APPLICATION_CONTEXT(
'Core Data for Automotive Mechanical Design Process');
#11295=PRODUCT_CONTEXT('part definition',#11294,'mechanical');
#11296=PRODUCT('Joystick cage','Joystick cage v3',$,(#11295));
#11297=PRESENTATION_STYLE_ASSIGNMENT((#11298));
#11298=SURFACE_STYLE_USAGE(.BOTH.,#11299);
#11299=SURFACE_SIDE_STYLE('',(#11300));
#11300=SURFACE_STYLE_FILL_AREA(#11301);
#11301=FILL_AREA_STYLE('Steel - Satin',(#11302));
#11302=FILL_AREA_STYLE_COLOUR('Steel - Satin',#11303);
#11303=COLOUR_RGB('Steel - Satin',0.627450980392157,0.627450980392157,0.627450980392157);
ENDSEC;
END-ISO-10303-21;
